Workbook

Sheet Bjälklag (C20-25)
A1: Slagg mängd | B1: Gjuttemperatur | C1: Temperatur motgjutningsyta | D1: Väderskydd, uppvärmning (ingen vind) | E1: Täckning [mm] | F1: Temperatur | G1: Vind | H1: <7 d och >70% [Dagar] | I1: OK<7 dagar | J1: Kommentar | K1: Åtgärdskåd
A2: 0.3 | B2: 15 °C | C2: 20 °C | D2: Vindskydd | E2: Presenning | F2: 20 | G2: 0 | H2: 7 | I2: OK7 | K2: =Table141719202122[[#This Row],[Slagg mängd]]&Table141719202122[[#This Row],[Gjuttemperatur]]&Table141719202122[[#This Row],[Temperatur motgjutningsyta]]&Table141719202122[[#This Row],[Väderskydd, uppvärmning (ingen vind)]]&Table141719202122[[#This Row],[Täckning '[mm']]]&Table141719202122[[#This Row],[OK<7 dagar]]&Table141719202122[[#This Row],[Kommentar]] -> 0,315 °C20 °CVindskyddPresenningOK7 | O2: funkar utan väderskydd
A3: 0.2 | B3: 15 °C | C3: 20 °C | D3: - | E3: - | F3: 20 | G3: 2 | H3: 6.8 | I3: OK7 | K3: =Table141719202122[[#This Row],[Slagg mängd]]&Table141719202122[[#This Row],[Gjuttemperatur]]&Table141719202122[[#This Row],[Temperatur motgjutningsyta]]&Table141719202122[[#This Row],[Väderskydd, uppvärmning (ingen vind)]]&Table141719202122[[#This Row],[Täckning '[mm']]]&Table141719202122[[#This Row],[OK<7 dagar]]&Table141719202122[[#This Row],[Kommentar]] -> 0,215 °C20 °C--OK7 | O3: funkar utan väderskydd
A4: 0.2 | B4: 15 °C | C4: 20 °C | D4: - | E4: - | F4: 20 | G4: 7 | H4: 7 | I4: OK7 | K4: =Table141719202122[[#This Row],[Slagg mängd]]&Table141719202122[[#This Row],[Gjuttemperatur]]&Table141719202122[[#This Row],[Temperatur motgjutningsyta]]&Table141719202122[[#This Row],[Väderskydd, uppvärmning (ingen vind)]]&Table141719202122[[#This Row],[Täckning '[mm']]]&Table141719202122[[#This Row],[OK<7 dagar]]&Table141719202122[[#This Row],[Kommentar]] -> 0,215 °C20 °C--OK7 | O4: funkar utan väderskydd
A5: 0.2 | B5: 15 °C | C5: 20 °C | D5: - | E5: - | F5: 20 | G5: 12 | H5: 7 | I5: OK7 | K5: =Table141719202122[[#This Row],[Slagg mängd]]&Table141719202122[[#This Row],[Gjuttemperatur]]&Table141719202122[[#This Row],[Temperatur motgjutningsyta]]&Table141719202122[[#This Row],[Väderskydd, uppvärmning (ingen vind)]]&Table141719202122[[#This Row],[Täckning '[mm']]]&Table141719202122[[#This Row],[OK<7 dagar]]&Table141719202122[[#This Row],[Kommentar]] -> 0,215 °C20 °C--OK7 | O5: funkar utan väderskydd
A6: 0.2 | B6: 15 °C | C6: 20 °C | D6: - | E6: - | F6: 20 | G6: 20 | H6: 7 | I6: OK7 | K6: =Table141719202122[[#This Row],[Slagg mängd]]&Table141719202122[[#This Row],[Gjuttemperatur]]&Table141719202122[[#This Row],[Temperatur motgjutningsyta]]&Table141719202122[[#This Row],[Väderskydd, uppvärmning (ingen vind)]]&Table141719202122[[#This Row],[Täckning '[mm']]]&Table141719202122[[#This Row],[OK<7 dagar]]&Table141719202122[[#This Row],[Kommentar]] -> 0,215 °C20 °C--OK7 | O6: funkar utan väderskydd
A7: 0.1 | B7: 15 °C | C7: 20 °C | D7: - | E7: - | F7: 15 | G7: 0 | H7: 6.2 | I7: OK7 | K7: =Table141719202122[[#This Row],[Slagg mängd]]&Table141719202122[[#This Row],[Gjuttemperatur]]&Table141719202122[[#This Row],[Temperatur motgjutningsyta]]&Table141719202122[[#This Row],[Väderskydd, uppvärmning (ingen vind)]]&Table141719202122[[#This Row],[Täckning '[mm']]]&Table141719202122[[#This Row],[OK<7 dagar]]&Table141719202122[[#This Row],[Kommentar]] -> 0,115 °C20 °C--OK7
A8: 0.1 | B8: 15 °C | C8: 20 °C | D8: Vindskydd | E8: - | F8: 15 | G8: 2 | H8: 6.9 | I8: OK7 | K8: =Table141719202122[[#This Row],[Slagg mängd]]&Table141719202122[[#This Row],[Gjuttemperatur]]&Table141719202122[[#This Row],[Temperatur motgjutningsyta]]&Table141719202122[[#This Row],[Väderskydd, uppvärmning (ingen vind)]]&Table141719202122[[#This Row],[Täckning '[mm']]]&Table141719202122[[#This Row],[OK<7 dagar]]&Table141719202122[[#This Row],[Kommentar]] -> 0,115 °C20 °CVindskydd-OK7
A9: 0.1 | B9: 15 °C | C9: 20 °C | D9: Vindskydd | E9: - | F9: 15 | G9: 7 | H9: 7 | I9: OK7 | K9: =Table141719202122[[#This Row],[Slagg mängd]]&Table141719202122[[#This Row],[Gjuttemperatur]]&Table141719202122[[#This Row],[Temperatur motgjutningsyta]]&Table141719202122[[#This Row],[Väderskydd, uppvärmning (ingen vind)]]&Table141719202122[[#This Row],[Täckning '[mm']]]&Table141719202122[[#This Row],[OK<7 dagar]]&Table141719202122[[#This Row],[Kommentar]] -> 0,115 °C20 °CVindskydd-OK7
A10: 0.1 | B10: 15 °C | C10: 20 °C | D10: Vindskydd | E10: Presenning | F10: 15 | G10: 12 | H10: 6.9 | I10: OK7 | K10: =Table141719202122[[#This Row],[Slagg mängd]]&Table141719202122[[#This Row],[Gjuttemperatur]]&Table141719202122[[#This Row],[Temperatur motgjutningsyta]]&Table141719202122[[#This Row],[Väderskydd, uppvärmning (ingen vind)]]&Table141719202122[[#This Row],[Täckning '[mm']]]&Table141719202122[[#This Row],[OK<7 dagar]]&Table141719202122[[#This Row],[Kommentar]] -> 0,115 °C20 °CVindskyddPresenningOK7
A11: 0.1 | B11: 15 °C | C11: 20 °C | D11: Vindskydd | E11: Presenning | F11: 15 | G11: 20 | H11: 6.9 | I11: OK7 | K11: =Table141719202122[[#This Row],[Slagg mängd]]&Table141719202122[[#This Row],[Gjuttemperatur]]&Table141719202122[[#This Row],[Temperatur motgjutningsyta]]&Table141719202122[[#This Row],[Väderskydd, uppvärmning (ingen vind)]]&Table141719202122[[#This Row],[Täckning '[mm']]]&Table141719202122[[#This Row],[OK<7 dagar]]&Table141719202122[[#This Row],[Kommentar]] -> 0,115 °C20 °CVindskyddPresenningOK7
A12: Bas+0% | B12: 15 °C | C12: 20 °C | D12: - | E12: - | F12: 10 | G12: 0 | H12: 6.3 | I12: OK7 | K12: =Table141719202122[[#This Row],[Slagg mängd]]&Table141719202122[[#This Row],[Gjuttemperatur]]&Table141719202122[[#This Row],[Temperatur motgjutningsyta]]&Table141719202122[[#This Row],[Väderskydd, uppvärmning (ingen vind)]]&Table141719202122[[#This Row],[Täckning '[mm']]]&Table141719202122[[#This Row],[OK<7 dagar]]&Table141719202122[[#This Row],[Kommentar]] -> Bas+0%15 °C20 °C--OK7
A13: Bas+0% | B13: 15 °C | C13: 20 °C | D13: Vindskydd | E13: - | F13: 10 | G13: 2 | H13: 7 | I13: OK7 | K13: =Table141719202122[[#This Row],[Slagg mängd]]&Table141719202122[[#This Row],[Gjuttemperatur]]&Table141719202122[[#This Row],[Temperatur motgjutningsyta]]&Table141719202122[[#This Row],[Väderskydd, uppvärmning (ingen vind)]]&Table141719202122[[#This Row],[Täckning '[mm']]]&Table141719202122[[#This Row],[OK<7 dagar]]&Table141719202122[[#This Row],[Kommentar]] -> Bas+0%15 °C20 °CVindskydd-OK7
A14: - | B14: - | C14: - | D14: - | E14: - | F14: 10 | G14: 7 | J14: Når ej 70% | K14: =Table141719202122[[#This Row],[Slagg mängd]]&Table141719202122[[#This Row],[Gjuttemperatur]]&Table141719202122[[#This Row],[Temperatur motgjutningsyta]]&Table141719202122[[#This Row],[Väderskydd, uppvärmning (ingen vind)]]&Table141719202122[[#This Row],[Täckning '[mm']]]&Table141719202122[[#This Row],[OK<7 dagar]]&Table141719202122[[#This Row],[Kommentar]] -> -----Når ej 70%
A15: - | B15: - | C15: - | D15: - | E15: - | F15: 10 | G15: 12 | J15: Når ej 70% | K15: =Table141719202122[[#This Row],[Slagg mängd]]&Table141719202122[[#This Row],[Gjuttemperatur]]&Table141719202122[[#This Row],[Temperatur motgjutningsyta]]&Table141719202122[[#This Row],[Väderskydd, uppvärmning (ingen vind)]]&Table141719202122[[#This Row],[Täckning '[mm']]]&Table141719202122[[#This Row],[OK<7 dagar]]&Table141719202122[[#This Row],[Kommentar]] -> -----Når ej 70%
A16: - | B16: - | C16: - | D16: - | E16: - | F16: 10 | G16: 20 | J16: Når ej 70% | K16: =Table141719202122[[#This Row],[Slagg mängd]]&Table141719202122[[#This Row],[Gjuttemperatur]]&Table141719202122[[#This Row],[Temperatur motgjutningsyta]]&Table141719202122[[#This Row],[Väderskydd, uppvärmning (ingen vind)]]&Table141719202122[[#This Row],[Täckning '[mm']]]&Table141719202122[[#This Row],[OK<7 dagar]]&Table141719202122[[#This Row],[Kommentar]] -> -----Når ej 70%
A17: 0.4 | B17: =Förutsättningar!M$21 -> 20 | C17: =Förutsättningar!N$21 -> 5 | D17: Vindskydd och 20 °C uppvärmning | E17: 30 mm | F17: 5 | G17: 0 | H17: 6.8 | I17: OK7 | K17: =Table141719202122[[#This Row],[Slagg mängd]]&Table141719202122[[#This Row],[Gjuttemperatur]]&Table141719202122[[#This Row],[Temperatur motgjutningsyta]]&Table141719202122[[#This Row],[Väderskydd, uppvärmning (ingen vind)]]&Table141719202122[[#This Row],[Täckning '[mm']]]&Table141719202122[[#This Row],[OK<7 dagar]]&Table141719202122[[#This Row],[Kommentar]] -> 0,4205Vindskydd och 20 °C uppvärmning30 mmOK7
A18: 0.4 | B18: =Förutsättningar!M$21 -> 20 | C18: =Förutsättningar!N$21 -> 5 | D18: Vindskydd och 20 °C uppvärmning | E18: 30 mm | F18: 5 | G18: 2 | H18: 6.9 | I18: OK7 | K18: =Table141719202122[[#This Row],[Slagg mängd]]&Table141719202122[[#This Row],[Gjuttemperatur]]&Table141719202122[[#This Row],[Temperatur motgjutningsyta]]&Table141719202122[[#This Row],[Väderskydd, uppvärmning (ingen vind)]]&Table141719202122[[#This Row],[Täckning '[mm']]]&Table141719202122[[#This Row],[OK<7 dagar]]&Table141719202122[[#This Row],[Kommentar]] -> 0,4205Vindskydd och 20 °C uppvärmning30 mmOK7
A19: 0.4 | B19: =Förutsättningar!M$21 -> 20 | C19: =Förutsättningar!N$21 -> 5 | D19: Vindskydd och 20 °C uppvärmning | E19: 50 mm | F19: 5 | G19: 7 | H19: 6.3 | I19: OK7 | K19: =Table141719202122[[#This Row],[Slagg mängd]]&Table141719202122[[#This Row],[Gjuttemperatur]]&Table141719202122[[#This Row],[Temperatur motgjutningsyta]]&Table141719202122[[#This Row],[Väderskydd, uppvärmning (ingen vind)]]&Table141719202122[[#This Row],[Täckning '[mm']]]&Table141719202122[[#This Row],[OK<7 dagar]]&Table141719202122[[#This Row],[Kommentar]] -> 0,4205Vindskydd och 20 °C uppvärmning50 mmOK7
A20: 0.4 | B20: =Förutsättningar!M$21 -> 20 | C20: =Förutsättningar!N$21 -> 5 | D20: Vindskydd och 20 °C uppvärmning | E20: 50 mm | F20: 5 | G20: 12 | H20: 6.3 | I20: OK7 | K20: =Table141719202122[[#This Row],[Slagg mängd]]&Table141719202122[[#This Row],[Gjuttemperatur]]&Table141719202122[[#This Row],[Temperatur motgjutningsyta]]&Table141719202122[[#This Row],[Väderskydd, uppvärmning (ingen vind)]]&Table141719202122[[#This Row],[Täckning '[mm']]]&Table141719202122[[#This Row],[OK<7 dagar]]&Table141719202122[[#This Row],[Kommentar]] -> 0,4205Vindskydd och 20 °C uppvärmning50 mmOK7
A21: 0.4 | B21: =Förutsättningar!M$21 -> 20 | C21: =Förutsättningar!N$21 -> 5 | D21: Vindskydd och 20 °C uppvärmning | E21: 50 mm | F21: 5 | G21: 20 | H21: 6.3 | I21: OK7 | K21: =Table141719202122[[#This Row],[Slagg mängd]]&Table141719202122[[#This Row],[Gjuttemperatur]]&Table141719202122[[#This Row],[Temperatur motgjutningsyta]]&Table141719202122[[#This Row],[Väderskydd, uppvärmning (ingen vind)]]&Table141719202122[[#This Row],[Täckning '[mm']]]&Table141719202122[[#This Row],[OK<7 dagar]]&Table141719202122[[#This Row],[Kommentar]] -> 0,4205Vindskydd och 20 °C uppvärmning50 mmOK7
A22: 0.3 | B22: =Förutsättningar!M$22 -> 20 | C22: =Förutsättningar!N$22 -> 5 | D22: Vindskydd och 20 °C uppvärmning | E22: 50 mm | F22: 0 | G22: 0 | H22: 6.9 | I22: OK7 | K22: =Table141719202122[[#This Row],[Slagg mängd]]&Table141719202122[[#This Row],[Gjuttemperatur]]&Table141719202122[[#This Row],[Temperatur motgjutningsyta]]&Table141719202122[[#This Row],[Väderskydd, uppvärmning (ingen vind)]]&Table141719202122[[#This Row],[Täckning '[mm']]]&Table141719202122[[#This Row],[OK<7 dagar]]&Table141719202122[[#This Row],[Kommentar]] -> 0,3205Vindskydd och 20 °C uppvärmning50 mmOK7
A23: 0.3 | B23: =Förutsättningar!M$22 -> 20 | C23: =Förutsättningar!N$22 -> 5 | D23: Vindskydd och 20 °C uppvärmning | E23: 50 mm | F23: 0 | G23: 2 | H23: 7 | I23: OK7 | K23: =Table141719202122[[#This Row],[Slagg mängd]]&Table141719202122[[#This Row],[Gjuttemperatur]]&Table141719202122[[#This Row],[Temperatur motgjutningsyta]]&Table141719202122[[#This Row],[Väderskydd, uppvärmning (ingen vind)]]&Table141719202122[[#This Row],[Täckning '[mm']]]&Table141719202122[[#This Row],[OK<7 dagar]]&Table141719202122[[#This Row],[Kommentar]] -> 0,3205Vindskydd och 20 °C uppvärmning50 mmOK7
A24: 0.2 | B24: =Förutsättningar!M$22 -> 20 | C24: =Förutsättningar!N$22 -> 5 | D24: Vindskydd och 20 °C uppvärmning | E24: 50 mm | F24: 0 | G24: 7 | H24: 6.1 | I24: OK7 | K24: =Table141719202122[[#This Row],[Slagg mängd]]&Table141719202122[[#This Row],[Gjuttemperatur]]&Table141719202122[[#This Row],[Temperatur motgjutningsyta]]&Table141719202122[[#This Row],[Väderskydd, uppvärmning (ingen vind)]]&Table141719202122[[#This Row],[Täckning '[mm']]]&Table141719202122[[#This Row],[OK<7 dagar]]&Table141719202122[[#This Row],[Kommentar]] -> 0,2205Vindskydd och 20 °C uppvärmning50 mmOK7
A25: 0.2 | B25: =Förutsättningar!M$22 -> 20 | C25: =Förutsättningar!N$22 -> 5 | D25: Vindskydd och 20 °C uppvärmning | E25: 50 mm | F25: 0 | G25: 12 | H25: 6.2 | I25: OK7 | K25: =Table141719202122[[#This Row],[Slagg mängd]]&Table141719202122[[#This Row],[Gjuttemperatur]]&Table141719202122[[#This Row],[Temperatur motgjutningsyta]]&Table141719202122[[#This Row],[Väderskydd, uppvärmning (ingen vind)]]&Table141719202122[[#This Row],[Täckning '[mm']]]&Table141719202122[[#This Row],[OK<7 dagar]]&Table141719202122[[#This Row],[Kommentar]] -> 0,2205Vindskydd och 20 °C uppvärmning50 mmOK7
A26: 0.2 | B26: =Förutsättningar!M$22 -> 20 | C26: =Förutsättningar!N$22 -> 5 | D26: Vindskydd och 20 °C uppvärmning | E26: 50 mm | F26: 0 | G26: 20 | H26: 6.2 | I26: OK7 | K26: =Table141719202122[[#This Row],[Slagg mängd]]&Table141719202122[[#This Row],[Gjuttemperatur]]&Table141719202122[[#This Row],[Temperatur motgjutningsyta]]&Table141719202122[[#This Row],[Väderskydd, uppvärmning (ingen vind)]]&Table141719202122[[#This Row],[Täckning '[mm']]]&Table141719202122[[#This Row],[OK<7 dagar]]&Table141719202122[[#This Row],[Kommentar]] -> 0,2205Vindskydd och 20 °C uppvärmning50 mmOK7
A27: 0.1 | B27: =Förutsättningar!M$23 -> 20 | C27: =Förutsättningar!N$23 -> 5 | D27: Vindskydd och 20 °C uppvärmning | E27: 30 mm | F27: -5 | G27: 0 | H27: 6.4 | I27: OK7 | K27: =Table141719202122[[#This Row],[Slagg mängd]]&Table141719202122[[#This Row],[Gjuttemperatur]]&Table141719202122[[#This Row],[Temperatur motgjutningsyta]]&Table141719202122[[#This Row],[Väderskydd, uppvärmning (ingen vind)]]&Table141719202122[[#This Row],[Täckning '[mm']]]&Table141719202122[[#This Row],[OK<7 dagar]]&Table141719202122[[#This Row],[Kommentar]] -> 0,1205Vindskydd och 20 °C uppvärmning30 mmOK7
A28: 0.1 | B28: =Förutsättningar!M$23 -> 20 | C28: =Förutsättningar!N$23 -> 5 | D28: Vindskydd och 20 °C uppvärmning | E28: 30 mm | F28: -5 | G28: 2 | H28: 6.8 | I28: OK7 | K28: =Table141719202122[[#This Row],[Slagg mängd]]&Table141719202122[[#This Row],[Gjuttemperatur]]&Table141719202122[[#This Row],[Temperatur motgjutningsyta]]&Table141719202122[[#This Row],[Väderskydd, uppvärmning (ingen vind)]]&Table141719202122[[#This Row],[Täckning '[mm']]]&Table141719202122[[#This Row],[OK<7 dagar]]&Table141719202122[[#This Row],[Kommentar]] -> 0,1205Vindskydd och 20 °C uppvärmning30 mmOK7
A29: 0.1 | B29: =Förutsättningar!M$23 -> 20 | C29: =Förutsättningar!N$23 -> 5 | D29: Vindskydd och 20 °C uppvärmning | E29: 50 mm | F29: -5 | G29: 7 | H29: 5.8 | I29: OK7 | K29: =Table141719202122[[#This Row],[Slagg mängd]]&Table141719202122[[#This Row],[Gjuttemperatur]]&Table141719202122[[#This Row],[Temperatur motgjutningsyta]]&Table141719202122[[#This Row],[Väderskydd, uppvärmning (ingen vind)]]&Table141719202122[[#This Row],[Täckning '[mm']]]&Table141719202122[[#This Row],[OK<7 dagar]]&Table141719202122[[#This Row],[Kommentar]] -> 0,1205Vindskydd och 20 °C uppvärmning50 mmOK7
A30: 0.1 | B30: =Förutsättningar!M$23 -> 20 | C30: =Förutsättningar!N$23 -> 5 | D30: Vindskydd och 20 °C uppvärmning | E30: 50 mm | F30: -5 | G30: 12 | H30: 6 | I30: OK7 | K30: =Table141719202122[[#This Row],[Slagg mängd]]&Table141719202122[[#This Row],[Gjuttemperatur]]&Table141719202122[[#This Row],[Temperatur motgjutningsyta]]&Table141719202122[[#This Row],[Väderskydd, uppvärmning (ingen vind)]]&Table141719202122[[#This Row],[Täckning '[mm']]]&Table141719202122[[#This Row],[OK<7 dagar]]&Table141719202122[[#This Row],[Kommentar]] -> 0,1205Vindskydd och 20 °C uppvärmning50 mmOK7
A31: 0.1 | B31: =Förutsättningar!M$23 -> 20 | C31: =Förutsättningar!N$23 -> 5 | D31: Vindskydd och 20 °C uppvärmning | E31: 50 mm | F31: -5 | G31: 20 | H31: 6 | I31: OK7 | K31: =Table141719202122[[#This Row],[Slagg mängd]]&Table141719202122[[#This Row],[Gjuttemperatur]]&Table141719202122[[#This Row],[Temperatur motgjutningsyta]]&Table141719202122[[#This Row],[Väderskydd, uppvärmning (ingen vind)]]&Table141719202122[[#This Row],[Täckning '[mm']]]&Table141719202122[[#This Row],[OK<7 dagar]]&Table141719202122[[#This Row],[Kommentar]] -> 0,1205Vindskydd och 20 °C uppvärmning50 mmOK7
A32: Bas+0% | B32: =Förutsättningar!M$24 -> 20 | C32: =Förutsättningar!N$24 -> 5 | D32: Vindskydd och 20 °C uppvärmning | E32: 30 mm | F32: -10 | G32: 0 | H32: 6.2 | I32: OK7 | K32: =Table141719202122[[#This Row],[Slagg mängd]]&Table141719202122[[#This Row],[Gjuttemperatur]]&Table141719202122[[#This Row],[Temperatur motgjutningsyta]]&Table141719202122[[#This Row],[Väderskydd, uppvärmning (ingen vind)]]&Table141719202122[[#This Row],[Täckning '[mm']]]&Table141719202122[[#This Row],[OK<7 dagar]]&Table141719202122[[#This Row],[Kommentar]] -> Bas+0%205Vindskydd och 20 °C uppvärmning30 mmOK7
A33: Bas+0% | B33: =Förutsättningar!M$24 -> 20 | C33: =Förutsättningar!N$24 -> 5 | D33: Vindskydd och 20 °C uppvärmning | E33: 30 mm | F33: -10 | G33: 2 | H33: 6.8 | I33: OK7 | K33: =Table141719202122[[#This Row],[Slagg mängd]]&Table141719202122[[#This Row],[Gjuttemperatur]]&Table141719202122[[#This Row],[Temperatur motgjutningsyta]]&Table141719202122[[#This Row],[Väderskydd, uppvärmning (ingen vind)]]&Table141719202122[[#This Row],[Täckning '[mm']]]&Table141719202122[[#This Row],[OK<7 dagar]]&Table141719202122[[#This Row],[Kommentar]] -> Bas+0%205Vindskydd och 20 °C uppvärmning30 mmOK7
A34: Bas+0% | B34: =Förutsättningar!M$24 -> 20 | C34: =Förutsättningar!N$24 -> 5 | D34: Vindskydd och 20 °C uppvärmning | E34: 50 mm | F34: -10 | G34: 7 | H34: 5.5 | I34: OK7 | K34: =Table141719202122[[#This Row],[Slagg mängd]]&Table141719202122[[#This Row],[Gjuttemperatur]]&Table141719202122[[#This Row],[Temperatur motgjutningsyta]]&Table141719202122[[#This Row],[Väderskydd, uppvärmning (ingen vind)]]&Table141719202122[[#This Row],[Täckning '[mm']]]&Table141719202122[[#This Row],[OK<7 dagar]]&Table141719202122[[#This Row],[Kommentar]] -> Bas+0%205Vindskydd och 20 °C uppvärmning50 mmOK7
A35: - | B35: - | C35: - | D35: - | E35: - | F35: -10 | G35: 12 | J35: Frys innan täck | K35: =Table141719202122[[#This Row],[Slagg mängd]]&Table141719202122[[#This Row],[Gjuttemperatur]]&Table141719202122[[#This Row],[Temperatur motgjutningsyta]]&Table141719202122[[#This Row],[Väderskydd, uppvärmning (ingen vind)]]&Table141719202122[[#This Row],[Täckning '[mm']]]&Table141719202122[[#This Row],[OK<7 dagar]]&Table141719202122[[#This Row],[Kommentar]] -> -----Frys innan täck
A36: - | B36: - | C36: - | D36: - | E36: - | F36: -10 | G36: 20 | J36: Frys innan täck | K36: =Table141719202122[[#This Row],[Slagg mängd]]&Table141719202122[[#This Row],[Gjuttemperatur]]&Table141719202122[[#This Row],[Temperatur motgjutningsyta]]&Table141719202122[[#This Row],[Väderskydd, uppvärmning (ingen vind)]]&Table141719202122[[#This Row],[Täckning '[mm']]]&Table141719202122[[#This Row],[OK<7 dagar]]&Table141719202122[[#This Row],[Kommentar]] -> -----Frys innan täck
A37: - | B37: - | C37: - | D37: - | E37: - | F37: -15 | G37: 0 | J37: Når ej 70% | K37: =Table141719202122[[#This Row],[Slagg mängd]]&Table141719202122[[#This Row],[Gjuttemperatur]]&Table141719202122[[#This Row],[Temperatur motgjutningsyta]]&Table141719202122[[#This Row],[Väderskydd, uppvärmning (ingen vind)]]&Table141719202122[[#This Row],[Täckning '[mm']]]&Table141719202122[[#This Row],[OK<7 dagar]]&Table141719202122[[#This Row],[Kommentar]] -> -----Når ej 70%
A38: - | B38: - | C38: - | D38: - | E38: - | F38: -15 | G38: 2 | J38: Når ej 70% | K38: =Table141719202122[[#This Row],[Slagg mängd]]&Table141719202122[[#This Row],[Gjuttemperatur]]&Table141719202122[[#This Row],[Temperatur motgjutningsyta]]&Table141719202122[[#This Row],[Väderskydd, uppvärmning (ingen vind)]]&Table141719202122[[#This Row],[Täckning '[mm']]]&Table141719202122[[#This Row],[OK<7 dagar]]&Table141719202122[[#This Row],[Kommentar]] -> -----Når ej 70%
A39: - | B39: - | C39: - | D39: - | E39: - | F39: -15 | G39: 7 | J39: Frys innan täck | K39: =Table141719202122[[#This Row],[Slagg mängd]]&Table141719202122[[#This Row],[Gjuttemperatur]]&Table141719202122[[#This Row],[Temperatur motgjutningsyta]]&Table141719202122[[#This Row],[Väderskydd, uppvärmning (ingen vind)]]&Table141719202122[[#This Row],[Täckning '[mm']]]&Table141719202122[[#This Row],[OK<7 dagar]]&Table141719202122[[#This Row],[Kommentar]] -> -----Frys innan täck
A40: - | B40: - | C40: - | D40: - | E40: - | F40: -15 | G40: 12 | J40: Frys innan täck | K40: =Table141719202122[[#This Row],[Slagg mängd]]&Table141719202122[[#This Row],[Gjuttemperatur]]&Table141719202122[[#This Row],[Temperatur motgjutningsyta]]&Table141719202122[[#This Row],[Väderskydd, uppvärmning (ingen vind)]]&Table141719202122[[#This Row],[Täckning '[mm']]]&Table141719202122[[#This Row],[OK<7 dagar]]&Table141719202122[[#This Row],[Kommentar]] -> -----Frys innan täck
A41: - | B41: - | C41: - | D41: - | E41: - | F41: -15 | G41: 20 | J41: Frys innan täck | K41: =Table141719202122[[#This Row],[Slagg mängd]]&Table141719202122[[#This Row],[Gjuttemperatur]]&Table141719202122[[#This Row],[Temperatur motgjutningsyta]]&Table141719202122[[#This Row],[Väderskydd, uppvärmning (ingen vind)]]&Table141719202122[[#This Row],[Täckning '[mm']]]&Table141719202122[[#This Row],[OK<7 dagar]]&Table141719202122[[#This Row],[Kommentar]] -> -----Frys innan täck
A42: - | B42: - | C42: - | D42: - | E42: - | F42: -20 | G42: 0 | J42: Når ej 70% | K42: =Table141719202122[[#This Row],[Slagg mängd]]&Table141719202122[[#This Row],[Gjuttemperatur]]&Table141719202122[[#This Row],[Temperatur motgjutningsyta]]&Table141719202122[[#This Row],[Väderskydd, uppvärmning (ingen vind)]]&Table141719202122[[#This Row],[Täckning '[mm']]]&Table141719202122[[#This Row],[OK<7 dagar]]&Table141719202122[[#This Row],[Kommentar]] -> -----Når ej 70%
A43: - | B43: - | C43: - | D43: - | E43: - | F43: -20 | G43: 2 | J43: Når ej 70% | K43: =Table141719202122[[#This Row],[Slagg mängd]]&Table141719202122[[#This Row],[Gjuttemperatur]]&Table141719202122[[#This Row],[Temperatur motgjutningsyta]]&Table141719202122[[#This Row],[Väderskydd, uppvärmning (ingen vind)]]&Table141719202122[[#This Row],[Täckning '[mm']]]&Table141719202122[[#This Row],[OK<7 dagar]]&Table141719202122[[#This Row],[Kommentar]] -> -----Når ej 70%
A44: - | B44: - | C44: - | D44: - | E44: - | F44: -20 | G44: 7 | J44: Frys innan täck | K44: =Table141719202122[[#This Row],[Slagg mängd]]&Table141719202122[[#This Row],[Gjuttemperatur]]&Table141719202122[[#This Row],[Temperatur motgjutningsyta]]&Table141719202122[[#This Row],[Väderskydd, uppvärmning (ingen vind)]]&Table141719202122[[#This Row],[Täckning '[mm']]]&Table141719202122[[#This Row],[OK<7 dagar]]&Table141719202122[[#This Row],[Kommentar]] -> -----Frys innan täck
A45: - | B45: - | C45: - | D45: - | E45: - | F45: -20 | G45: 12 | J45: Frys innan täck | K45: =Table141719202122[[#This Row],[Slagg mängd]]&Table141719202122[[#This Row],[Gjuttemperatur]]&Table141719202122[[#This Row],[Temperatur motgjutningsyta]]&Table141719202122[[#This Row],[Väderskydd, uppvärmning (ingen vind)]]&Table141719202122[[#This Row],[Täckning '[mm']]]&Table141719202122[[#This Row],[OK<7 dagar]]&Table141719202122[[#This Row],[Kommentar]] -> -----Frys innan täck
A46: - | B46: - | C46: - | D46: - | E46: - | F46: -20 | G46: 20 | J46: Frys innan täck | K46: =Table141719202122[[#This Row],[Slagg mängd]]&Table141719202122[[#This Row],[Gjuttemperatur]]&Table141719202122[[#This Row],[Temperatur motgjutningsyta]]&Table141719202122[[#This Row],[Väderskydd, uppvärmning (ingen vind)]]&Table141719202122[[#This Row],[Täckning '[mm']]]&Table141719202122[[#This Row],[OK<7 dagar]]&Table141719202122[[#This Row],[Kommentar]] -> -----Frys innan täck

Sheet Bjälklag (C25-30)
A1: Slagg mängd | B1: Gjuttemperatur | C1: Temperatur motgjutningsyta | D1: Väderskydd, uppvärmning (ingen vind) | E1: Täckning [mm] | F1: Temperatur | G1: Vind | H1: <7 d och >70% [Dagar] | I1: OK<7 dagar | J1: Kommentar | K1: Åtgärdskåd
A2: 0.4 | B2: =Förutsättningar!M$18 -> 15 | C2: =Förutsättningar!N$18 -> 20 | D2: 0 | E2: Presenning | F2: 20 | G2: 0 | H2: 7 | I2: OK7 | K2: =Table1417192021[[#This Row],[Slagg mängd]]&Table1417192021[[#This Row],[Gjuttemperatur]]&Table1417192021[[#This Row],[Temperatur motgjutningsyta]]&Table1417192021[[#This Row],[Väderskydd, uppvärmning (ingen vind)]]&Table1417192021[[#This Row],[Täckning '[mm']]]&Table1417192021[[#This Row],[OK<7 dagar]]&Table1417192021[[#This Row],[Kommentar]] -> 0,415200PresenningOK7
A3: 0.3 | B3: =Förutsättningar!$M$18 -> 15 | C3: =Förutsättningar!N$18 -> 20 | D3: - | E3: - | F3: 20 | G3: 2 | H3: 6.8 | I3: OK7 | K3: =Table1417192021[[#This Row],[Slagg mängd]]&Table1417192021[[#This Row],[Gjuttemperatur]]&Table1417192021[[#This Row],[Temperatur motgjutningsyta]]&Table1417192021[[#This Row],[Väderskydd, uppvärmning (ingen vind)]]&Table1417192021[[#This Row],[Täckning '[mm']]]&Table1417192021[[#This Row],[OK<7 dagar]]&Table1417192021[[#This Row],[Kommentar]] -> 0,31520--OK7
A4: 0.3 | B4: =Förutsättningar!$M$18 -> 15 | C4: =Förutsättningar!N$18 -> 20 | D4: - | E4: - | F4: 20 | G4: 7 | H4: 7 | I4: OK7 | K4: =Table1417192021[[#This Row],[Slagg mängd]]&Table1417192021[[#This Row],[Gjuttemperatur]]&Table1417192021[[#This Row],[Temperatur motgjutningsyta]]&Table1417192021[[#This Row],[Väderskydd, uppvärmning (ingen vind)]]&Table1417192021[[#This Row],[Täckning '[mm']]]&Table1417192021[[#This Row],[OK<7 dagar]]&Table1417192021[[#This Row],[Kommentar]] -> 0,31520--OK7
A5: 0.3 | B5: =Förutsättningar!$M$18 -> 15 | C5: =Förutsättningar!N$18 -> 20 | D5: - | E5: - | F5: 20 | G5: 12 | H5: 7 | I5: OK7 | K5: =Table1417192021[[#This Row],[Slagg mängd]]&Table1417192021[[#This Row],[Gjuttemperatur]]&Table1417192021[[#This Row],[Temperatur motgjutningsyta]]&Table1417192021[[#This Row],[Väderskydd, uppvärmning (ingen vind)]]&Table1417192021[[#This Row],[Täckning '[mm']]]&Table1417192021[[#This Row],[OK<7 dagar]]&Table1417192021[[#This Row],[Kommentar]] -> 0,31520--OK7
A6: 0.3 | B6: =Förutsättningar!$M$18 -> 15 | C6: =Förutsättningar!N$18 -> 20 | D6: - | E6: - | F6: 20 | G6: 20 | H6: 7 | I6: OK7 | K6: =Table1417192021[[#This Row],[Slagg mängd]]&Table1417192021[[#This Row],[Gjuttemperatur]]&Table1417192021[[#This Row],[Temperatur motgjutningsyta]]&Table1417192021[[#This Row],[Väderskydd, uppvärmning (ingen vind)]]&Table1417192021[[#This Row],[Täckning '[mm']]]&Table1417192021[[#This Row],[OK<7 dagar]]&Table1417192021[[#This Row],[Kommentar]] -> 0,31520--OK7
A7: 0.1 | B7: =Förutsättningar!M$19 -> 15 | C7: =Förutsättningar!N$19 -> 15 | D7: - | E7: - | F7: 15 | G7: 0 | H7: 5.6 | I7: OK7 | K7: =Table1417192021[[#This Row],[Slagg mängd]]&Table1417192021[[#This Row],[Gjuttemperatur]]&Table1417192021[[#This Row],[Temperatur motgjutningsyta]]&Table1417192021[[#This Row],[Väderskydd, uppvärmning (ingen vind)]]&Table1417192021[[#This Row],[Täckning '[mm']]]&Table1417192021[[#This Row],[OK<7 dagar]]&Table1417192021[[#This Row],[Kommentar]] -> 0,11515--OK7
A8: 0.1 | B8: =Förutsättningar!M$19 -> 15 | C8: =Förutsättningar!N$19 -> 15 | D8: - | E8: - | F8: 15 | G8: 2 | H8: 6.3 | I8: OK7 | K8: =Table1417192021[[#This Row],[Slagg mängd]]&Table1417192021[[#This Row],[Gjuttemperatur]]&Table1417192021[[#This Row],[Temperatur motgjutningsyta]]&Table1417192021[[#This Row],[Väderskydd, uppvärmning (ingen vind)]]&Table1417192021[[#This Row],[Täckning '[mm']]]&Table1417192021[[#This Row],[OK<7 dagar]]&Table1417192021[[#This Row],[Kommentar]] -> 0,11515--OK7
A9: 0.1 | B9: 15 | C9: 15 | D9: - | E9: - | F9: 15 | G9: 7 | H9: 6.6 | I9: OK7 | K9: =Table1417192021[[#This Row],[Slagg mängd]]&Table1417192021[[#This Row],[Gjuttemperatur]]&Table1417192021[[#This Row],[Temperatur motgjutningsyta]]&Table1417192021[[#This Row],[Väderskydd, uppvärmning (ingen vind)]]&Table1417192021[[#This Row],[Täckning '[mm']]]&Table1417192021[[#This Row],[OK<7 dagar]]&Table1417192021[[#This Row],[Kommentar]] -> 0,11515--OK7
A10: 0.1 | B10: 15 | C10: 15 | D10: - | E10: - | F10: 15 | G10: 12 | H10: 6.7 | I10: OK7 | K10: =Table1417192021[[#This Row],[Slagg mängd]]&Table1417192021[[#This Row],[Gjuttemperatur]]&Table1417192021[[#This Row],[Temperatur motgjutningsyta]]&Table1417192021[[#This Row],[Väderskydd, uppvärmning (ingen vind)]]&Table1417192021[[#This Row],[Täckning '[mm']]]&Table1417192021[[#This Row],[OK<7 dagar]]&Table1417192021[[#This Row],[Kommentar]] -> 0,11515--OK7
A11: 0.1 | B11: 15 | C11: 15 | D11: - | E11: - | F11: 15 | G11: 20 | H11: 6.8 | I11: OK7 | K11: =Table1417192021[[#This Row],[Slagg mängd]]&Table1417192021[[#This Row],[Gjuttemperatur]]&Table1417192021[[#This Row],[Temperatur motgjutningsyta]]&Table1417192021[[#This Row],[Väderskydd, uppvärmning (ingen vind)]]&Table1417192021[[#This Row],[Täckning '[mm']]]&Table1417192021[[#This Row],[OK<7 dagar]]&Table1417192021[[#This Row],[Kommentar]] -> 0,11515--OK7
A12: Bas+0% | B12: =Förutsättningar!M$20 -> 15 | C12: =Förutsättningar!N$20 -> 10 | D12: - | E12: - | F12: 10 | G12: 0 | H12: 5.5 | I12: OK7 | K12: =Table1417192021[[#This Row],[Slagg mängd]]&Table1417192021[[#This Row],[Gjuttemperatur]]&Table1417192021[[#This Row],[Temperatur motgjutningsyta]]&Table1417192021[[#This Row],[Väderskydd, uppvärmning (ingen vind)]]&Table1417192021[[#This Row],[Täckning '[mm']]]&Table1417192021[[#This Row],[OK<7 dagar]]&Table1417192021[[#This Row],[Kommentar]] -> Bas+0%1510--OK7
A13: Bas+0% | B13: =Förutsättningar!M$20 -> 15 | C13: =Förutsättningar!N$20 -> 10 | D13: - | E13: - | F13: 10 | G13: 2 | H13: 6.5 | I13: OK7 | K13: =Table1417192021[[#This Row],[Slagg mängd]]&Table1417192021[[#This Row],[Gjuttemperatur]]&Table1417192021[[#This Row],[Temperatur motgjutningsyta]]&Table1417192021[[#This Row],[Väderskydd, uppvärmning (ingen vind)]]&Table1417192021[[#This Row],[Täckning '[mm']]]&Table1417192021[[#This Row],[OK<7 dagar]]&Table1417192021[[#This Row],[Kommentar]] -> Bas+0%1510--OK7
A14: Bas+0% | B14: =Förutsättningar!M$20 -> 15 | C14: =Förutsättningar!N$20 -> 10 | D14: - | E14: - | F14: 10 | G14: 7 | H14: 7 | I14: OK7 | K14: =Table1417192021[[#This Row],[Slagg mängd]]&Table1417192021[[#This Row],[Gjuttemperatur]]&Table1417192021[[#This Row],[Temperatur motgjutningsyta]]&Table1417192021[[#This Row],[Väderskydd, uppvärmning (ingen vind)]]&Table1417192021[[#This Row],[Täckning '[mm']]]&Table1417192021[[#This Row],[OK<7 dagar]]&Table1417192021[[#This Row],[Kommentar]] -> Bas+0%1510--OK7
A15: Bas+0% | B15: =Förutsättningar!M$20 -> 15 | C15: =Förutsättningar!N$20 -> 10 | D15: 0 | E15: - | F15: 10 | G15: 12 | H15: 6.8 | I15: OK7 | K15: =Table1417192021[[#This Row],[Slagg mängd]]&Table1417192021[[#This Row],[Gjuttemperatur]]&Table1417192021[[#This Row],[Temperatur motgjutningsyta]]&Table1417192021[[#This Row],[Väderskydd, uppvärmning (ingen vind)]]&Table1417192021[[#This Row],[Täckning '[mm']]]&Table1417192021[[#This Row],[OK<7 dagar]]&Table1417192021[[#This Row],[Kommentar]] -> Bas+0%15100-OK7
A16: Bas+0% | B16: =Förutsättningar!M$20 -> 15 | C16: =Förutsättningar!N$20 -> 10 | D16: 0 | E16: - | F16: 10 | G16: 20 | H16: 6.9 | I16: OK7 | K16: =Table1417192021[[#This Row],[Slagg mängd]]&Table1417192021[[#This Row],[Gjuttemperatur]]&Table1417192021[[#This Row],[Temperatur motgjutningsyta]]&Table1417192021[[#This Row],[Väderskydd, uppvärmning (ingen vind)]]&Table1417192021[[#This Row],[Täckning '[mm']]]&Table1417192021[[#This Row],[OK<7 dagar]]&Table1417192021[[#This Row],[Kommentar]] -> Bas+0%15100-OK7
A17: 0.4 | B17: =Förutsättningar!M$21 -> 20 | C17: =Förutsättningar!N$21 -> 5 | D17: 20 | E17: 20 | F17: 5 | G17: 0 | H17: 6.6 | I17: OK7 | K17: =Table1417192021[[#This Row],[Slagg mängd]]&Table1417192021[[#This Row],[Gjuttemperatur]]&Table1417192021[[#This Row],[Temperatur motgjutningsyta]]&Table1417192021[[#This Row],[Väderskydd, uppvärmning (ingen vind)]]&Table1417192021[[#This Row],[Täckning '[mm']]]&Table1417192021[[#This Row],[OK<7 dagar]]&Table1417192021[[#This Row],[Kommentar]] -> 0,42052020OK7
A18: 0.4 | B18: =Förutsättningar!M$21 -> 20 | C18: =Förutsättningar!N$21 -> 5 | D18: 20 | E18: 20 | F18: 5 | G18: 2 | H18: 7 | I18: OK7 | K18: =Table1417192021[[#This Row],[Slagg mängd]]&Table1417192021[[#This Row],[Gjuttemperatur]]&Table1417192021[[#This Row],[Temperatur motgjutningsyta]]&Table1417192021[[#This Row],[Väderskydd, uppvärmning (ingen vind)]]&Table1417192021[[#This Row],[Täckning '[mm']]]&Table1417192021[[#This Row],[OK<7 dagar]]&Table1417192021[[#This Row],[Kommentar]] -> 0,42052020OK7
A19: 0.4 | B19: =Förutsättningar!M$21 -> 20 | C19: =Förutsättningar!N$21 -> 5 | D19: 20 | E19: 30 | F19: 5 | G19: 7 | H19: 6.5 | I19: OK7 | K19: =Table1417192021[[#This Row],[Slagg mängd]]&Table1417192021[[#This Row],[Gjuttemperatur]]&Table1417192021[[#This Row],[Temperatur motgjutningsyta]]&Table1417192021[[#This Row],[Väderskydd, uppvärmning (ingen vind)]]&Table1417192021[[#This Row],[Täckning '[mm']]]&Table1417192021[[#This Row],[OK<7 dagar]]&Table1417192021[[#This Row],[Kommentar]] -> 0,42052030OK7
A20: 0.4 | B20: =Förutsättningar!M$21 -> 20 | C20: =Förutsättningar!N$21 -> 5 | D20: 20 | E20: 30 | F20: 5 | G20: 12 | H20: 6.5 | I20: OK7 | K20: =Table1417192021[[#This Row],[Slagg mängd]]&Table1417192021[[#This Row],[Gjuttemperatur]]&Table1417192021[[#This Row],[Temperatur motgjutningsyta]]&Table1417192021[[#This Row],[Väderskydd, uppvärmning (ingen vind)]]&Table1417192021[[#This Row],[Täckning '[mm']]]&Table1417192021[[#This Row],[OK<7 dagar]]&Table1417192021[[#This Row],[Kommentar]] -> 0,42052030OK7
A21: 0.4 | B21: =Förutsättningar!M$21 -> 20 | C21: =Förutsättningar!N$21 -> 5 | D21: 20 | E21: 30 | F21: 5 | G21: 20 | H21: 6.6 | I21: OK7 | K21: =Table1417192021[[#This Row],[Slagg mängd]]&Table1417192021[[#This Row],[Gjuttemperatur]]&Table1417192021[[#This Row],[Temperatur motgjutningsyta]]&Table1417192021[[#This Row],[Väderskydd, uppvärmning (ingen vind)]]&Table1417192021[[#This Row],[Täckning '[mm']]]&Table1417192021[[#This Row],[OK<7 dagar]]&Table1417192021[[#This Row],[Kommentar]] -> 0,42052030OK7
A22: 0.4 | B22: =Förutsättningar!M$22 -> 20 | C22: =Förutsättningar!N$22 -> 5 | D22: 20 | E22: 50 | F22: 0 | G22: 0 | H22: 7 | I22: OK7 | K22: =Table1417192021[[#This Row],[Slagg mängd]]&Table1417192021[[#This Row],[Gjuttemperatur]]&Table1417192021[[#This Row],[Temperatur motgjutningsyta]]&Table1417192021[[#This Row],[Väderskydd, uppvärmning (ingen vind)]]&Table1417192021[[#This Row],[Täckning '[mm']]]&Table1417192021[[#This Row],[OK<7 dagar]]&Table1417192021[[#This Row],[Kommentar]] -> 0,42052050OK7
A23: 0.3 | B23: =Förutsättningar!M$22 -> 20 | C23: =Förutsättningar!N$22 -> 5 | D23: 20 | E23: 30 | F23: 0 | G23: 2 | H23: 7 | I23: OK7 | K23: =Table1417192021[[#This Row],[Slagg mängd]]&Table1417192021[[#This Row],[Gjuttemperatur]]&Table1417192021[[#This Row],[Temperatur motgjutningsyta]]&Table1417192021[[#This Row],[Väderskydd, uppvärmning (ingen vind)]]&Table1417192021[[#This Row],[Täckning '[mm']]]&Table1417192021[[#This Row],[OK<7 dagar]]&Table1417192021[[#This Row],[Kommentar]] -> 0,32052030OK7
A24: 0.3 | B24: =Förutsättningar!M$22 -> 20 | C24: =Förutsättningar!N$22 -> 5 | D24: 20 | E24: 50 | F24: 0 | G24: 7 | H24: 6.2 | I24: OK7 | K24: =Table1417192021[[#This Row],[Slagg mängd]]&Table1417192021[[#This Row],[Gjuttemperatur]]&Table1417192021[[#This Row],[Temperatur motgjutningsyta]]&Table1417192021[[#This Row],[Väderskydd, uppvärmning (ingen vind)]]&Table1417192021[[#This Row],[Täckning '[mm']]]&Table1417192021[[#This Row],[OK<7 dagar]]&Table1417192021[[#This Row],[Kommentar]] -> 0,32052050OK7
A25: 0.3 | B25: =Förutsättningar!M$22 -> 20 | C25: =Förutsättningar!N$22 -> 5 | D25: 20 | E25: 50 | F25: 0 | G25: 12 | H25: 6.3 | I25: OK7 | K25: =Table1417192021[[#This Row],[Slagg mängd]]&Table1417192021[[#This Row],[Gjuttemperatur]]&Table1417192021[[#This Row],[Temperatur motgjutningsyta]]&Table1417192021[[#This Row],[Väderskydd, uppvärmning (ingen vind)]]&Table1417192021[[#This Row],[Täckning '[mm']]]&Table1417192021[[#This Row],[OK<7 dagar]]&Table1417192021[[#This Row],[Kommentar]] -> 0,32052050OK7
A26: 0.3 | B26: =Förutsättningar!M$22 -> 20 | C26: =Förutsättningar!N$22 -> 5 | D26: 20 | E26: 10 | F26: 0 | G26: 20 | H26: 6.3 | I26: OK7 | K26: =Table1417192021[[#This Row],[Slagg mängd]]&Table1417192021[[#This Row],[Gjuttemperatur]]&Table1417192021[[#This Row],[Temperatur motgjutningsyta]]&Table1417192021[[#This Row],[Väderskydd, uppvärmning (ingen vind)]]&Table1417192021[[#This Row],[Täckning '[mm']]]&Table1417192021[[#This Row],[OK<7 dagar]]&Table1417192021[[#This Row],[Kommentar]] -> 0,32052010OK7
A27: 0.2 | B27: =Förutsättningar!M$23 -> 20 | C27: =Förutsättningar!N$23 -> 5 | D27: 20 | E27: 50 | F27: -5 | G27: 0 | H27: 6.6 | I27: OK7 | K27: =Table1417192021[[#This Row],[Slagg mängd]]&Table1417192021[[#This Row],[Gjuttemperatur]]&Table1417192021[[#This Row],[Temperatur motgjutningsyta]]&Table1417192021[[#This Row],[Väderskydd, uppvärmning (ingen vind)]]&Table1417192021[[#This Row],[Täckning '[mm']]]&Table1417192021[[#This Row],[OK<7 dagar]]&Table1417192021[[#This Row],[Kommentar]] -> 0,22052050OK7
A28: 0.2 | B28: =Förutsättningar!M$23 -> 20 | C28: =Förutsättningar!N$23 -> 5 | D28: 20 | E28: 50 | F28: -5 | G28: 2 | H28: 6.8 | I28: OK7 | K28: =Table1417192021[[#This Row],[Slagg mängd]]&Table1417192021[[#This Row],[Gjuttemperatur]]&Table1417192021[[#This Row],[Temperatur motgjutningsyta]]&Table1417192021[[#This Row],[Väderskydd, uppvärmning (ingen vind)]]&Table1417192021[[#This Row],[Täckning '[mm']]]&Table1417192021[[#This Row],[OK<7 dagar]]&Table1417192021[[#This Row],[Kommentar]] -> 0,22052050OK7
A29: 0.1 | B29: =Förutsättningar!M$23 -> 20 | C29: =Förutsättningar!N$23 -> 5 | D29: 20 | E29: 30 | F29: -5 | G29: 7 | H29: 6.2 | I29: OK7 | K29: =Table1417192021[[#This Row],[Slagg mängd]]&Table1417192021[[#This Row],[Gjuttemperatur]]&Table1417192021[[#This Row],[Temperatur motgjutningsyta]]&Table1417192021[[#This Row],[Väderskydd, uppvärmning (ingen vind)]]&Table1417192021[[#This Row],[Täckning '[mm']]]&Table1417192021[[#This Row],[OK<7 dagar]]&Table1417192021[[#This Row],[Kommentar]] -> 0,12052030OK7
A30: 0.1 | B30: =Förutsättningar!M$23 -> 20 | C30: =Förutsättningar!N$23 -> 5 | D30: 20 | E30: 30 | F30: -5 | G30: 12 | H30: 6.4 | I30: OK7 | K30: =Table1417192021[[#This Row],[Slagg mängd]]&Table1417192021[[#This Row],[Gjuttemperatur]]&Table1417192021[[#This Row],[Temperatur motgjutningsyta]]&Table1417192021[[#This Row],[Väderskydd, uppvärmning (ingen vind)]]&Table1417192021[[#This Row],[Täckning '[mm']]]&Table1417192021[[#This Row],[OK<7 dagar]]&Table1417192021[[#This Row],[Kommentar]] -> 0,12052030OK7
A31: 0.1 | B31: =Förutsättningar!M$23 -> 20 | C31: =Förutsättningar!N$23 -> 5 | D31: 20 | E31: 30 | F31: -5 | G31: 20 | H31: 6.5 | I31: OK7 | K31: =Table1417192021[[#This Row],[Slagg mängd]]&Table1417192021[[#This Row],[Gjuttemperatur]]&Table1417192021[[#This Row],[Temperatur motgjutningsyta]]&Table1417192021[[#This Row],[Väderskydd, uppvärmning (ingen vind)]]&Table1417192021[[#This Row],[Täckning '[mm']]]&Table1417192021[[#This Row],[OK<7 dagar]]&Table1417192021[[#This Row],[Kommentar]] -> 0,12052030OK7
A32: 0.1 | B32: =Förutsättningar!M$24 -> 20 | C32: =Förutsättningar!N$24 -> 5 | D32: 20 | E32: 50 | F32: -10 | G32: 0 | H32: 6.5 | I32: OK7 | K32: =Table1417192021[[#This Row],[Slagg mängd]]&Table1417192021[[#This Row],[Gjuttemperatur]]&Table1417192021[[#This Row],[Temperatur motgjutningsyta]]&Table1417192021[[#This Row],[Väderskydd, uppvärmning (ingen vind)]]&Table1417192021[[#This Row],[Täckning '[mm']]]&Table1417192021[[#This Row],[OK<7 dagar]]&Table1417192021[[#This Row],[Kommentar]] -> 0,12052050OK7
A33: 0.1 | B33: =Förutsättningar!M$24 -> 20 | C33: =Förutsättningar!N$24 -> 5 | D33: 20 | E33: 50 | F33: -10 | G33: 2 | H33: 6.8 | I33: OK7 | K33: =Table1417192021[[#This Row],[Slagg mängd]]&Table1417192021[[#This Row],[Gjuttemperatur]]&Table1417192021[[#This Row],[Temperatur motgjutningsyta]]&Table1417192021[[#This Row],[Väderskydd, uppvärmning (ingen vind)]]&Table1417192021[[#This Row],[Täckning '[mm']]]&Table1417192021[[#This Row],[OK<7 dagar]]&Table1417192021[[#This Row],[Kommentar]] -> 0,12052050OK7
A34: Bas+0% | B34: =Förutsättningar!M$24 -> 20 | C34: =Förutsättningar!N$24 -> 5 | D34: 20 | E34: 30 | F34: -10 | G34: 7 | H34: 6 | I34: OK7 | K34: =Table1417192021[[#This Row],[Slagg mängd]]&Table1417192021[[#This Row],[Gjuttemperatur]]&Table1417192021[[#This Row],[Temperatur motgjutningsyta]]&Table1417192021[[#This Row],[Väderskydd, uppvärmning (ingen vind)]]&Table1417192021[[#This Row],[Täckning '[mm']]]&Table1417192021[[#This Row],[OK<7 dagar]]&Table1417192021[[#This Row],[Kommentar]] -> Bas+0%2052030OK7
A35: - | B35: - | C35: - | D35: - | E35: - | F35: -10 | G35: 12 | J35: Frys innan täck | K35: =Table1417192021[[#This Row],[Slagg mängd]]&Table1417192021[[#This Row],[Gjuttemperatur]]&Table1417192021[[#This Row],[Temperatur motgjutningsyta]]&Table1417192021[[#This Row],[Väderskydd, uppvärmning (ingen vind)]]&Table1417192021[[#This Row],[Täckning '[mm']]]&Table1417192021[[#This Row],[OK<7 dagar]]&Table1417192021[[#This Row],[Kommentar]] -> -----Frys innan täck
A36: - | B36: - | C36: - | D36: - | E36: - | F36: -10 | G36: 20 | J36: Frys innan täck | K36: =Table1417192021[[#This Row],[Slagg mängd]]&Table1417192021[[#This Row],[Gjuttemperatur]]&Table1417192021[[#This Row],[Temperatur motgjutningsyta]]&Table1417192021[[#This Row],[Väderskydd, uppvärmning (ingen vind)]]&Table1417192021[[#This Row],[Täckning '[mm']]]&Table1417192021[[#This Row],[OK<7 dagar]]&Table1417192021[[#This Row],[Kommentar]] -> -----Frys innan täck
A37: Bas+0% | B37: =Förutsättningar!M$25 -> 15 | C37: =Förutsättningar!N$25 -> 5 | D37: 20 | E37: 50 | F37: -15 | G37: 0 | H37: 7 | I37: OK7 | K37: =Table1417192021[[#This Row],[Slagg mängd]]&Table1417192021[[#This Row],[Gjuttemperatur]]&Table1417192021[[#This Row],[Temperatur motgjutningsyta]]&Table1417192021[[#This Row],[Väderskydd, uppvärmning (ingen vind)]]&Table1417192021[[#This Row],[Täckning '[mm']]]&Table1417192021[[#This Row],[OK<7 dagar]]&Table1417192021[[#This Row],[Kommentar]] -> Bas+0%1552050OK7
A38: - | B38: - | C38: - | D38: - | E38: - | F38: -15 | G38: 2 | J38: Når ej 70% | K38: =Table1417192021[[#This Row],[Slagg mängd]]&Table1417192021[[#This Row],[Gjuttemperatur]]&Table1417192021[[#This Row],[Temperatur motgjutningsyta]]&Table1417192021[[#This Row],[Väderskydd, uppvärmning (ingen vind)]]&Table1417192021[[#This Row],[Täckning '[mm']]]&Table1417192021[[#This Row],[OK<7 dagar]]&Table1417192021[[#This Row],[Kommentar]] -> -----Når ej 70%
A39: - | B39: - | C39: - | D39: - | E39: - | F39: -15 | G39: 7 | J39: Frys innan täck | K39: =Table1417192021[[#This Row],[Slagg mängd]]&Table1417192021[[#This Row],[Gjuttemperatur]]&Table1417192021[[#This Row],[Temperatur motgjutningsyta]]&Table1417192021[[#This Row],[Väderskydd, uppvärmning (ingen vind)]]&Table1417192021[[#This Row],[Täckning '[mm']]]&Table1417192021[[#This Row],[OK<7 dagar]]&Table1417192021[[#This Row],[Kommentar]] -> -----Frys innan täck
A40: - | B40: - | C40: - | D40: - | E40: - | F40: -15 | G40: 12 | J40: Frys innan täck | K40: =Table1417192021[[#This Row],[Slagg mängd]]&Table1417192021[[#This Row],[Gjuttemperatur]]&Table1417192021[[#This Row],[Temperatur motgjutningsyta]]&Table1417192021[[#This Row],[Väderskydd, uppvärmning (ingen vind)]]&Table1417192021[[#This Row],[Täckning '[mm']]]&Table1417192021[[#This Row],[OK<7 dagar]]&Table1417192021[[#This Row],[Kommentar]] -> -----Frys innan täck
A41: - | B41: - | C41: - | D41: - | E41: - | F41: -15 | G41: 20 | J41: Frys innan täck | K41: =Table1417192021[[#This Row],[Slagg mängd]]&Table1417192021[[#This Row],[Gjuttemperatur]]&Table1417192021[[#This Row],[Temperatur motgjutningsyta]]&Table1417192021[[#This Row],[Väderskydd, uppvärmning (ingen vind)]]&Table1417192021[[#This Row],[Täckning '[mm']]]&Table1417192021[[#This Row],[OK<7 dagar]]&Table1417192021[[#This Row],[Kommentar]] -> -----Frys innan täck
A42: - | B42: - | C42: - | D42: - | E42: - | F42: -20 | G42: 0 | J42: Når ej 70% | K42: =Table1417192021[[#This Row],[Slagg mängd]]&Table1417192021[[#This Row],[Gjuttemperatur]]&Table1417192021[[#This Row],[Temperatur motgjutningsyta]]&Table1417192021[[#This Row],[Väderskydd, uppvärmning (ingen vind)]]&Table1417192021[[#This Row],[Täckning '[mm']]]&Table1417192021[[#This Row],[OK<7 dagar]]&Table1417192021[[#This Row],[Kommentar]] -> -----Når ej 70%
A43: - | B43: - | C43: - | D43: - | E43: - | F43: -20 | G43: 2 | J43: Når ej 70% | K43: =Table1417192021[[#This Row],[Slagg mängd]]&Table1417192021[[#This Row],[Gjuttemperatur]]&Table1417192021[[#This Row],[Temperatur motgjutningsyta]]&Table1417192021[[#This Row],[Väderskydd, uppvärmning (ingen vind)]]&Table1417192021[[#This Row],[Täckning '[mm']]]&Table1417192021[[#This Row],[OK<7 dagar]]&Table1417192021[[#This Row],[Kommentar]] -> -----Når ej 70%
A44: - | B44: - | C44: - | D44: - | E44: - | F44: -20 | G44: 7 | J44: Frys innan täck | K44: =Table1417192021[[#This Row],[Slagg mängd]]&Table1417192021[[#This Row],[Gjuttemperatur]]&Table1417192021[[#This Row],[Temperatur motgjutningsyta]]&Table1417192021[[#This Row],[Väderskydd, uppvärmning (ingen vind)]]&Table1417192021[[#This Row],[Täckning '[mm']]]&Table1417192021[[#This Row],[OK<7 dagar]]&Table1417192021[[#This Row],[Kommentar]] -> -----Frys innan täck
A45: - | B45: - | C45: - | D45: - | E45: - | F45: -20 | G45: 12 | J45: Frys innan täck | K45: =Table1417192021[[#This Row],[Slagg mängd]]&Table1417192021[[#This Row],[Gjuttemperatur]]&Table1417192021[[#This Row],[Temperatur motgjutningsyta]]&Table1417192021[[#This Row],[Väderskydd, uppvärmning (ingen vind)]]&Table1417192021[[#This Row],[Täckning '[mm']]]&Table1417192021[[#This Row],[OK<7 dagar]]&Table1417192021[[#This Row],[Kommentar]] -> -----Frys innan täck
A46: - | B46: - | C46: - | D46: - | E46: - | F46: -20 | G46: 20 | J46: Frys innan täck | K46: =Table1417192021[[#This Row],[Slagg mängd]]&Table1417192021[[#This Row],[Gjuttemperatur]]&Table1417192021[[#This Row],[Temperatur motgjutningsyta]]&Table1417192021[[#This Row],[Väderskydd, uppvärmning (ingen vind)]]&Table1417192021[[#This Row],[Täckning '[mm']]]&Table1417192021[[#This Row],[OK<7 dagar]]&Table1417192021[[#This Row],[Kommentar]] -> -----Frys innan täck

Sheet Bjälklag (C28-35)
A1: Slagg mängd | B1: Gjuttemperatur | C1: Temperatur motgjutningsyta | D1: Väderskydd, uppvärmning (ingen vind) | E1: Täckning [mm] | F1: Temperatur | G1: Vind | H1: <7 d och >70% [Dagar] | I1: OK<7 dagar | J1: Kommentar | K1: Åtgärdskåd
A2: 0.4 | B2: =Förutsättningar!M$18 -> 15 | C2: =Förutsättningar!N$18 -> 20 | D2: - | E2: - | F2: 20 | G2: 0 | H2: 6.5 | I2: OK7 | K2: =Table14171920[[#This Row],[Slagg mängd]]&Table14171920[[#This Row],[Gjuttemperatur]]&Table14171920[[#This Row],[Temperatur motgjutningsyta]]&Table14171920[[#This Row],[Väderskydd, uppvärmning (ingen vind)]]&Table14171920[[#This Row],[Täckning '[mm']]]&Table14171920[[#This Row],[OK<7 dagar]]&Table14171920[[#This Row],[Kommentar]] -> 0,41520--OK7
A3: 0.4 | B3: =Förutsättningar!$M$18 -> 15 | C3: =Förutsättningar!N$18 -> 20 | D3: - | E3: - | F3: 20 | G3: 2 | H3: 7 | I3: OK7 | K3: =Table14171920[[#This Row],[Slagg mängd]]&Table14171920[[#This Row],[Gjuttemperatur]]&Table14171920[[#This Row],[Temperatur motgjutningsyta]]&Table14171920[[#This Row],[Väderskydd, uppvärmning (ingen vind)]]&Table14171920[[#This Row],[Täckning '[mm']]]&Table14171920[[#This Row],[OK<7 dagar]]&Table14171920[[#This Row],[Kommentar]] -> 0,41520--OK7
A4: 0.4 | B4: =Förutsättningar!$M$18 -> 15 | C4: =Förutsättningar!N$18 -> 20 | D4: 0 | E4: Presenning | F4: 20 | G4: 7 | H4: 6.9 | I4: OK7 | K4: =Table14171920[[#This Row],[Slagg mängd]]&Table14171920[[#This Row],[Gjuttemperatur]]&Table14171920[[#This Row],[Temperatur motgjutningsyta]]&Table14171920[[#This Row],[Väderskydd, uppvärmning (ingen vind)]]&Table14171920[[#This Row],[Täckning '[mm']]]&Table14171920[[#This Row],[OK<7 dagar]]&Table14171920[[#This Row],[Kommentar]] -> 0,415200PresenningOK7
A5: 0.4 | B5: =Förutsättningar!$M$18 -> 15 | C5: =Förutsättningar!N$18 -> 20 | D5: 0 | E5: Presenning | F5: 20 | G5: 12 | H5: 7 | I5: OK7 | K5: =Table14171920[[#This Row],[Slagg mängd]]&Table14171920[[#This Row],[Gjuttemperatur]]&Table14171920[[#This Row],[Temperatur motgjutningsyta]]&Table14171920[[#This Row],[Väderskydd, uppvärmning (ingen vind)]]&Table14171920[[#This Row],[Täckning '[mm']]]&Table14171920[[#This Row],[OK<7 dagar]]&Table14171920[[#This Row],[Kommentar]] -> 0,415200PresenningOK7
A6: 0.4 | B6: =Förutsättningar!$M$18 -> 15 | C6: =Förutsättningar!N$18 -> 20 | D6: 0 | E6: Presenning | F6: 20 | G6: 20 | H6: 7 | I6: OK7 | K6: =Table14171920[[#This Row],[Slagg mängd]]&Table14171920[[#This Row],[Gjuttemperatur]]&Table14171920[[#This Row],[Temperatur motgjutningsyta]]&Table14171920[[#This Row],[Väderskydd, uppvärmning (ingen vind)]]&Table14171920[[#This Row],[Täckning '[mm']]]&Table14171920[[#This Row],[OK<7 dagar]]&Table14171920[[#This Row],[Kommentar]] -> 0,415200PresenningOK7
A7: 0.2 | B7: =Förutsättningar!M$19 -> 15 | C7: =Förutsättningar!N$19 -> 15 | D7: - | E7: - | F7: 15 | G7: 0 | H7: 6.4 | I7: OK7 | K7: =Table14171920[[#This Row],[Slagg mängd]]&Table14171920[[#This Row],[Gjuttemperatur]]&Table14171920[[#This Row],[Temperatur motgjutningsyta]]&Table14171920[[#This Row],[Väderskydd, uppvärmning (ingen vind)]]&Table14171920[[#This Row],[Täckning '[mm']]]&Table14171920[[#This Row],[OK<7 dagar]]&Table14171920[[#This Row],[Kommentar]] -> 0,21515--OK7
A8: 0.2 | B8: =Förutsättningar!M$19 -> 15 | C8: =Förutsättningar!N$19 -> 15 | D8: 0 | E8: - | F8: 15 | G8: 2 | H8: 7 | I8: OK7 | K8: =Table14171920[[#This Row],[Slagg mängd]]&Table14171920[[#This Row],[Gjuttemperatur]]&Table14171920[[#This Row],[Temperatur motgjutningsyta]]&Table14171920[[#This Row],[Väderskydd, uppvärmning (ingen vind)]]&Table14171920[[#This Row],[Täckning '[mm']]]&Table14171920[[#This Row],[OK<7 dagar]]&Table14171920[[#This Row],[Kommentar]] -> 0,215150-OK7
A9: 0.1 | B9: =Förutsättningar!M$19 -> 15 | C9: =Förutsättningar!N$19 -> 15 | D9: - | E9: - | F9: 15 | G9: 7 | H9: 6 | I9: OK7 | K9: =Table14171920[[#This Row],[Slagg mängd]]&Table14171920[[#This Row],[Gjuttemperatur]]&Table14171920[[#This Row],[Temperatur motgjutningsyta]]&Table14171920[[#This Row],[Väderskydd, uppvärmning (ingen vind)]]&Table14171920[[#This Row],[Täckning '[mm']]]&Table14171920[[#This Row],[OK<7 dagar]]&Table14171920[[#This Row],[Kommentar]] -> 0,11515--OK7
A10: 0.1 | B10: =Förutsättningar!M$19 -> 15 | C10: =Förutsättningar!N$19 -> 15 | D10: - | E10: - | F10: 15 | G10: 12 | H10: 6 | I10: OK7 | K10: =Table14171920[[#This Row],[Slagg mängd]]&Table14171920[[#This Row],[Gjuttemperatur]]&Table14171920[[#This Row],[Temperatur motgjutningsyta]]&Table14171920[[#This Row],[Väderskydd, uppvärmning (ingen vind)]]&Table14171920[[#This Row],[Täckning '[mm']]]&Table14171920[[#This Row],[OK<7 dagar]]&Table14171920[[#This Row],[Kommentar]] -> 0,11515--OK7
A11: 0.1 | B11: =Förutsättningar!M$19 -> 15 | C11: =Förutsättningar!N$19 -> 15 | D11: - | E11: - | F11: 15 | G11: 20 | H11: 6.1 | I11: OK7 | K11: =Table14171920[[#This Row],[Slagg mängd]]&Table14171920[[#This Row],[Gjuttemperatur]]&Table14171920[[#This Row],[Temperatur motgjutningsyta]]&Table14171920[[#This Row],[Väderskydd, uppvärmning (ingen vind)]]&Table14171920[[#This Row],[Täckning '[mm']]]&Table14171920[[#This Row],[OK<7 dagar]]&Table14171920[[#This Row],[Kommentar]] -> 0,11515--OK7
A12: 0.1 | B12: =Förutsättningar!M$20 -> 15 | C12: =Förutsättningar!N$20 -> 10 | D12: - | E12: - | F12: 10 | G12: 0 | H12: 6.7 | I12: OK7 | K12: =Table14171920[[#This Row],[Slagg mängd]]&Table14171920[[#This Row],[Gjuttemperatur]]&Table14171920[[#This Row],[Temperatur motgjutningsyta]]&Table14171920[[#This Row],[Väderskydd, uppvärmning (ingen vind)]]&Table14171920[[#This Row],[Täckning '[mm']]]&Table14171920[[#This Row],[OK<7 dagar]]&Table14171920[[#This Row],[Kommentar]] -> 0,11510--OK7
A13: Bas+0% | B13: =Förutsättningar!M$20 -> 15 | C13: =Förutsättningar!N$20 -> 10 | D13: - | E13: - | F13: 10 | G13: 2 | H13: 5.8 | I13: OK7 | K13: =Table14171920[[#This Row],[Slagg mängd]]&Table14171920[[#This Row],[Gjuttemperatur]]&Table14171920[[#This Row],[Temperatur motgjutningsyta]]&Table14171920[[#This Row],[Väderskydd, uppvärmning (ingen vind)]]&Table14171920[[#This Row],[Täckning '[mm']]]&Table14171920[[#This Row],[OK<7 dagar]]&Table14171920[[#This Row],[Kommentar]] -> Bas+0%1510--OK7
A14: Bas+0% | B14: =Förutsättningar!M$20 -> 15 | C14: =Förutsättningar!N$20 -> 10 | D14: - | E14: - | F14: 10 | G14: 7 | H14: 6.3 | I14: OK7 | K14: =Table14171920[[#This Row],[Slagg mängd]]&Table14171920[[#This Row],[Gjuttemperatur]]&Table14171920[[#This Row],[Temperatur motgjutningsyta]]&Table14171920[[#This Row],[Väderskydd, uppvärmning (ingen vind)]]&Table14171920[[#This Row],[Täckning '[mm']]]&Table14171920[[#This Row],[OK<7 dagar]]&Table14171920[[#This Row],[Kommentar]] -> Bas+0%1510--OK7
A15: Bas+0% | B15: =Förutsättningar!M$20 -> 15 | C15: =Förutsättningar!N$20 -> 10 | D15: - | E15: - | F15: 10 | G15: 12 | H15: 6.4 | I15: OK7 | K15: =Table14171920[[#This Row],[Slagg mängd]]&Table14171920[[#This Row],[Gjuttemperatur]]&Table14171920[[#This Row],[Temperatur motgjutningsyta]]&Table14171920[[#This Row],[Väderskydd, uppvärmning (ingen vind)]]&Table14171920[[#This Row],[Täckning '[mm']]]&Table14171920[[#This Row],[OK<7 dagar]]&Table14171920[[#This Row],[Kommentar]] -> Bas+0%1510--OK7
A16: Bas+0% | B16: =Förutsättningar!M$20 -> 15 | C16: =Förutsättningar!N$20 -> 10 | D16: - | E16: - | F16: 10 | G16: 20 | H16: 6.4 | I16: OK7 | K16: =Table14171920[[#This Row],[Slagg mängd]]&Table14171920[[#This Row],[Gjuttemperatur]]&Table14171920[[#This Row],[Temperatur motgjutningsyta]]&Table14171920[[#This Row],[Väderskydd, uppvärmning (ingen vind)]]&Table14171920[[#This Row],[Täckning '[mm']]]&Table14171920[[#This Row],[OK<7 dagar]]&Table14171920[[#This Row],[Kommentar]] -> Bas+0%1510--OK7
A17: 0.4 | B17: =Förutsättningar!M$21 -> 20 | C17: =Förutsättningar!N$21 -> 5 | D17: 20 | E17: 10 | F17: 5 | G17: 0 | H17: 6.7 | I17: OK7 | K17: =Table14171920[[#This Row],[Slagg mängd]]&Table14171920[[#This Row],[Gjuttemperatur]]&Table14171920[[#This Row],[Temperatur motgjutningsyta]]&Table14171920[[#This Row],[Väderskydd, uppvärmning (ingen vind)]]&Table14171920[[#This Row],[Täckning '[mm']]]&Table14171920[[#This Row],[OK<7 dagar]]&Table14171920[[#This Row],[Kommentar]] -> 0,42052010OK7
A18: 0.4 | B18: =Förutsättningar!M$21 -> 20 | C18: =Förutsättningar!N$21 -> 5 | D18: 20 | E18: 20 | F18: 5 | G18: 2 | H18: 6.2 | I18: OK7 | K18: =Table14171920[[#This Row],[Slagg mängd]]&Table14171920[[#This Row],[Gjuttemperatur]]&Table14171920[[#This Row],[Temperatur motgjutningsyta]]&Table14171920[[#This Row],[Väderskydd, uppvärmning (ingen vind)]]&Table14171920[[#This Row],[Täckning '[mm']]]&Table14171920[[#This Row],[OK<7 dagar]]&Table14171920[[#This Row],[Kommentar]] -> 0,42052020OK7
A19: 0.4 | B19: =Förutsättningar!M$21 -> 20 | C19: =Förutsättningar!N$21 -> 5 | D19: 20 | E19: 20 | F19: 5 | G19: 7 | H19: 6.4 | I19: OK7 | K19: =Table14171920[[#This Row],[Slagg mängd]]&Table14171920[[#This Row],[Gjuttemperatur]]&Table14171920[[#This Row],[Temperatur motgjutningsyta]]&Table14171920[[#This Row],[Väderskydd, uppvärmning (ingen vind)]]&Table14171920[[#This Row],[Täckning '[mm']]]&Table14171920[[#This Row],[OK<7 dagar]]&Table14171920[[#This Row],[Kommentar]] -> 0,42052020OK7
A20: 0.4 | B20: =Förutsättningar!M$21 -> 20 | C20: =Förutsättningar!N$21 -> 5 | D20: 20 | E20: 20 | F20: 5 | G20: 12 | H20: 6.5 | I20: OK7 | K20: =Table14171920[[#This Row],[Slagg mängd]]&Table14171920[[#This Row],[Gjuttemperatur]]&Table14171920[[#This Row],[Temperatur motgjutningsyta]]&Table14171920[[#This Row],[Väderskydd, uppvärmning (ingen vind)]]&Table14171920[[#This Row],[Täckning '[mm']]]&Table14171920[[#This Row],[OK<7 dagar]]&Table14171920[[#This Row],[Kommentar]] -> 0,42052020OK7
A21: 0.4 | B21: =Förutsättningar!M$21 -> 20 | C21: =Förutsättningar!N$21 -> 5 | D21: 20 | E21: 20 | F21: 5 | G21: 20 | H21: 6.5 | I21: OK7 | K21: =Table14171920[[#This Row],[Slagg mängd]]&Table14171920[[#This Row],[Gjuttemperatur]]&Table14171920[[#This Row],[Temperatur motgjutningsyta]]&Table14171920[[#This Row],[Väderskydd, uppvärmning (ingen vind)]]&Table14171920[[#This Row],[Täckning '[mm']]]&Table14171920[[#This Row],[OK<7 dagar]]&Table14171920[[#This Row],[Kommentar]] -> 0,42052020OK7
A22: 0.4 | B22: =Förutsättningar!M$22 -> 20 | C22: =Förutsättningar!N$22 -> 5 | D22: 20 | E22: 20 | F22: 0 | G22: 0 | H22: 7 | I22: OK7 | K22: =Table14171920[[#This Row],[Slagg mängd]]&Table14171920[[#This Row],[Gjuttemperatur]]&Table14171920[[#This Row],[Temperatur motgjutningsyta]]&Table14171920[[#This Row],[Väderskydd, uppvärmning (ingen vind)]]&Table14171920[[#This Row],[Täckning '[mm']]]&Table14171920[[#This Row],[OK<7 dagar]]&Table14171920[[#This Row],[Kommentar]] -> 0,42052020OK7
A23: 0.4 | B23: =Förutsättningar!M$22 -> 20 | C23: =Förutsättningar!N$22 -> 5 | D23: 20 | E23: 50 | F23: 0 | G23: 2 | H23: 6.3 | I23: OK7 | K23: =Table14171920[[#This Row],[Slagg mängd]]&Table14171920[[#This Row],[Gjuttemperatur]]&Table14171920[[#This Row],[Temperatur motgjutningsyta]]&Table14171920[[#This Row],[Väderskydd, uppvärmning (ingen vind)]]&Table14171920[[#This Row],[Täckning '[mm']]]&Table14171920[[#This Row],[OK<7 dagar]]&Table14171920[[#This Row],[Kommentar]] -> 0,42052050OK7
A24: 0.4 | B24: =Förutsättningar!M$22 -> 20 | C24: =Förutsättningar!N$22 -> 5 | D24: 20 | E24: 50 | F24: 0 | G24: 7 | H24: 6.5 | I24: OK7 | K24: =Table14171920[[#This Row],[Slagg mängd]]&Table14171920[[#This Row],[Gjuttemperatur]]&Table14171920[[#This Row],[Temperatur motgjutningsyta]]&Table14171920[[#This Row],[Väderskydd, uppvärmning (ingen vind)]]&Table14171920[[#This Row],[Täckning '[mm']]]&Table14171920[[#This Row],[OK<7 dagar]]&Table14171920[[#This Row],[Kommentar]] -> 0,42052050OK7
A25: 0.4 | B25: =Förutsättningar!M$22 -> 20 | C25: =Förutsättningar!N$22 -> 5 | D25: 20 | E25: 50 | F25: 0 | G25: 12 | H25: 6.5 | I25: OK7 | K25: =Table14171920[[#This Row],[Slagg mängd]]&Table14171920[[#This Row],[Gjuttemperatur]]&Table14171920[[#This Row],[Temperatur motgjutningsyta]]&Table14171920[[#This Row],[Väderskydd, uppvärmning (ingen vind)]]&Table14171920[[#This Row],[Täckning '[mm']]]&Table14171920[[#This Row],[OK<7 dagar]]&Table14171920[[#This Row],[Kommentar]] -> 0,42052050OK7
A26: 0.4 | B26: =Förutsättningar!M$22 -> 20 | C26: =Förutsättningar!N$22 -> 5 | D26: 20 | E26: 50 | F26: 0 | G26: 20 | H26: 6.6 | I26: OK7 | K26: =Table14171920[[#This Row],[Slagg mängd]]&Table14171920[[#This Row],[Gjuttemperatur]]&Table14171920[[#This Row],[Temperatur motgjutningsyta]]&Table14171920[[#This Row],[Väderskydd, uppvärmning (ingen vind)]]&Table14171920[[#This Row],[Täckning '[mm']]]&Table14171920[[#This Row],[OK<7 dagar]]&Table14171920[[#This Row],[Kommentar]] -> 0,42052050OK7
A27: 0.3 | B27: =Förutsättningar!M$23 -> 20 | C27: =Förutsättningar!N$23 -> 5 | D27: 20 | E27: 50 | F27: -5 | G27: 0 | H27: 6.8 | I27: OK7 | K27: =Table14171920[[#This Row],[Slagg mängd]]&Table14171920[[#This Row],[Gjuttemperatur]]&Table14171920[[#This Row],[Temperatur motgjutningsyta]]&Table14171920[[#This Row],[Väderskydd, uppvärmning (ingen vind)]]&Table14171920[[#This Row],[Täckning '[mm']]]&Table14171920[[#This Row],[OK<7 dagar]]&Table14171920[[#This Row],[Kommentar]] -> 0,32052050OK7
A28: 0.3 | B28: =Förutsättningar!M$23 -> 20 | C28: =Förutsättningar!N$23 -> 5 | D28: 20 | E28: 50 | F28: -5 | G28: 2 | H28: 7 | I28: OK7 | K28: =Table14171920[[#This Row],[Slagg mängd]]&Table14171920[[#This Row],[Gjuttemperatur]]&Table14171920[[#This Row],[Temperatur motgjutningsyta]]&Table14171920[[#This Row],[Väderskydd, uppvärmning (ingen vind)]]&Table14171920[[#This Row],[Täckning '[mm']]]&Table14171920[[#This Row],[OK<7 dagar]]&Table14171920[[#This Row],[Kommentar]] -> 0,32052050OK7
A29: 0.2 | B29: =Förutsättningar!M$23 -> 20 | C29: =Förutsättningar!N$23 -> 5 | D29: 20 | E29: 50 | F29: -5 | G29: 7 | H29: 5.8 | I29: OK7 | K29: =Table14171920[[#This Row],[Slagg mängd]]&Table14171920[[#This Row],[Gjuttemperatur]]&Table14171920[[#This Row],[Temperatur motgjutningsyta]]&Table14171920[[#This Row],[Väderskydd, uppvärmning (ingen vind)]]&Table14171920[[#This Row],[Täckning '[mm']]]&Table14171920[[#This Row],[OK<7 dagar]]&Table14171920[[#This Row],[Kommentar]] -> 0,22052050OK7
A30: 0.2 | B30: =Förutsättningar!M$23 -> 20 | C30: =Förutsättningar!N$23 -> 5 | D30: 20 | E30: 50 | F30: -5 | G30: 12 | H30: 6 | I30: OK7 | K30: =Table14171920[[#This Row],[Slagg mängd]]&Table14171920[[#This Row],[Gjuttemperatur]]&Table14171920[[#This Row],[Temperatur motgjutningsyta]]&Table14171920[[#This Row],[Väderskydd, uppvärmning (ingen vind)]]&Table14171920[[#This Row],[Täckning '[mm']]]&Table14171920[[#This Row],[OK<7 dagar]]&Table14171920[[#This Row],[Kommentar]] -> 0,22052050OK7
A31: 0.2 | B31: =Förutsättningar!M$23 -> 20 | C31: =Förutsättningar!N$23 -> 5 | D31: 20 | E31: 50 | F31: -5 | G31: 20 | H31: 6.1 | I31: OK7 | K31: =Table14171920[[#This Row],[Slagg mängd]]&Table14171920[[#This Row],[Gjuttemperatur]]&Table14171920[[#This Row],[Temperatur motgjutningsyta]]&Table14171920[[#This Row],[Väderskydd, uppvärmning (ingen vind)]]&Table14171920[[#This Row],[Täckning '[mm']]]&Table14171920[[#This Row],[OK<7 dagar]]&Table14171920[[#This Row],[Kommentar]] -> 0,22052050OK7
A32: 0.1 | B32: =Förutsättningar!M$24 -> 20 | C32: =Förutsättningar!N$24 -> 5 | D32: 20 | E32: 30 | F32: -10 | G32: 0 | H32: 6.4 | I32: OK7 | K32: =Table14171920[[#This Row],[Slagg mängd]]&Table14171920[[#This Row],[Gjuttemperatur]]&Table14171920[[#This Row],[Temperatur motgjutningsyta]]&Table14171920[[#This Row],[Väderskydd, uppvärmning (ingen vind)]]&Table14171920[[#This Row],[Täckning '[mm']]]&Table14171920[[#This Row],[OK<7 dagar]]&Table14171920[[#This Row],[Kommentar]] -> 0,12052030OK7
A33: 0.1 | B33: =Förutsättningar!M$24 -> 20 | C33: =Förutsättningar!N$24 -> 5 | D33: 20 | E33: 30 | F33: -10 | G33: 2 | H33: 7 | I33: OK7 | K33: =Table14171920[[#This Row],[Slagg mängd]]&Table14171920[[#This Row],[Gjuttemperatur]]&Table14171920[[#This Row],[Temperatur motgjutningsyta]]&Table14171920[[#This Row],[Väderskydd, uppvärmning (ingen vind)]]&Table14171920[[#This Row],[Täckning '[mm']]]&Table14171920[[#This Row],[OK<7 dagar]]&Table14171920[[#This Row],[Kommentar]] -> 0,12052030OK7
A34: 0.1 | B34: =Förutsättningar!M$24 -> 20 | C34: =Förutsättningar!N$24 -> 5 | D34: 20 | E34: 50 | F34: -10 | G34: 7 | H34: 5.7 | I34: OK7 | K34: =Table14171920[[#This Row],[Slagg mängd]]&Table14171920[[#This Row],[Gjuttemperatur]]&Table14171920[[#This Row],[Temperatur motgjutningsyta]]&Table14171920[[#This Row],[Väderskydd, uppvärmning (ingen vind)]]&Table14171920[[#This Row],[Täckning '[mm']]]&Table14171920[[#This Row],[OK<7 dagar]]&Table14171920[[#This Row],[Kommentar]] -> 0,12052050OK7
A35: - | B35: - | C35: - | D35: - | E35: - | F35: -10 | G35: 12 | J35: Frys innan täck | K35: =Table14171920[[#This Row],[Slagg mängd]]&Table14171920[[#This Row],[Gjuttemperatur]]&Table14171920[[#This Row],[Temperatur motgjutningsyta]]&Table14171920[[#This Row],[Väderskydd, uppvärmning (ingen vind)]]&Table14171920[[#This Row],[Täckning '[mm']]]&Table14171920[[#This Row],[OK<7 dagar]]&Table14171920[[#This Row],[Kommentar]] -> -----Frys innan täck
A36: - | B36: - | C36: - | D36: - | E36: - | F36: -10 | G36: 20 | J36: Frys innan täck | K36: =Table14171920[[#This Row],[Slagg mängd]]&Table14171920[[#This Row],[Gjuttemperatur]]&Table14171920[[#This Row],[Temperatur motgjutningsyta]]&Table14171920[[#This Row],[Väderskydd, uppvärmning (ingen vind)]]&Table14171920[[#This Row],[Täckning '[mm']]]&Table14171920[[#This Row],[OK<7 dagar]]&Table14171920[[#This Row],[Kommentar]] -> -----Frys innan täck
A37: Bas+0% | B37: =Förutsättningar!M$25 -> 15 | C37: =Förutsättningar!N$25 -> 5 | D37: 20 | E37: 50 | F37: -15 | G37: 0 | H37: 5.2 | I37: OK7 | K37: =Table14171920[[#This Row],[Slagg mängd]]&Table14171920[[#This Row],[Gjuttemperatur]]&Table14171920[[#This Row],[Temperatur motgjutningsyta]]&Table14171920[[#This Row],[Väderskydd, uppvärmning (ingen vind)]]&Table14171920[[#This Row],[Täckning '[mm']]]&Table14171920[[#This Row],[OK<7 dagar]]&Table14171920[[#This Row],[Kommentar]] -> Bas+0%1552050OK7
A38: Bas+0% | B38: =Förutsättningar!M$25 -> 15 | C38: =Förutsättningar!N$25 -> 5 | D38: 20 | E38: 50 | F38: -15 | G38: 2 | H38: 5.5 | I38: OK7 | K38: =Table14171920[[#This Row],[Slagg mängd]]&Table14171920[[#This Row],[Gjuttemperatur]]&Table14171920[[#This Row],[Temperatur motgjutningsyta]]&Table14171920[[#This Row],[Väderskydd, uppvärmning (ingen vind)]]&Table14171920[[#This Row],[Täckning '[mm']]]&Table14171920[[#This Row],[OK<7 dagar]]&Table14171920[[#This Row],[Kommentar]] -> Bas+0%1552050OK7
A39: - | B39: - | C39: - | D39: - | E39: - | F39: -15 | G39: 7 | J39: Frys innan täck | K39: =Table14171920[[#This Row],[Slagg mängd]]&Table14171920[[#This Row],[Gjuttemperatur]]&Table14171920[[#This Row],[Temperatur motgjutningsyta]]&Table14171920[[#This Row],[Väderskydd, uppvärmning (ingen vind)]]&Table14171920[[#This Row],[Täckning '[mm']]]&Table14171920[[#This Row],[OK<7 dagar]]&Table14171920[[#This Row],[Kommentar]] -> -----Frys innan täck
A40: - | B40: - | C40: - | D40: - | E40: - | F40: -15 | G40: 12 | J40: Frys innan täck | K40: =Table14171920[[#This Row],[Slagg mängd]]&Table14171920[[#This Row],[Gjuttemperatur]]&Table14171920[[#This Row],[Temperatur motgjutningsyta]]&Table14171920[[#This Row],[Väderskydd, uppvärmning (ingen vind)]]&Table14171920[[#This Row],[Täckning '[mm']]]&Table14171920[[#This Row],[OK<7 dagar]]&Table14171920[[#This Row],[Kommentar]] -> -----Frys innan täck
A41: - | B41: - | C41: - | D41: - | E41: - | F41: -15 | G41: 20 | J41: Frys innan täck | K41: =Table14171920[[#This Row],[Slagg mängd]]&Table14171920[[#This Row],[Gjuttemperatur]]&Table14171920[[#This Row],[Temperatur motgjutningsyta]]&Table14171920[[#This Row],[Väderskydd, uppvärmning (ingen vind)]]&Table14171920[[#This Row],[Täckning '[mm']]]&Table14171920[[#This Row],[OK<7 dagar]]&Table14171920[[#This Row],[Kommentar]] -> -----Frys innan täck
A42: - | B42: - | C42: - | D42: - | E42: - | F42: -20 | G42: 0 | J42: Når ej 70% | K42: =Table14171920[[#This Row],[Slagg mängd]]&Table14171920[[#This Row],[Gjuttemperatur]]&Table14171920[[#This Row],[Temperatur motgjutningsyta]]&Table14171920[[#This Row],[Väderskydd, uppvärmning (ingen vind)]]&Table14171920[[#This Row],[Täckning '[mm']]]&Table14171920[[#This Row],[OK<7 dagar]]&Table14171920[[#This Row],[Kommentar]] -> -----Når ej 70%
A43: - | B43: - | C43: - | D43: - | E43: - | F43: -20 | G43: 2 | J43: Når ej 70% | K43: =Table14171920[[#This Row],[Slagg mängd]]&Table14171920[[#This Row],[Gjuttemperatur]]&Table14171920[[#This Row],[Temperatur motgjutningsyta]]&Table14171920[[#This Row],[Väderskydd, uppvärmning (ingen vind)]]&Table14171920[[#This Row],[Täckning '[mm']]]&Table14171920[[#This Row],[OK<7 dagar]]&Table14171920[[#This Row],[Kommentar]] -> -----Når ej 70%
A44: - | B44: - | C44: - | D44: - | E44: - | F44: -20 | G44: 7 | J44: Frys innan täck | K44: =Table14171920[[#This Row],[Slagg mängd]]&Table14171920[[#This Row],[Gjuttemperatur]]&Table14171920[[#This Row],[Temperatur motgjutningsyta]]&Table14171920[[#This Row],[Väderskydd, uppvärmning (ingen vind)]]&Table14171920[[#This Row],[Täckning '[mm']]]&Table14171920[[#This Row],[OK<7 dagar]]&Table14171920[[#This Row],[Kommentar]] -> -----Frys innan täck
A45: - | B45: - | C45: - | D45: - | E45: - | F45: -20 | G45: 12 | J45: Frys innan täck | K45: =Table14171920[[#This Row],[Slagg mängd]]&Table14171920[[#This Row],[Gjuttemperatur]]&Table14171920[[#This Row],[Temperatur motgjutningsyta]]&Table14171920[[#This Row],[Väderskydd, uppvärmning (ingen vind)]]&Table14171920[[#This Row],[Täckning '[mm']]]&Table14171920[[#This Row],[OK<7 dagar]]&Table14171920[[#This Row],[Kommentar]] -> -----Frys innan täck
A46: - | B46: - | C46: - | D46: - | E46: - | F46: -20 | G46: 20 | J46: Frys innan täck | K46: =Table14171920[[#This Row],[Slagg mängd]]&Table14171920[[#This Row],[Gjuttemperatur]]&Table14171920[[#This Row],[Temperatur motgjutningsyta]]&Table14171920[[#This Row],[Väderskydd, uppvärmning (ingen vind)]]&Table14171920[[#This Row],[Täckning '[mm']]]&Table14171920[[#This Row],[OK<7 dagar]]&Table14171920[[#This Row],[Kommentar]] -> -----Frys innan täck

Sheet Bjälklag (C30-37)
A1: Slagg mängd | B1: Gjuttemperatur | C1: Temperatur motgjutningsyta | D1: Väderskydd, uppvärmning (ingen vind) | E1: Täckning [mm] | F1: Temperatur | G1: Vind | H1: <7 d och >70% [Dagar] | I1: OK<7 dagar | J1: Kommentar | K1: Åtgärdskåd
A2: 0.4 | B2: =Förutsättningar!M$18 -> 15 | C2: =Förutsättningar!N$18 -> 20 | D2: - | E2: - | F2: 20 | G2: 0 | H2: 6.3 | I2: OK7 | K2: =Table141719[[#This Row],[Slagg mängd]]&Table141719[[#This Row],[Gjuttemperatur]]&Table141719[[#This Row],[Temperatur motgjutningsyta]]&Table141719[[#This Row],[Väderskydd, uppvärmning (ingen vind)]]&Table141719[[#This Row],[Täckning '[mm']]]&Table141719[[#This Row],[OK<7 dagar]]&Table141719[[#This Row],[Kommentar]] -> 0,41520--OK7
A3: 0.4 | B3: =Förutsättningar!$M$18 -> 15 | C3: =Förutsättningar!N$18 -> 20 | D3: - | E3: - | F3: 20 | G3: 2 | H3: 6.8 | I3: OK7 | K3: =Table141719[[#This Row],[Slagg mängd]]&Table141719[[#This Row],[Gjuttemperatur]]&Table141719[[#This Row],[Temperatur motgjutningsyta]]&Table141719[[#This Row],[Väderskydd, uppvärmning (ingen vind)]]&Table141719[[#This Row],[Täckning '[mm']]]&Table141719[[#This Row],[OK<7 dagar]]&Table141719[[#This Row],[Kommentar]] -> 0,41520--OK7
A4: 0.4 | B4: =Förutsättningar!$M$18 -> 15 | C4: =Förutsättningar!N$18 -> 20 | D4: - | E4: - | F4: 20 | G4: 7 | H4: 7 | I4: OK7 | K4: =Table141719[[#This Row],[Slagg mängd]]&Table141719[[#This Row],[Gjuttemperatur]]&Table141719[[#This Row],[Temperatur motgjutningsyta]]&Table141719[[#This Row],[Väderskydd, uppvärmning (ingen vind)]]&Table141719[[#This Row],[Täckning '[mm']]]&Table141719[[#This Row],[OK<7 dagar]]&Table141719[[#This Row],[Kommentar]] -> 0,41520--OK7
A5: 0.4 | B5: =Förutsättningar!$M$18 -> 15 | C5: =Förutsättningar!N$18 -> 20 | D5: - | E5: - | F5: 20 | G5: 12 | H5: 7 | I5: OK7 | K5: =Table141719[[#This Row],[Slagg mängd]]&Table141719[[#This Row],[Gjuttemperatur]]&Table141719[[#This Row],[Temperatur motgjutningsyta]]&Table141719[[#This Row],[Väderskydd, uppvärmning (ingen vind)]]&Table141719[[#This Row],[Täckning '[mm']]]&Table141719[[#This Row],[OK<7 dagar]]&Table141719[[#This Row],[Kommentar]] -> 0,41520--OK7
A6: 0.4 | B6: =Förutsättningar!$M$18 -> 15 | C6: =Förutsättningar!N$18 -> 20 | D6: 0 | E6: - | F6: 20 | G6: 20 | H6: 7 | I6: OK7 | K6: =Table141719[[#This Row],[Slagg mängd]]&Table141719[[#This Row],[Gjuttemperatur]]&Table141719[[#This Row],[Temperatur motgjutningsyta]]&Table141719[[#This Row],[Väderskydd, uppvärmning (ingen vind)]]&Table141719[[#This Row],[Täckning '[mm']]]&Table141719[[#This Row],[OK<7 dagar]]&Table141719[[#This Row],[Kommentar]] -> 0,415200-OK7
A7: 0.2 | B7: =Förutsättningar!M$19 -> 15 | C7: =Förutsättningar!N$19 -> 15 | D7: - | E7: - | F7: 15 | G7: 0 | H7: 6.1 | I7: OK7 | K7: =Table141719[[#This Row],[Slagg mängd]]&Table141719[[#This Row],[Gjuttemperatur]]&Table141719[[#This Row],[Temperatur motgjutningsyta]]&Table141719[[#This Row],[Väderskydd, uppvärmning (ingen vind)]]&Table141719[[#This Row],[Täckning '[mm']]]&Table141719[[#This Row],[OK<7 dagar]]&Table141719[[#This Row],[Kommentar]] -> 0,21515--OK7
A8: 0.2 | B8: 15 | C8: 15 | D8: - | E8: - | F8: 15 | G8: 2 | H8: 6.9 | I8: OK7 | K8: =Table141719[[#This Row],[Slagg mängd]]&Table141719[[#This Row],[Gjuttemperatur]]&Table141719[[#This Row],[Temperatur motgjutningsyta]]&Table141719[[#This Row],[Väderskydd, uppvärmning (ingen vind)]]&Table141719[[#This Row],[Täckning '[mm']]]&Table141719[[#This Row],[OK<7 dagar]]&Table141719[[#This Row],[Kommentar]] -> 0,21515--OK7
A9: 0.2 | B9: =Förutsättningar!M$19 -> 15 | C9: =Förutsättningar!N$19 -> 15 | D9: 0 | E9: Presenning | F9: 15 | G9: 7 | H9: 6.8 | I9: OK7 | K9: =Table141719[[#This Row],[Slagg mängd]]&Table141719[[#This Row],[Gjuttemperatur]]&Table141719[[#This Row],[Temperatur motgjutningsyta]]&Table141719[[#This Row],[Väderskydd, uppvärmning (ingen vind)]]&Table141719[[#This Row],[Täckning '[mm']]]&Table141719[[#This Row],[OK<7 dagar]]&Table141719[[#This Row],[Kommentar]] -> 0,215150PresenningOK7
A10: 0.2 | B10: =Förutsättningar!M$19 -> 15 | C10: =Förutsättningar!N$19 -> 15 | D10: 0 | E10: Presenning | F10: 15 | G10: 12 | H10: 6.9 | I10: OK7 | K10: =Table141719[[#This Row],[Slagg mängd]]&Table141719[[#This Row],[Gjuttemperatur]]&Table141719[[#This Row],[Temperatur motgjutningsyta]]&Table141719[[#This Row],[Väderskydd, uppvärmning (ingen vind)]]&Table141719[[#This Row],[Täckning '[mm']]]&Table141719[[#This Row],[OK<7 dagar]]&Table141719[[#This Row],[Kommentar]] -> 0,215150PresenningOK7
A11: 0.2 | B11: =Förutsättningar!M$19 -> 15 | C11: =Förutsättningar!N$19 -> 15 | D11: 0 | E11: Presenning | F11: 15 | G11: 20 | H11: 7 | I11: OK7 | K11: =Table141719[[#This Row],[Slagg mängd]]&Table141719[[#This Row],[Gjuttemperatur]]&Table141719[[#This Row],[Temperatur motgjutningsyta]]&Table141719[[#This Row],[Väderskydd, uppvärmning (ingen vind)]]&Table141719[[#This Row],[Täckning '[mm']]]&Table141719[[#This Row],[OK<7 dagar]]&Table141719[[#This Row],[Kommentar]] -> 0,215150PresenningOK7
A12: 0.1 | B12: =Förutsättningar!M$20 -> 15 | C12: =Förutsättningar!N$20 -> 10 | D12: - | E12: - | F12: 10 | G12: 0 | H12: 6.3 | I12: OK7 | K12: =Table141719[[#This Row],[Slagg mängd]]&Table141719[[#This Row],[Gjuttemperatur]]&Table141719[[#This Row],[Temperatur motgjutningsyta]]&Table141719[[#This Row],[Väderskydd, uppvärmning (ingen vind)]]&Table141719[[#This Row],[Täckning '[mm']]]&Table141719[[#This Row],[OK<7 dagar]]&Table141719[[#This Row],[Kommentar]] -> 0,11510--OK7
A13: 0.1 | B13: =Förutsättningar!M$20 -> 15 | C13: =Förutsättningar!N$20 -> 10 | D13: 0 | E13: Presenning | F13: 10 | G13: 2 | H13: 6.8 | I13: OK7 | K13: =Table141719[[#This Row],[Slagg mängd]]&Table141719[[#This Row],[Gjuttemperatur]]&Table141719[[#This Row],[Temperatur motgjutningsyta]]&Table141719[[#This Row],[Väderskydd, uppvärmning (ingen vind)]]&Table141719[[#This Row],[Täckning '[mm']]]&Table141719[[#This Row],[OK<7 dagar]]&Table141719[[#This Row],[Kommentar]] -> 0,115100PresenningOK7
A14: Bas+0% | B14: =Förutsättningar!M$20 -> 15 | C14: =Förutsättningar!N$20 -> 10 | D14: - | E14: - | F14: 10 | G14: 7 | H14: 6 | I14: OK7 | K14: =Table141719[[#This Row],[Slagg mängd]]&Table141719[[#This Row],[Gjuttemperatur]]&Table141719[[#This Row],[Temperatur motgjutningsyta]]&Table141719[[#This Row],[Väderskydd, uppvärmning (ingen vind)]]&Table141719[[#This Row],[Täckning '[mm']]]&Table141719[[#This Row],[OK<7 dagar]]&Table141719[[#This Row],[Kommentar]] -> Bas+0%1510--OK7
A15: Bas+0% | B15: =Förutsättningar!M$20 -> 15 | C15: =Förutsättningar!N$20 -> 10 | D15: - | E15: - | F15: 10 | G15: 12 | H15: 6.1 | I15: OK7 | K15: =Table141719[[#This Row],[Slagg mängd]]&Table141719[[#This Row],[Gjuttemperatur]]&Table141719[[#This Row],[Temperatur motgjutningsyta]]&Table141719[[#This Row],[Väderskydd, uppvärmning (ingen vind)]]&Table141719[[#This Row],[Täckning '[mm']]]&Table141719[[#This Row],[OK<7 dagar]]&Table141719[[#This Row],[Kommentar]] -> Bas+0%1510--OK7
A16: Bas+0% | B16: =Förutsättningar!M$20 -> 15 | C16: =Förutsättningar!N$20 -> 10 | D16: - | E16: - | F16: 10 | G16: 20 | H16: 6.2 | I16: OK7 | K16: =Table141719[[#This Row],[Slagg mängd]]&Table141719[[#This Row],[Gjuttemperatur]]&Table141719[[#This Row],[Temperatur motgjutningsyta]]&Table141719[[#This Row],[Väderskydd, uppvärmning (ingen vind)]]&Table141719[[#This Row],[Täckning '[mm']]]&Table141719[[#This Row],[OK<7 dagar]]&Table141719[[#This Row],[Kommentar]] -> Bas+0%1510--OK7
A17: 0.4 | B17: =Förutsättningar!M$21 -> 20 | C17: =Förutsättningar!N$21 -> 5 | D17: 20 | E17: 10 | F17: 5 | G17: 0 | H17: 6.4 | I17: OK7 | K17: =Table141719[[#This Row],[Slagg mängd]]&Table141719[[#This Row],[Gjuttemperatur]]&Table141719[[#This Row],[Temperatur motgjutningsyta]]&Table141719[[#This Row],[Väderskydd, uppvärmning (ingen vind)]]&Table141719[[#This Row],[Täckning '[mm']]]&Table141719[[#This Row],[OK<7 dagar]]&Table141719[[#This Row],[Kommentar]] -> 0,42052010OK7
A18: 0.4 | B18: =Förutsättningar!M$21 -> 20 | C18: =Förutsättningar!N$21 -> 5 | D18: 20 | E18: 10 | F18: 5 | G18: 2 | H18: 7 | I18: OK7 | K18: =Table141719[[#This Row],[Slagg mängd]]&Table141719[[#This Row],[Gjuttemperatur]]&Table141719[[#This Row],[Temperatur motgjutningsyta]]&Table141719[[#This Row],[Väderskydd, uppvärmning (ingen vind)]]&Table141719[[#This Row],[Täckning '[mm']]]&Table141719[[#This Row],[OK<7 dagar]]&Table141719[[#This Row],[Kommentar]] -> 0,42052010OK7
A19: 0.4 | B19: =Förutsättningar!M$21 -> 20 | C19: =Förutsättningar!N$21 -> 5 | D19: 20 | E19: 20 | F19: 5 | G19: 7 | H19: 6.1 | I19: OK7 | K19: =Table141719[[#This Row],[Slagg mängd]]&Table141719[[#This Row],[Gjuttemperatur]]&Table141719[[#This Row],[Temperatur motgjutningsyta]]&Table141719[[#This Row],[Väderskydd, uppvärmning (ingen vind)]]&Table141719[[#This Row],[Täckning '[mm']]]&Table141719[[#This Row],[OK<7 dagar]]&Table141719[[#This Row],[Kommentar]] -> 0,42052020OK7
A20: 0.4 | B20: =Förutsättningar!M$21 -> 20 | C20: =Förutsättningar!N$21 -> 5 | D20: 20 | E20: 20 | F20: 5 | G20: 12 | H20: 6.2 | I20: OK7 | K20: =Table141719[[#This Row],[Slagg mängd]]&Table141719[[#This Row],[Gjuttemperatur]]&Table141719[[#This Row],[Temperatur motgjutningsyta]]&Table141719[[#This Row],[Väderskydd, uppvärmning (ingen vind)]]&Table141719[[#This Row],[Täckning '[mm']]]&Table141719[[#This Row],[OK<7 dagar]]&Table141719[[#This Row],[Kommentar]] -> 0,42052020OK7
A21: 0.4 | B21: =Förutsättningar!M$21 -> 20 | C21: =Förutsättningar!N$21 -> 5 | D21: 20 | E21: 20 | F21: 5 | G21: 20 | H21: 6.2 | I21: OK7 | K21: =Table141719[[#This Row],[Slagg mängd]]&Table141719[[#This Row],[Gjuttemperatur]]&Table141719[[#This Row],[Temperatur motgjutningsyta]]&Table141719[[#This Row],[Väderskydd, uppvärmning (ingen vind)]]&Table141719[[#This Row],[Täckning '[mm']]]&Table141719[[#This Row],[OK<7 dagar]]&Table141719[[#This Row],[Kommentar]] -> 0,42052020OK7
A22: 0.4 | B22: =Förutsättningar!M$22 -> 20 | C22: =Förutsättningar!N$22 -> 5 | D22: 20 | E22: 30 | F22: 0 | G22: 0 | H22: 6.7 | I22: OK7 | K22: =Table141719[[#This Row],[Slagg mängd]]&Table141719[[#This Row],[Gjuttemperatur]]&Table141719[[#This Row],[Temperatur motgjutningsyta]]&Table141719[[#This Row],[Väderskydd, uppvärmning (ingen vind)]]&Table141719[[#This Row],[Täckning '[mm']]]&Table141719[[#This Row],[OK<7 dagar]]&Table141719[[#This Row],[Kommentar]] -> 0,42052030OK7
A23: 0.4 | B23: =Förutsättningar!M$22 -> 20 | C23: =Förutsättningar!N$22 -> 5 | D23: 20 | E23: 30 | F23: 0 | G23: 2 | H23: 7 | I23: OK7 | K23: =Table141719[[#This Row],[Slagg mängd]]&Table141719[[#This Row],[Gjuttemperatur]]&Table141719[[#This Row],[Temperatur motgjutningsyta]]&Table141719[[#This Row],[Väderskydd, uppvärmning (ingen vind)]]&Table141719[[#This Row],[Täckning '[mm']]]&Table141719[[#This Row],[OK<7 dagar]]&Table141719[[#This Row],[Kommentar]] -> 0,42052030OK7
A24: 0.4 | B24: =Förutsättningar!M$22 -> 20 | C24: =Förutsättningar!N$22 -> 5 | D24: 20 | E24: 50 | F24: 0 | G24: 7 | H24: 6.2 | I24: OK7 | K24: =Table141719[[#This Row],[Slagg mängd]]&Table141719[[#This Row],[Gjuttemperatur]]&Table141719[[#This Row],[Temperatur motgjutningsyta]]&Table141719[[#This Row],[Väderskydd, uppvärmning (ingen vind)]]&Table141719[[#This Row],[Täckning '[mm']]]&Table141719[[#This Row],[OK<7 dagar]]&Table141719[[#This Row],[Kommentar]] -> 0,42052050OK7
A25: 0.4 | B25: =Förutsättningar!M$22 -> 20 | C25: =Förutsättningar!N$22 -> 5 | D25: 20 | E25: 50 | F25: 0 | G25: 12 | H25: 6.2 | I25: OK7 | K25: =Table141719[[#This Row],[Slagg mängd]]&Table141719[[#This Row],[Gjuttemperatur]]&Table141719[[#This Row],[Temperatur motgjutningsyta]]&Table141719[[#This Row],[Väderskydd, uppvärmning (ingen vind)]]&Table141719[[#This Row],[Täckning '[mm']]]&Table141719[[#This Row],[OK<7 dagar]]&Table141719[[#This Row],[Kommentar]] -> 0,42052050OK7
A26: 0.4 | B26: =Förutsättningar!M$22 -> 20 | C26: =Förutsättningar!N$22 -> 5 | D26: 20 | E26: 50 | F26: 0 | G26: 20 | H26: 6.3 | I26: OK7 | K26: =Table141719[[#This Row],[Slagg mängd]]&Table141719[[#This Row],[Gjuttemperatur]]&Table141719[[#This Row],[Temperatur motgjutningsyta]]&Table141719[[#This Row],[Väderskydd, uppvärmning (ingen vind)]]&Table141719[[#This Row],[Täckning '[mm']]]&Table141719[[#This Row],[OK<7 dagar]]&Table141719[[#This Row],[Kommentar]] -> 0,42052050OK7
A27: 0.3 | B27: =Förutsättningar!M$23 -> 20 | C27: =Förutsättningar!N$23 -> 5 | D27: 20 | E27: 50 | F27: -5 | G27: 0 | H27: 6.4 | I27: OK7 | K27: =Table141719[[#This Row],[Slagg mängd]]&Table141719[[#This Row],[Gjuttemperatur]]&Table141719[[#This Row],[Temperatur motgjutningsyta]]&Table141719[[#This Row],[Väderskydd, uppvärmning (ingen vind)]]&Table141719[[#This Row],[Täckning '[mm']]]&Table141719[[#This Row],[OK<7 dagar]]&Table141719[[#This Row],[Kommentar]] -> 0,32052050OK7
A28: 0.3 | B28: =Förutsättningar!M$23 -> 20 | C28: =Förutsättningar!N$23 -> 5 | D28: 20 | E28: 50 | F28: -5 | G28: 2 | H28: 6.6 | I28: OK7 | K28: =Table141719[[#This Row],[Slagg mängd]]&Table141719[[#This Row],[Gjuttemperatur]]&Table141719[[#This Row],[Temperatur motgjutningsyta]]&Table141719[[#This Row],[Väderskydd, uppvärmning (ingen vind)]]&Table141719[[#This Row],[Täckning '[mm']]]&Table141719[[#This Row],[OK<7 dagar]]&Table141719[[#This Row],[Kommentar]] -> 0,32052050OK7
A29: 0.3 | B29: =Förutsättningar!M$23 -> 20 | C29: =Förutsättningar!N$23 -> 5 | D29: 20 | E29: 50 | F29: -5 | G29: 7 | H29: 6.9 | I29: OK7 | K29: =Table141719[[#This Row],[Slagg mängd]]&Table141719[[#This Row],[Gjuttemperatur]]&Table141719[[#This Row],[Temperatur motgjutningsyta]]&Table141719[[#This Row],[Väderskydd, uppvärmning (ingen vind)]]&Table141719[[#This Row],[Täckning '[mm']]]&Table141719[[#This Row],[OK<7 dagar]]&Table141719[[#This Row],[Kommentar]] -> 0,32052050OK7
A30: 0.3 | B30: =Förutsättningar!M$23 -> 20 | C30: =Förutsättningar!N$23 -> 5 | D30: 20 | E30: 50 | F30: -5 | G30: 12 | H30: 7 | I30: OK7 | K30: =Table141719[[#This Row],[Slagg mängd]]&Table141719[[#This Row],[Gjuttemperatur]]&Table141719[[#This Row],[Temperatur motgjutningsyta]]&Table141719[[#This Row],[Väderskydd, uppvärmning (ingen vind)]]&Table141719[[#This Row],[Täckning '[mm']]]&Table141719[[#This Row],[OK<7 dagar]]&Table141719[[#This Row],[Kommentar]] -> 0,32052050OK7
A31: 0.2 | B31: =Förutsättningar!M$23 -> 20 | C31: =Förutsättningar!N$23 -> 5 | D31: 20 | E31: 30 | F31: -5 | G31: 20 | H31: 7 | I31: OK7 | K31: =Table141719[[#This Row],[Slagg mängd]]&Table141719[[#This Row],[Gjuttemperatur]]&Table141719[[#This Row],[Temperatur motgjutningsyta]]&Table141719[[#This Row],[Väderskydd, uppvärmning (ingen vind)]]&Table141719[[#This Row],[Täckning '[mm']]]&Table141719[[#This Row],[OK<7 dagar]]&Table141719[[#This Row],[Kommentar]] -> 0,22052030OK7
A32: 0.2 | B32: =Förutsättningar!M$24 -> 20 | C32: =Förutsättningar!N$24 -> 5 | D32: 20 | E32: 50 | F32: -10 | G32: 0 | H32: 7 | I32: OK7 | K32: =Table141719[[#This Row],[Slagg mängd]]&Table141719[[#This Row],[Gjuttemperatur]]&Table141719[[#This Row],[Temperatur motgjutningsyta]]&Table141719[[#This Row],[Väderskydd, uppvärmning (ingen vind)]]&Table141719[[#This Row],[Täckning '[mm']]]&Table141719[[#This Row],[OK<7 dagar]]&Table141719[[#This Row],[Kommentar]] -> 0,22052050OK7
A33: 0.1 | B33: =Förutsättningar!M$24 -> 20 | C33: =Förutsättningar!N$24 -> 5 | D33: 20 | E33: 30 | F33: -10 | G33: 2 | H33: 6.4 | I33: OK7 | K33: =Table141719[[#This Row],[Slagg mängd]]&Table141719[[#This Row],[Gjuttemperatur]]&Table141719[[#This Row],[Temperatur motgjutningsyta]]&Table141719[[#This Row],[Väderskydd, uppvärmning (ingen vind)]]&Table141719[[#This Row],[Täckning '[mm']]]&Table141719[[#This Row],[OK<7 dagar]]&Table141719[[#This Row],[Kommentar]] -> 0,12052030OK7
A34: 0.1 | B34: =Förutsättningar!M$24 -> 20 | C34: =Förutsättningar!N$24 -> 5 | D34: 20 | E34: 30 | F34: -10 | G34: 7 | H34: 6.9 | I34: OK7 | K34: =Table141719[[#This Row],[Slagg mängd]]&Table141719[[#This Row],[Gjuttemperatur]]&Table141719[[#This Row],[Temperatur motgjutningsyta]]&Table141719[[#This Row],[Väderskydd, uppvärmning (ingen vind)]]&Table141719[[#This Row],[Täckning '[mm']]]&Table141719[[#This Row],[OK<7 dagar]]&Table141719[[#This Row],[Kommentar]] -> 0,12052030OK7
A35: - | B35: - | C35: - | D35: - | E35: - | F35: -10 | G35: 12 | J35: Frys innan täck | K35: =Table141719[[#This Row],[Slagg mängd]]&Table141719[[#This Row],[Gjuttemperatur]]&Table141719[[#This Row],[Temperatur motgjutningsyta]]&Table141719[[#This Row],[Väderskydd, uppvärmning (ingen vind)]]&Table141719[[#This Row],[Täckning '[mm']]]&Table141719[[#This Row],[OK<7 dagar]]&Table141719[[#This Row],[Kommentar]] -> -----Frys innan täck
A36: - | B36: - | C36: - | D36: - | E36: - | F36: -10 | G36: 20 | J36: Frys innan täck | K36: =Table141719[[#This Row],[Slagg mängd]]&Table141719[[#This Row],[Gjuttemperatur]]&Table141719[[#This Row],[Temperatur motgjutningsyta]]&Table141719[[#This Row],[Väderskydd, uppvärmning (ingen vind)]]&Table141719[[#This Row],[Täckning '[mm']]]&Table141719[[#This Row],[OK<7 dagar]]&Table141719[[#This Row],[Kommentar]] -> -----Frys innan täck
A37: Bas+0% | B37: =Förutsättningar!M$25 -> 15 | C37: =Förutsättningar!N$25 -> 5 | D37: 20 | E37: 30 | F37: -15 | G37: 0 | H37: 6.5 | I37: OK7 | K37: =Table141719[[#This Row],[Slagg mängd]]&Table141719[[#This Row],[Gjuttemperatur]]&Table141719[[#This Row],[Temperatur motgjutningsyta]]&Table141719[[#This Row],[Väderskydd, uppvärmning (ingen vind)]]&Table141719[[#This Row],[Täckning '[mm']]]&Table141719[[#This Row],[OK<7 dagar]]&Table141719[[#This Row],[Kommentar]] -> Bas+0%1552030OK7
A38: Bas+0% | B38: =Förutsättningar!M$25 -> 15 | C38: =Förutsättningar!N$25 -> 5 | D38: 20 | E38: 50 | F38: -15 | G38: 2 | H38: 5 | I38: OK7 | K38: =Table141719[[#This Row],[Slagg mängd]]&Table141719[[#This Row],[Gjuttemperatur]]&Table141719[[#This Row],[Temperatur motgjutningsyta]]&Table141719[[#This Row],[Väderskydd, uppvärmning (ingen vind)]]&Table141719[[#This Row],[Täckning '[mm']]]&Table141719[[#This Row],[OK<7 dagar]]&Table141719[[#This Row],[Kommentar]] -> Bas+0%1552050OK7
A39: - | B39: - | C39: - | D39: - | E39: - | F39: -15 | G39: 7 | J39: Frys innan täck | K39: =Table141719[[#This Row],[Slagg mängd]]&Table141719[[#This Row],[Gjuttemperatur]]&Table141719[[#This Row],[Temperatur motgjutningsyta]]&Table141719[[#This Row],[Väderskydd, uppvärmning (ingen vind)]]&Table141719[[#This Row],[Täckning '[mm']]]&Table141719[[#This Row],[OK<7 dagar]]&Table141719[[#This Row],[Kommentar]] -> -----Frys innan täck
A40: - | B40: - | C40: - | D40: - | E40: - | F40: -15 | G40: 12 | J40: Frys innan täck | K40: =Table141719[[#This Row],[Slagg mängd]]&Table141719[[#This Row],[Gjuttemperatur]]&Table141719[[#This Row],[Temperatur motgjutningsyta]]&Table141719[[#This Row],[Väderskydd, uppvärmning (ingen vind)]]&Table141719[[#This Row],[Täckning '[mm']]]&Table141719[[#This Row],[OK<7 dagar]]&Table141719[[#This Row],[Kommentar]] -> -----Frys innan täck
A41: - | B41: - | C41: - | D41: - | E41: - | F41: -15 | G41: 20 | J41: Frys innan täck | K41: =Table141719[[#This Row],[Slagg mängd]]&Table141719[[#This Row],[Gjuttemperatur]]&Table141719[[#This Row],[Temperatur motgjutningsyta]]&Table141719[[#This Row],[Väderskydd, uppvärmning (ingen vind)]]&Table141719[[#This Row],[Täckning '[mm']]]&Table141719[[#This Row],[OK<7 dagar]]&Table141719[[#This Row],[Kommentar]] -> -----Frys innan täck
A42: - | B42: - | C42: - | D42: - | E42: - | F42: -20 | G42: 0 | J42: Når ej 70% | K42: =Table141719[[#This Row],[Slagg mängd]]&Table141719[[#This Row],[Gjuttemperatur]]&Table141719[[#This Row],[Temperatur motgjutningsyta]]&Table141719[[#This Row],[Väderskydd, uppvärmning (ingen vind)]]&Table141719[[#This Row],[Täckning '[mm']]]&Table141719[[#This Row],[OK<7 dagar]]&Table141719[[#This Row],[Kommentar]] -> -----Når ej 70%
A43: - | B43: - | C43: - | D43: - | E43: - | F43: -20 | G43: 2 | J43: Når ej 70% | K43: =Table141719[[#This Row],[Slagg mängd]]&Table141719[[#This Row],[Gjuttemperatur]]&Table141719[[#This Row],[Temperatur motgjutningsyta]]&Table141719[[#This Row],[Väderskydd, uppvärmning (ingen vind)]]&Table141719[[#This Row],[Täckning '[mm']]]&Table141719[[#This Row],[OK<7 dagar]]&Table141719[[#This Row],[Kommentar]] -> -----Når ej 70%
A44: - | B44: - | C44: - | D44: - | E44: - | F44: -20 | G44: 7 | J44: Frys innan täck | K44: =Table141719[[#This Row],[Slagg mängd]]&Table141719[[#This Row],[Gjuttemperatur]]&Table141719[[#This Row],[Temperatur motgjutningsyta]]&Table141719[[#This Row],[Väderskydd, uppvärmning (ingen vind)]]&Table141719[[#This Row],[Täckning '[mm']]]&Table141719[[#This Row],[OK<7 dagar]]&Table141719[[#This Row],[Kommentar]] -> -----Frys innan täck
A45: - | B45: - | C45: - | D45: - | E45: - | F45: -20 | G45: 12 | J45: Frys innan täck | K45: =Table141719[[#This Row],[Slagg mängd]]&Table141719[[#This Row],[Gjuttemperatur]]&Table141719[[#This Row],[Temperatur motgjutningsyta]]&Table141719[[#This Row],[Väderskydd, uppvärmning (ingen vind)]]&Table141719[[#This Row],[Täckning '[mm']]]&Table141719[[#This Row],[OK<7 dagar]]&Table141719[[#This Row],[Kommentar]] -> -----Frys innan täck
A46: - | B46: - | C46: - | D46: - | E46: - | F46: -20 | G46: 20 | J46: Frys innan täck | K46: =Table141719[[#This Row],[Slagg mängd]]&Table141719[[#This Row],[Gjuttemperatur]]&Table141719[[#This Row],[Temperatur motgjutningsyta]]&Table141719[[#This Row],[Väderskydd, uppvärmning (ingen vind)]]&Table141719[[#This Row],[Täckning '[mm']]]&Table141719[[#This Row],[OK<7 dagar]]&Table141719[[#This Row],[Kommentar]] -> -----Frys innan täck

Sheet Bjälklag (C32-40)
A1: Slagg mängd | B1: Gjuttemperatur | C1: Temperatur motgjutningsyta | D1: Väderskydd, uppvärmning (ingen vind) | E1: Täckning [mm] | F1: Temperatur | G1: Vind | H1: <7 d och >70% [Dagar] | I1: OK<7 dagar | J1: Kommentar | K1: Åtgärdskåd
A2: 0.4 | B2: =Förutsättningar!M$18 -> 15 | C2: =Förutsättningar!N$18 -> 20 | D2: - | E2: - | F2: 20 | G2: 0 | H2: 5.9 | I2: OK7 | K2: =Table1417[[#This Row],[Slagg mängd]]&Table1417[[#This Row],[Gjuttemperatur]]&Table1417[[#This Row],[Temperatur motgjutningsyta]]&Table1417[[#This Row],[Väderskydd, uppvärmning (ingen vind)]]&Table1417[[#This Row],[Täckning '[mm']]]&Table1417[[#This Row],[OK<7 dagar]]&Table1417[[#This Row],[Kommentar]] -> 0,41520--OK7
A3: 0.4 | B3: =Förutsättningar!$M$18 -> 15 | C3: =Förutsättningar!N$18 -> 20 | D3: - | E3: - | F3: 20 | G3: 2 | H3: 6.5 | I3: OK7 | K3: =Table1417[[#This Row],[Slagg mängd]]&Table1417[[#This Row],[Gjuttemperatur]]&Table1417[[#This Row],[Temperatur motgjutningsyta]]&Table1417[[#This Row],[Väderskydd, uppvärmning (ingen vind)]]&Table1417[[#This Row],[Täckning '[mm']]]&Table1417[[#This Row],[OK<7 dagar]]&Table1417[[#This Row],[Kommentar]] -> 0,41520--OK7
A4: 0.4 | B4: =Förutsättningar!$M$18 -> 15 | C4: =Förutsättningar!N$18 -> 20 | D4: - | E4: - | F4: 20 | G4: 7 | H4: 6.7 | I4: OK7 | K4: =Table1417[[#This Row],[Slagg mängd]]&Table1417[[#This Row],[Gjuttemperatur]]&Table1417[[#This Row],[Temperatur motgjutningsyta]]&Table1417[[#This Row],[Väderskydd, uppvärmning (ingen vind)]]&Table1417[[#This Row],[Täckning '[mm']]]&Table1417[[#This Row],[OK<7 dagar]]&Table1417[[#This Row],[Kommentar]] -> 0,41520--OK7
A5: 0.4 | B5: =Förutsättningar!$M$18 -> 15 | C5: =Förutsättningar!N$18 -> 20 | D5: - | E5: - | F5: 20 | G5: 12 | H5: 6.8 | I5: OK7 | K5: =Table1417[[#This Row],[Slagg mängd]]&Table1417[[#This Row],[Gjuttemperatur]]&Table1417[[#This Row],[Temperatur motgjutningsyta]]&Table1417[[#This Row],[Väderskydd, uppvärmning (ingen vind)]]&Table1417[[#This Row],[Täckning '[mm']]]&Table1417[[#This Row],[OK<7 dagar]]&Table1417[[#This Row],[Kommentar]] -> 0,41520--OK7
A6: 0.4 | B6: =Förutsättningar!$M$18 -> 15 | C6: =Förutsättningar!N$18 -> 20 | D6: - | E6: - | F6: 20 | G6: 20 | H6: 6.8 | I6: OK7 | K6: =Table1417[[#This Row],[Slagg mängd]]&Table1417[[#This Row],[Gjuttemperatur]]&Table1417[[#This Row],[Temperatur motgjutningsyta]]&Table1417[[#This Row],[Väderskydd, uppvärmning (ingen vind)]]&Table1417[[#This Row],[Täckning '[mm']]]&Table1417[[#This Row],[OK<7 dagar]]&Table1417[[#This Row],[Kommentar]] -> 0,41520--OK7
A7: 0.3 | B7: =Förutsättningar!M$19 -> 15 | C7: =Förutsättningar!N$19 -> 15 | D7: 0 | E7: Presenning | F7: 15 | G7: 0 | H7: 6.6 | I7: OK7 | K7: =Table1417[[#This Row],[Slagg mängd]]&Table1417[[#This Row],[Gjuttemperatur]]&Table1417[[#This Row],[Temperatur motgjutningsyta]]&Table1417[[#This Row],[Väderskydd, uppvärmning (ingen vind)]]&Table1417[[#This Row],[Täckning '[mm']]]&Table1417[[#This Row],[OK<7 dagar]]&Table1417[[#This Row],[Kommentar]] -> 0,315150PresenningOK7
A8: 0.2 | B8: =Förutsättningar!M$19 -> 15 | C8: =Förutsättningar!N$19 -> 15 | D8: - | E8: - | F8: 15 | G8: 2 | H8: 6.5 | I8: OK7 | K8: =Table1417[[#This Row],[Slagg mängd]]&Table1417[[#This Row],[Gjuttemperatur]]&Table1417[[#This Row],[Temperatur motgjutningsyta]]&Table1417[[#This Row],[Väderskydd, uppvärmning (ingen vind)]]&Table1417[[#This Row],[Täckning '[mm']]]&Table1417[[#This Row],[OK<7 dagar]]&Table1417[[#This Row],[Kommentar]] -> 0,21515--OK7
A9: 0.2 | B9: =Förutsättningar!M$19 -> 15 | C9: =Förutsättningar!N$19 -> 15 | D9: - | E9: - | F9: 15 | G9: 7 | H9: 6.9 | I9: OK7 | K9: =Table1417[[#This Row],[Slagg mängd]]&Table1417[[#This Row],[Gjuttemperatur]]&Table1417[[#This Row],[Temperatur motgjutningsyta]]&Table1417[[#This Row],[Väderskydd, uppvärmning (ingen vind)]]&Table1417[[#This Row],[Täckning '[mm']]]&Table1417[[#This Row],[OK<7 dagar]]&Table1417[[#This Row],[Kommentar]] -> 0,21515--OK7
A10: 0.2 | B10: =Förutsättningar!M$19 -> 15 | C10: =Förutsättningar!N$19 -> 15 | D10: - | E10: - | F10: 15 | G10: 12 | H10: 7 | I10: OK7 | K10: =Table1417[[#This Row],[Slagg mängd]]&Table1417[[#This Row],[Gjuttemperatur]]&Table1417[[#This Row],[Temperatur motgjutningsyta]]&Table1417[[#This Row],[Väderskydd, uppvärmning (ingen vind)]]&Table1417[[#This Row],[Täckning '[mm']]]&Table1417[[#This Row],[OK<7 dagar]]&Table1417[[#This Row],[Kommentar]] -> 0,21515--OK7
A11: 0.2 | B11: =Förutsättningar!M$19 -> 15 | C11: =Förutsättningar!N$19 -> 15 | D11: - | E11: - | F11: 15 | G11: 20 | H11: 7 | I11: OK7 | K11: =Table1417[[#This Row],[Slagg mängd]]&Table1417[[#This Row],[Gjuttemperatur]]&Table1417[[#This Row],[Temperatur motgjutningsyta]]&Table1417[[#This Row],[Väderskydd, uppvärmning (ingen vind)]]&Table1417[[#This Row],[Täckning '[mm']]]&Table1417[[#This Row],[OK<7 dagar]]&Table1417[[#This Row],[Kommentar]] -> 0,21515--OK7
A12: 0.1 | B12: =Förutsättningar!M$20 -> 15 | C12: =Förutsättningar!N$20 -> 10 | D12: - | E12: - | F12: 10 | G12: 0 | H12: 5.7 | I12: OK7 | K12: =Table1417[[#This Row],[Slagg mängd]]&Table1417[[#This Row],[Gjuttemperatur]]&Table1417[[#This Row],[Temperatur motgjutningsyta]]&Table1417[[#This Row],[Väderskydd, uppvärmning (ingen vind)]]&Table1417[[#This Row],[Täckning '[mm']]]&Table1417[[#This Row],[OK<7 dagar]]&Table1417[[#This Row],[Kommentar]] -> 0,11510--OK7
A13: 0.1 | B13: =Förutsättningar!M$20 -> 15 | C13: =Förutsättningar!N$20 -> 10 | D13: - | E13: - | F13: 10 | G13: 2 | H13: 6.9 | I13: OK7 | K13: =Table1417[[#This Row],[Slagg mängd]]&Table1417[[#This Row],[Gjuttemperatur]]&Table1417[[#This Row],[Temperatur motgjutningsyta]]&Table1417[[#This Row],[Väderskydd, uppvärmning (ingen vind)]]&Table1417[[#This Row],[Täckning '[mm']]]&Table1417[[#This Row],[OK<7 dagar]]&Table1417[[#This Row],[Kommentar]] -> 0,11510--OK7
A14: 0.1 | B14: =Förutsättningar!M$20 -> 15 | C14: =Förutsättningar!N$20 -> 10 | D14: 0 | E14: Presenning | F14: 10 | G14: 7 | H14: 6.7 | I14: OK7 | K14: =Table1417[[#This Row],[Slagg mängd]]&Table1417[[#This Row],[Gjuttemperatur]]&Table1417[[#This Row],[Temperatur motgjutningsyta]]&Table1417[[#This Row],[Väderskydd, uppvärmning (ingen vind)]]&Table1417[[#This Row],[Täckning '[mm']]]&Table1417[[#This Row],[OK<7 dagar]]&Table1417[[#This Row],[Kommentar]] -> 0,115100PresenningOK7
A15: 0.1 | B15: =Förutsättningar!M$20 -> 15 | C15: =Förutsättningar!N$20 -> 10 | D15: 0 | E15: Presenning | F15: 10 | G15: 12 | H15: 6.8 | I15: OK7 | K15: =Table1417[[#This Row],[Slagg mängd]]&Table1417[[#This Row],[Gjuttemperatur]]&Table1417[[#This Row],[Temperatur motgjutningsyta]]&Table1417[[#This Row],[Väderskydd, uppvärmning (ingen vind)]]&Table1417[[#This Row],[Täckning '[mm']]]&Table1417[[#This Row],[OK<7 dagar]]&Table1417[[#This Row],[Kommentar]] -> 0,115100PresenningOK7
A16: 0.1 | B16: =Förutsättningar!M$20 -> 15 | C16: =Förutsättningar!N$20 -> 10 | D16: 0 | E16: Presenning | F16: 10 | G16: 20 | H16: 6.9 | I16: OK7 | K16: =Table1417[[#This Row],[Slagg mängd]]&Table1417[[#This Row],[Gjuttemperatur]]&Table1417[[#This Row],[Temperatur motgjutningsyta]]&Table1417[[#This Row],[Väderskydd, uppvärmning (ingen vind)]]&Table1417[[#This Row],[Täckning '[mm']]]&Table1417[[#This Row],[OK<7 dagar]]&Table1417[[#This Row],[Kommentar]] -> 0,115100PresenningOK7
A17: 0.4 | B17: =Förutsättningar!M$21 -> 20 | C17: =Förutsättningar!N$21 -> 5 | D17: 20 | E17: 10 | F17: 5 | G17: 0 | H17: 6 | I17: OK7 | K17: =Table1417[[#This Row],[Slagg mängd]]&Table1417[[#This Row],[Gjuttemperatur]]&Table1417[[#This Row],[Temperatur motgjutningsyta]]&Table1417[[#This Row],[Väderskydd, uppvärmning (ingen vind)]]&Table1417[[#This Row],[Täckning '[mm']]]&Table1417[[#This Row],[OK<7 dagar]]&Table1417[[#This Row],[Kommentar]] -> 0,42052010OK7
A18: 0.4 | B18: =Förutsättningar!M$21 -> 20 | C18: =Förutsättningar!N$21 -> 5 | D18: 20 | E18: 10 | F18: 5 | G18: 2 | H18: 6.6 | I18: OK7 | K18: =Table1417[[#This Row],[Slagg mängd]]&Table1417[[#This Row],[Gjuttemperatur]]&Table1417[[#This Row],[Temperatur motgjutningsyta]]&Table1417[[#This Row],[Väderskydd, uppvärmning (ingen vind)]]&Table1417[[#This Row],[Täckning '[mm']]]&Table1417[[#This Row],[OK<7 dagar]]&Table1417[[#This Row],[Kommentar]] -> 0,42052010OK7
A19: 0.4 | B19: =Förutsättningar!M$21 -> 20 | C19: =Förutsättningar!N$21 -> 5 | D19: 20 | E19: 10 | F19: 5 | G19: 7 | H19: 7 | I19: OK7 | K19: =Table1417[[#This Row],[Slagg mängd]]&Table1417[[#This Row],[Gjuttemperatur]]&Table1417[[#This Row],[Temperatur motgjutningsyta]]&Table1417[[#This Row],[Väderskydd, uppvärmning (ingen vind)]]&Table1417[[#This Row],[Täckning '[mm']]]&Table1417[[#This Row],[OK<7 dagar]]&Table1417[[#This Row],[Kommentar]] -> 0,42052010OK7
A20: 0.4 | B20: =Förutsättningar!M$21 -> 20 | C20: =Förutsättningar!N$21 -> 5 | D20: 20 | E20: 20 | F20: 5 | G20: 12 | H20: 5.8 | I20: OK7 | K20: =Table1417[[#This Row],[Slagg mängd]]&Table1417[[#This Row],[Gjuttemperatur]]&Table1417[[#This Row],[Temperatur motgjutningsyta]]&Table1417[[#This Row],[Väderskydd, uppvärmning (ingen vind)]]&Table1417[[#This Row],[Täckning '[mm']]]&Table1417[[#This Row],[OK<7 dagar]]&Table1417[[#This Row],[Kommentar]] -> 0,42052020OK7
A21: 0.4 | B21: =Förutsättningar!M$21 -> 20 | C21: =Förutsättningar!N$21 -> 5 | D21: 20 | E21: 20 | F21: 5 | G21: 20 | H21: 5.8 | I21: OK7 | K21: =Table1417[[#This Row],[Slagg mängd]]&Table1417[[#This Row],[Gjuttemperatur]]&Table1417[[#This Row],[Temperatur motgjutningsyta]]&Table1417[[#This Row],[Väderskydd, uppvärmning (ingen vind)]]&Table1417[[#This Row],[Täckning '[mm']]]&Table1417[[#This Row],[OK<7 dagar]]&Table1417[[#This Row],[Kommentar]] -> 0,42052020OK7
A22: 0.4 | B22: =Förutsättningar!M$22 -> 20 | C22: =Förutsättningar!N$22 -> 5 | D22: 20 | E22: 20 | F22: 0 | G22: 0 | H22: 6.8 | I22: OK7 | K22: =Table1417[[#This Row],[Slagg mängd]]&Table1417[[#This Row],[Gjuttemperatur]]&Table1417[[#This Row],[Temperatur motgjutningsyta]]&Table1417[[#This Row],[Väderskydd, uppvärmning (ingen vind)]]&Table1417[[#This Row],[Täckning '[mm']]]&Table1417[[#This Row],[OK<7 dagar]]&Table1417[[#This Row],[Kommentar]] -> 0,42052020OK7
A23: 0.4 | B23: =Förutsättningar!M$22 -> 20 | C23: =Förutsättningar!N$22 -> 5 | D23: 20 | E23: 30 | F23: 0 | G23: 2 | H23: 6.5 | I23: OK7 | K23: =Table1417[[#This Row],[Slagg mängd]]&Table1417[[#This Row],[Gjuttemperatur]]&Table1417[[#This Row],[Temperatur motgjutningsyta]]&Table1417[[#This Row],[Väderskydd, uppvärmning (ingen vind)]]&Table1417[[#This Row],[Täckning '[mm']]]&Table1417[[#This Row],[OK<7 dagar]]&Table1417[[#This Row],[Kommentar]] -> 0,42052030OK7
A24: 0.4 | B24: =Förutsättningar!M$22 -> 20 | C24: =Förutsättningar!N$22 -> 5 | D24: 20 | E24: 30 | F24: 0 | G24: 7 | H24: 6.7 | I24: OK7 | K24: =Table1417[[#This Row],[Slagg mängd]]&Table1417[[#This Row],[Gjuttemperatur]]&Table1417[[#This Row],[Temperatur motgjutningsyta]]&Table1417[[#This Row],[Väderskydd, uppvärmning (ingen vind)]]&Table1417[[#This Row],[Täckning '[mm']]]&Table1417[[#This Row],[OK<7 dagar]]&Table1417[[#This Row],[Kommentar]] -> 0,42052030OK7
A25: 0.4 | B25: =Förutsättningar!M$22 -> 20 | C25: =Förutsättningar!N$22 -> 5 | D25: 20 | E25: 30 | F25: 0 | G25: 12 | H25: 6.8 | I25: OK7 | K25: =Table1417[[#This Row],[Slagg mängd]]&Table1417[[#This Row],[Gjuttemperatur]]&Table1417[[#This Row],[Temperatur motgjutningsyta]]&Table1417[[#This Row],[Väderskydd, uppvärmning (ingen vind)]]&Table1417[[#This Row],[Täckning '[mm']]]&Table1417[[#This Row],[OK<7 dagar]]&Table1417[[#This Row],[Kommentar]] -> 0,42052030OK7
A26: 0.4 | B26: =Förutsättningar!M$22 -> 20 | C26: =Förutsättningar!N$22 -> 5 | D26: 20 | E26: 30 | F26: 0 | G26: 20 | H26: 6.9 | I26: OK7 | K26: =Table1417[[#This Row],[Slagg mängd]]&Table1417[[#This Row],[Gjuttemperatur]]&Table1417[[#This Row],[Temperatur motgjutningsyta]]&Table1417[[#This Row],[Väderskydd, uppvärmning (ingen vind)]]&Table1417[[#This Row],[Täckning '[mm']]]&Table1417[[#This Row],[OK<7 dagar]]&Table1417[[#This Row],[Kommentar]] -> 0,42052030OK7
A27: 0.3 | B27: =Förutsättningar!M$23 -> 20 | C27: =Förutsättningar!N$23 -> 5 | D27: 20 | E27: 30 | F27: -5 | G27: 0 | H27: 6.9 | I27: OK7 | K27: =Table1417[[#This Row],[Slagg mängd]]&Table1417[[#This Row],[Gjuttemperatur]]&Table1417[[#This Row],[Temperatur motgjutningsyta]]&Table1417[[#This Row],[Väderskydd, uppvärmning (ingen vind)]]&Table1417[[#This Row],[Täckning '[mm']]]&Table1417[[#This Row],[OK<7 dagar]]&Table1417[[#This Row],[Kommentar]] -> 0,32052030OK7
A28: 0.3 | B28: =Förutsättningar!M$23 -> 20 | C28: =Förutsättningar!N$23 -> 5 | D28: 20 | E28: 50 | F28: -5 | G28: 2 | H28: 6 | I28: OK7 | K28: =Table1417[[#This Row],[Slagg mängd]]&Table1417[[#This Row],[Gjuttemperatur]]&Table1417[[#This Row],[Temperatur motgjutningsyta]]&Table1417[[#This Row],[Väderskydd, uppvärmning (ingen vind)]]&Table1417[[#This Row],[Täckning '[mm']]]&Table1417[[#This Row],[OK<7 dagar]]&Table1417[[#This Row],[Kommentar]] -> 0,32052050OK7
A29: 0.3 | B29: =Förutsättningar!M$23 -> 20 | C29: =Förutsättningar!N$23 -> 5 | D29: 20 | E29: 50 | F29: -5 | G29: 7 | H29: 6.2 | I29: OK7 | K29: =Table1417[[#This Row],[Slagg mängd]]&Table1417[[#This Row],[Gjuttemperatur]]&Table1417[[#This Row],[Temperatur motgjutningsyta]]&Table1417[[#This Row],[Väderskydd, uppvärmning (ingen vind)]]&Table1417[[#This Row],[Täckning '[mm']]]&Table1417[[#This Row],[OK<7 dagar]]&Table1417[[#This Row],[Kommentar]] -> 0,32052050OK7
A30: 0.3 | B30: =Förutsättningar!M$23 -> 20 | C30: =Förutsättningar!N$23 -> 5 | D30: 20 | E30: 50 | F30: -5 | G30: 12 | H30: 6.3 | I30: OK7 | K30: =Table1417[[#This Row],[Slagg mängd]]&Table1417[[#This Row],[Gjuttemperatur]]&Table1417[[#This Row],[Temperatur motgjutningsyta]]&Table1417[[#This Row],[Väderskydd, uppvärmning (ingen vind)]]&Table1417[[#This Row],[Täckning '[mm']]]&Table1417[[#This Row],[OK<7 dagar]]&Table1417[[#This Row],[Kommentar]] -> 0,32052050OK7
A31: 0.3 | B31: =Förutsättningar!M$23 -> 20 | C31: =Förutsättningar!N$23 -> 5 | D31: 20 | E31: 50 | F31: -5 | G31: 20 | H31: 6.4 | I31: OK7 | K31: =Table1417[[#This Row],[Slagg mängd]]&Table1417[[#This Row],[Gjuttemperatur]]&Table1417[[#This Row],[Temperatur motgjutningsyta]]&Table1417[[#This Row],[Väderskydd, uppvärmning (ingen vind)]]&Table1417[[#This Row],[Täckning '[mm']]]&Table1417[[#This Row],[OK<7 dagar]]&Table1417[[#This Row],[Kommentar]] -> 0,32052050OK7
A32: 0.2 | B32: =Förutsättningar!M$24 -> 20 | C32: =Förutsättningar!N$24 -> 5 | D32: 20 | E32: 50 | F32: -10 | G32: 0 | H32: 6.1 | I32: OK7 | K32: =Table1417[[#This Row],[Slagg mängd]]&Table1417[[#This Row],[Gjuttemperatur]]&Table1417[[#This Row],[Temperatur motgjutningsyta]]&Table1417[[#This Row],[Väderskydd, uppvärmning (ingen vind)]]&Table1417[[#This Row],[Täckning '[mm']]]&Table1417[[#This Row],[OK<7 dagar]]&Table1417[[#This Row],[Kommentar]] -> 0,22052050OK7
A33: 0.2 | B33: =Förutsättningar!M$24 -> 20 | C33: =Förutsättningar!N$24 -> 5 | D33: 20 | E33: 50 | F33: -10 | G33: 2 | H33: 6.4 | I33: OK7 | K33: =Table1417[[#This Row],[Slagg mängd]]&Table1417[[#This Row],[Gjuttemperatur]]&Table1417[[#This Row],[Temperatur motgjutningsyta]]&Table1417[[#This Row],[Väderskydd, uppvärmning (ingen vind)]]&Table1417[[#This Row],[Täckning '[mm']]]&Table1417[[#This Row],[OK<7 dagar]]&Table1417[[#This Row],[Kommentar]] -> 0,22052050OK7
A34: 0.2 | B34: =Förutsättningar!M$24 -> 20 | C34: =Förutsättningar!N$24 -> 5 | D34: 20 | E34: 50 | F34: -10 | G34: 7 | H34: 6.8 | I34: OK7 | K34: =Table1417[[#This Row],[Slagg mängd]]&Table1417[[#This Row],[Gjuttemperatur]]&Table1417[[#This Row],[Temperatur motgjutningsyta]]&Table1417[[#This Row],[Väderskydd, uppvärmning (ingen vind)]]&Table1417[[#This Row],[Täckning '[mm']]]&Table1417[[#This Row],[OK<7 dagar]]&Table1417[[#This Row],[Kommentar]] -> 0,22052050OK7
A35: - | B35: - | C35: - | D35: - | E35: - | F35: -10 | G35: 12 | J35: Frys innan täck | K35: =Table1417[[#This Row],[Slagg mängd]]&Table1417[[#This Row],[Gjuttemperatur]]&Table1417[[#This Row],[Temperatur motgjutningsyta]]&Table1417[[#This Row],[Väderskydd, uppvärmning (ingen vind)]]&Table1417[[#This Row],[Täckning '[mm']]]&Table1417[[#This Row],[OK<7 dagar]]&Table1417[[#This Row],[Kommentar]] -> -----Frys innan täck
A36: - | B36: - | C36: - | D36: - | E36: - | F36: -10 | G36: 20 | J36: Frys innan täck | K36: =Table1417[[#This Row],[Slagg mängd]]&Table1417[[#This Row],[Gjuttemperatur]]&Table1417[[#This Row],[Temperatur motgjutningsyta]]&Table1417[[#This Row],[Väderskydd, uppvärmning (ingen vind)]]&Table1417[[#This Row],[Täckning '[mm']]]&Table1417[[#This Row],[OK<7 dagar]]&Table1417[[#This Row],[Kommentar]] -> -----Frys innan täck
A37: 0.1 | B37: =Förutsättningar!M$25 -> 15 | C37: =Förutsättningar!N$25 -> 5 | D37: 20 | E37: 50 | F37: -15 | G37: 0 | H37: 6.8 | I37: OK7 | K37: =Table1417[[#This Row],[Slagg mängd]]&Table1417[[#This Row],[Gjuttemperatur]]&Table1417[[#This Row],[Temperatur motgjutningsyta]]&Table1417[[#This Row],[Väderskydd, uppvärmning (ingen vind)]]&Table1417[[#This Row],[Täckning '[mm']]]&Table1417[[#This Row],[OK<7 dagar]]&Table1417[[#This Row],[Kommentar]] -> 0,11552050OK7
A38: Bas+0% | B38: =Förutsättningar!M$25 -> 15 | C38: =Förutsättningar!N$25 -> 5 | D38: 20 | E38: 30 | F38: -15 | G38: 2 | H38: 6 | I38: OK7 | K38: =Table1417[[#This Row],[Slagg mängd]]&Table1417[[#This Row],[Gjuttemperatur]]&Table1417[[#This Row],[Temperatur motgjutningsyta]]&Table1417[[#This Row],[Väderskydd, uppvärmning (ingen vind)]]&Table1417[[#This Row],[Täckning '[mm']]]&Table1417[[#This Row],[OK<7 dagar]]&Table1417[[#This Row],[Kommentar]] -> Bas+0%1552030OK7
A39: - | B39: - | C39: - | D39: - | E39: - | F39: -15 | G39: 7 | J39: Frys innan täck | K39: =Table1417[[#This Row],[Slagg mängd]]&Table1417[[#This Row],[Gjuttemperatur]]&Table1417[[#This Row],[Temperatur motgjutningsyta]]&Table1417[[#This Row],[Väderskydd, uppvärmning (ingen vind)]]&Table1417[[#This Row],[Täckning '[mm']]]&Table1417[[#This Row],[OK<7 dagar]]&Table1417[[#This Row],[Kommentar]] -> -----Frys innan täck
A40: - | B40: - | C40: - | D40: - | E40: - | F40: -15 | G40: 12 | J40: Frys innan täck | K40: =Table1417[[#This Row],[Slagg mängd]]&Table1417[[#This Row],[Gjuttemperatur]]&Table1417[[#This Row],[Temperatur motgjutningsyta]]&Table1417[[#This Row],[Väderskydd, uppvärmning (ingen vind)]]&Table1417[[#This Row],[Täckning '[mm']]]&Table1417[[#This Row],[OK<7 dagar]]&Table1417[[#This Row],[Kommentar]] -> -----Frys innan täck
A41: - | B41: - | C41: - | D41: - | E41: - | F41: -15 | G41: 20 | J41: Frys innan täck | K41: =Table1417[[#This Row],[Slagg mängd]]&Table1417[[#This Row],[Gjuttemperatur]]&Table1417[[#This Row],[Temperatur motgjutningsyta]]&Table1417[[#This Row],[Väderskydd, uppvärmning (ingen vind)]]&Table1417[[#This Row],[Täckning '[mm']]]&Table1417[[#This Row],[OK<7 dagar]]&Table1417[[#This Row],[Kommentar]] -> -----Frys innan täck
A42: - | B42: - | C42: - | D42: - | E42: - | F42: -20 | G42: 0 | J42: Når ej 70% | K42: =Table1417[[#This Row],[Slagg mängd]]&Table1417[[#This Row],[Gjuttemperatur]]&Table1417[[#This Row],[Temperatur motgjutningsyta]]&Table1417[[#This Row],[Väderskydd, uppvärmning (ingen vind)]]&Table1417[[#This Row],[Täckning '[mm']]]&Table1417[[#This Row],[OK<7 dagar]]&Table1417[[#This Row],[Kommentar]] -> -----Når ej 70%
A43: - | B43: - | C43: - | D43: - | E43: - | F43: -20 | G43: 2 | J43: Når ej 70% | K43: =Table1417[[#This Row],[Slagg mängd]]&Table1417[[#This Row],[Gjuttemperatur]]&Table1417[[#This Row],[Temperatur motgjutningsyta]]&Table1417[[#This Row],[Väderskydd, uppvärmning (ingen vind)]]&Table1417[[#This Row],[Täckning '[mm']]]&Table1417[[#This Row],[OK<7 dagar]]&Table1417[[#This Row],[Kommentar]] -> -----Når ej 70%
A44: - | B44: - | C44: - | D44: - | E44: - | F44: -20 | G44: 7 | J44: Frys innan täck | K44: =Table1417[[#This Row],[Slagg mängd]]&Table1417[[#This Row],[Gjuttemperatur]]&Table1417[[#This Row],[Temperatur motgjutningsyta]]&Table1417[[#This Row],[Väderskydd, uppvärmning (ingen vind)]]&Table1417[[#This Row],[Täckning '[mm']]]&Table1417[[#This Row],[OK<7 dagar]]&Table1417[[#This Row],[Kommentar]] -> -----Frys innan täck
A45: - | B45: - | C45: - | D45: - | E45: - | F45: -20 | G45: 12 | J45: Frys innan täck | K45: =Table1417[[#This Row],[Slagg mängd]]&Table1417[[#This Row],[Gjuttemperatur]]&Table1417[[#This Row],[Temperatur motgjutningsyta]]&Table1417[[#This Row],[Väderskydd, uppvärmning (ingen vind)]]&Table1417[[#This Row],[Täckning '[mm']]]&Table1417[[#This Row],[OK<7 dagar]]&Table1417[[#This Row],[Kommentar]] -> -----Frys innan täck
A46: - | B46: - | C46: - | D46: - | E46: - | F46: -20 | G46: 20 | J46: Frys innan täck | K46: =Table1417[[#This Row],[Slagg mängd]]&Table1417[[#This Row],[Gjuttemperatur]]&Table1417[[#This Row],[Temperatur motgjutningsyta]]&Table1417[[#This Row],[Väderskydd, uppvärmning (ingen vind)]]&Table1417[[#This Row],[Täckning '[mm']]]&Table1417[[#This Row],[OK<7 dagar]]&Table1417[[#This Row],[Kommentar]] -> -----Frys innan täck

Sheet Bjälklag (C35-45)
A1: Slagg mängd | B1: Gjuttemperatur | C1: Temperatur motgjutningsyta | D1: Väderskydd, uppvärmning (ingen vind) | E1: Täckning [mm] | F1: Temperatur | G1: Vind | H1: <7 d och >70% [Dagar] | I1: OK<7 dagar | J1: Kommentar | K1: Åtgärdskåd
A2: 0.4 | B2: =Förutsättningar!M$18 -> 15 | C2: =Förutsättningar!N$18 -> 20 | D2: - | E2: - | F2: 20 | G2: 0 | H2: 5.6 | I2: OK7 | K2: =Table1423[[#This Row],[Slagg mängd]]&Table1423[[#This Row],[Gjuttemperatur]]&Table1423[[#This Row],[Temperatur motgjutningsyta]]&Table1423[[#This Row],[Väderskydd, uppvärmning (ingen vind)]]&Table1423[[#This Row],[Täckning '[mm']]]&Table1423[[#This Row],[OK<7 dagar]]&Table1423[[#This Row],[Kommentar]] -> 0,41520--OK7
A3: 0.4 | B3: =Förutsättningar!$M$18 -> 15 | C3: =Förutsättningar!N$18 -> 20 | D3: - | E3: - | F3: 20 | G3: 2 | H3: 6.2 | I3: OK7 | K3: =Table1423[[#This Row],[Slagg mängd]]&Table1423[[#This Row],[Gjuttemperatur]]&Table1423[[#This Row],[Temperatur motgjutningsyta]]&Table1423[[#This Row],[Väderskydd, uppvärmning (ingen vind)]]&Table1423[[#This Row],[Täckning '[mm']]]&Table1423[[#This Row],[OK<7 dagar]]&Table1423[[#This Row],[Kommentar]] -> 0,41520--OK7
A4: 0.4 | B4: =Förutsättningar!$M$18 -> 15 | C4: =Förutsättningar!N$18 -> 20 | D4: - | E4: - | F4: 20 | G4: 7 | H4: 6.5 | I4: OK7 | K4: =Table1423[[#This Row],[Slagg mängd]]&Table1423[[#This Row],[Gjuttemperatur]]&Table1423[[#This Row],[Temperatur motgjutningsyta]]&Table1423[[#This Row],[Väderskydd, uppvärmning (ingen vind)]]&Table1423[[#This Row],[Täckning '[mm']]]&Table1423[[#This Row],[OK<7 dagar]]&Table1423[[#This Row],[Kommentar]] -> 0,41520--OK7
A5: 0.4 | B5: =Förutsättningar!$M$18 -> 15 | C5: =Förutsättningar!N$18 -> 20 | D5: - | E5: - | F5: 20 | G5: 12 | H5: 6.5 | I5: OK7 | K5: =Table1423[[#This Row],[Slagg mängd]]&Table1423[[#This Row],[Gjuttemperatur]]&Table1423[[#This Row],[Temperatur motgjutningsyta]]&Table1423[[#This Row],[Väderskydd, uppvärmning (ingen vind)]]&Table1423[[#This Row],[Täckning '[mm']]]&Table1423[[#This Row],[OK<7 dagar]]&Table1423[[#This Row],[Kommentar]] -> 0,41520--OK7
A6: 0.4 | B6: =Förutsättningar!$M$18 -> 15 | C6: =Förutsättningar!N$18 -> 20 | D6: - | E6: - | F6: 20 | G6: 20 | H6: 6.6 | I6: OK7 | K6: =Table1423[[#This Row],[Slagg mängd]]&Table1423[[#This Row],[Gjuttemperatur]]&Table1423[[#This Row],[Temperatur motgjutningsyta]]&Table1423[[#This Row],[Väderskydd, uppvärmning (ingen vind)]]&Table1423[[#This Row],[Täckning '[mm']]]&Table1423[[#This Row],[OK<7 dagar]]&Table1423[[#This Row],[Kommentar]] -> 0,41520--OK7
A7: 0.3 | B7: =Förutsättningar!M$19 -> 15 | C7: =Förutsättningar!N$19 -> 15 | D7: - | E7: - | F7: 15 | G7: 0 | H7: 6.1 | I7: OK7 | K7: =Table1423[[#This Row],[Slagg mängd]]&Table1423[[#This Row],[Gjuttemperatur]]&Table1423[[#This Row],[Temperatur motgjutningsyta]]&Table1423[[#This Row],[Väderskydd, uppvärmning (ingen vind)]]&Table1423[[#This Row],[Täckning '[mm']]]&Table1423[[#This Row],[OK<7 dagar]]&Table1423[[#This Row],[Kommentar]] -> 0,31515--OK7
A8: 0.3 | B8: =Förutsättningar!M$19 -> 15 | C8: =Förutsättningar!N$19 -> 15 | D8: - | E8: - | F8: 15 | G8: 2 | H8: 7 | I8: OK7 | K8: =Table1423[[#This Row],[Slagg mängd]]&Table1423[[#This Row],[Gjuttemperatur]]&Table1423[[#This Row],[Temperatur motgjutningsyta]]&Table1423[[#This Row],[Väderskydd, uppvärmning (ingen vind)]]&Table1423[[#This Row],[Täckning '[mm']]]&Table1423[[#This Row],[OK<7 dagar]]&Table1423[[#This Row],[Kommentar]] -> 0,31515--OK7
A9: 0.3 | B9: =Förutsättningar!M$19 -> 15 | C9: =Förutsättningar!N$19 -> 15 | D9: 0 | E9: Presenning | F9: 15 | G9: 7 | H9: 6.8 | I9: OK7 | K9: =Table1423[[#This Row],[Slagg mängd]]&Table1423[[#This Row],[Gjuttemperatur]]&Table1423[[#This Row],[Temperatur motgjutningsyta]]&Table1423[[#This Row],[Väderskydd, uppvärmning (ingen vind)]]&Table1423[[#This Row],[Täckning '[mm']]]&Table1423[[#This Row],[OK<7 dagar]]&Table1423[[#This Row],[Kommentar]] -> 0,315150PresenningOK7
A10: 0.3 | B10: =Förutsättningar!M$19 -> 15 | C10: =Förutsättningar!N$19 -> 15 | D10: 0 | E10: Presenning | F10: 15 | G10: 12 | H10: 6.9 | I10: OK7 | K10: =Table1423[[#This Row],[Slagg mängd]]&Table1423[[#This Row],[Gjuttemperatur]]&Table1423[[#This Row],[Temperatur motgjutningsyta]]&Table1423[[#This Row],[Väderskydd, uppvärmning (ingen vind)]]&Table1423[[#This Row],[Täckning '[mm']]]&Table1423[[#This Row],[OK<7 dagar]]&Table1423[[#This Row],[Kommentar]] -> 0,315150PresenningOK7
A11: 0.3 | B11: =Förutsättningar!M$19 -> 15 | C11: =Förutsättningar!N$19 -> 15 | D11: 0 | E11: Presenning | F11: 15 | G11: 20 | H11: 7 | I11: OK7 | K11: =Table1423[[#This Row],[Slagg mängd]]&Table1423[[#This Row],[Gjuttemperatur]]&Table1423[[#This Row],[Temperatur motgjutningsyta]]&Table1423[[#This Row],[Väderskydd, uppvärmning (ingen vind)]]&Table1423[[#This Row],[Täckning '[mm']]]&Table1423[[#This Row],[OK<7 dagar]]&Table1423[[#This Row],[Kommentar]] -> 0,315150PresenningOK7
A12: 0.2 | B12: =Förutsättningar!M$20 -> 15 | C12: =Förutsättningar!N$20 -> 10 | D12: - | E12: - | F12: 10 | G12: 0 | H12: 7 | I12: OK7 | K12: =Table1423[[#This Row],[Slagg mängd]]&Table1423[[#This Row],[Gjuttemperatur]]&Table1423[[#This Row],[Temperatur motgjutningsyta]]&Table1423[[#This Row],[Väderskydd, uppvärmning (ingen vind)]]&Table1423[[#This Row],[Täckning '[mm']]]&Table1423[[#This Row],[OK<7 dagar]]&Table1423[[#This Row],[Kommentar]] -> 0,21510--OK7
A13: 0.1 | B13: =Förutsättningar!M$20 -> 15 | C13: =Förutsättningar!N$20 -> 10 | D13: - | E13: - | F13: 10 | G13: 2 | H13: 6.2 | I13: OK7 | K13: =Table1423[[#This Row],[Slagg mängd]]&Table1423[[#This Row],[Gjuttemperatur]]&Table1423[[#This Row],[Temperatur motgjutningsyta]]&Table1423[[#This Row],[Väderskydd, uppvärmning (ingen vind)]]&Table1423[[#This Row],[Täckning '[mm']]]&Table1423[[#This Row],[OK<7 dagar]]&Table1423[[#This Row],[Kommentar]] -> 0,11510--OK7
A14: 0.1 | B14: =Förutsättningar!M$20 -> 15 | C14: =Förutsättningar!N$20 -> 10 | D14: - | E14: - | F14: 10 | G14: 7 | H14: 6.7 | I14: OK7 | K14: =Table1423[[#This Row],[Slagg mängd]]&Table1423[[#This Row],[Gjuttemperatur]]&Table1423[[#This Row],[Temperatur motgjutningsyta]]&Table1423[[#This Row],[Väderskydd, uppvärmning (ingen vind)]]&Table1423[[#This Row],[Täckning '[mm']]]&Table1423[[#This Row],[OK<7 dagar]]&Table1423[[#This Row],[Kommentar]] -> 0,11510--OK7
A15: 0.1 | B15: =Förutsättningar!M$20 -> 15 | C15: =Förutsättningar!N$20 -> 10 | D15: - | E15: - | F15: 10 | G15: 12 | H15: 6.8 | I15: OK7 | K15: =Table1423[[#This Row],[Slagg mängd]]&Table1423[[#This Row],[Gjuttemperatur]]&Table1423[[#This Row],[Temperatur motgjutningsyta]]&Table1423[[#This Row],[Väderskydd, uppvärmning (ingen vind)]]&Table1423[[#This Row],[Täckning '[mm']]]&Table1423[[#This Row],[OK<7 dagar]]&Table1423[[#This Row],[Kommentar]] -> 0,11510--OK7
A16: 0.1 | B16: =Förutsättningar!M$20 -> 15 | C16: =Förutsättningar!N$20 -> 10 | D16: - | E16: - | F16: 10 | G16: 20 | H16: 6.9 | I16: OK7 | K16: =Table1423[[#This Row],[Slagg mängd]]&Table1423[[#This Row],[Gjuttemperatur]]&Table1423[[#This Row],[Temperatur motgjutningsyta]]&Table1423[[#This Row],[Väderskydd, uppvärmning (ingen vind)]]&Table1423[[#This Row],[Täckning '[mm']]]&Table1423[[#This Row],[OK<7 dagar]]&Table1423[[#This Row],[Kommentar]] -> 0,11510--OK7
A17: 0.4 | B17: =Förutsättningar!M$21 -> 20 | C17: =Förutsättningar!N$21 -> 5 | D17: 20 | E17: 10 | F17: 5 | G17: 0 | H17: 5.6 | I17: OK7 | K17: =Table1423[[#This Row],[Slagg mängd]]&Table1423[[#This Row],[Gjuttemperatur]]&Table1423[[#This Row],[Temperatur motgjutningsyta]]&Table1423[[#This Row],[Väderskydd, uppvärmning (ingen vind)]]&Table1423[[#This Row],[Täckning '[mm']]]&Table1423[[#This Row],[OK<7 dagar]]&Table1423[[#This Row],[Kommentar]] -> 0,42052010OK7
A18: 0.4 | B18: =Förutsättningar!M$21 -> 20 | C18: =Förutsättningar!N$21 -> 5 | D18: 20 | E18: 10 | F18: 5 | G18: 2 | H18: 6.3 | I18: OK7 | K18: =Table1423[[#This Row],[Slagg mängd]]&Table1423[[#This Row],[Gjuttemperatur]]&Table1423[[#This Row],[Temperatur motgjutningsyta]]&Table1423[[#This Row],[Väderskydd, uppvärmning (ingen vind)]]&Table1423[[#This Row],[Täckning '[mm']]]&Table1423[[#This Row],[OK<7 dagar]]&Table1423[[#This Row],[Kommentar]] -> 0,42052010OK7
A19: 0.4 | B19: =Förutsättningar!M$21 -> 20 | C19: =Förutsättningar!N$21 -> 5 | D19: 20 | E19: 10 | F19: 5 | G19: 7 | H19: 6.7 | I19: OK7 | K19: =Table1423[[#This Row],[Slagg mängd]]&Table1423[[#This Row],[Gjuttemperatur]]&Table1423[[#This Row],[Temperatur motgjutningsyta]]&Table1423[[#This Row],[Väderskydd, uppvärmning (ingen vind)]]&Table1423[[#This Row],[Täckning '[mm']]]&Table1423[[#This Row],[OK<7 dagar]]&Table1423[[#This Row],[Kommentar]] -> 0,42052010OK7
A20: 0.4 | B20: =Förutsättningar!M$21 -> 20 | C20: =Förutsättningar!N$21 -> 5 | D20: 20 | E20: 10 | F20: 5 | G20: 12 | H20: 6.8 | I20: OK7 | K20: =Table1423[[#This Row],[Slagg mängd]]&Table1423[[#This Row],[Gjuttemperatur]]&Table1423[[#This Row],[Temperatur motgjutningsyta]]&Table1423[[#This Row],[Väderskydd, uppvärmning (ingen vind)]]&Table1423[[#This Row],[Täckning '[mm']]]&Table1423[[#This Row],[OK<7 dagar]]&Table1423[[#This Row],[Kommentar]] -> 0,42052010OK7
A21: 0.4 | B21: =Förutsättningar!M$21 -> 20 | C21: =Förutsättningar!N$21 -> 5 | D21: 20 | E21: 10 | F21: 5 | G21: 20 | H21: 6.9 | I21: OK7 | K21: =Table1423[[#This Row],[Slagg mängd]]&Table1423[[#This Row],[Gjuttemperatur]]&Table1423[[#This Row],[Temperatur motgjutningsyta]]&Table1423[[#This Row],[Väderskydd, uppvärmning (ingen vind)]]&Table1423[[#This Row],[Täckning '[mm']]]&Table1423[[#This Row],[OK<7 dagar]]&Table1423[[#This Row],[Kommentar]] -> 0,42052010OK7
A22: 0.4 | B22: =Förutsättningar!M$22 -> 20 | C22: =Förutsättningar!N$22 -> 5 | D22: 20 | E22: 20 | F22: 0 | G22: 0 | H22: 6.3 | I22: OK7 | K22: =Table1423[[#This Row],[Slagg mängd]]&Table1423[[#This Row],[Gjuttemperatur]]&Table1423[[#This Row],[Temperatur motgjutningsyta]]&Table1423[[#This Row],[Väderskydd, uppvärmning (ingen vind)]]&Table1423[[#This Row],[Täckning '[mm']]]&Table1423[[#This Row],[OK<7 dagar]]&Table1423[[#This Row],[Kommentar]] -> 0,42052020OK7
A23: 0.4 | B23: =Förutsättningar!M$22 -> 20 | C23: =Förutsättningar!N$22 -> 5 | D23: 20 | E23: 20 | F23: 0 | G23: 2 | H23: 6.8 | I23: OK7 | K23: =Table1423[[#This Row],[Slagg mängd]]&Table1423[[#This Row],[Gjuttemperatur]]&Table1423[[#This Row],[Temperatur motgjutningsyta]]&Table1423[[#This Row],[Väderskydd, uppvärmning (ingen vind)]]&Table1423[[#This Row],[Täckning '[mm']]]&Table1423[[#This Row],[OK<7 dagar]]&Table1423[[#This Row],[Kommentar]] -> 0,42052020OK7
A24: 0.4 | B24: =Förutsättningar!M$22 -> 20 | C24: =Förutsättningar!N$22 -> 5 | D24: 20 | E24: 30 | F24: 0 | G24: 7 | H24: 6.3 | I24: OK7 | K24: =Table1423[[#This Row],[Slagg mängd]]&Table1423[[#This Row],[Gjuttemperatur]]&Table1423[[#This Row],[Temperatur motgjutningsyta]]&Table1423[[#This Row],[Väderskydd, uppvärmning (ingen vind)]]&Table1423[[#This Row],[Täckning '[mm']]]&Table1423[[#This Row],[OK<7 dagar]]&Table1423[[#This Row],[Kommentar]] -> 0,42052030OK7
A25: 0.4 | B25: =Förutsättningar!M$22 -> 20 | C25: =Förutsättningar!N$22 -> 5 | D25: 20 | E25: 30 | F25: 0 | G25: 12 | H25: 6.4 | I25: OK7 | K25: =Table1423[[#This Row],[Slagg mängd]]&Table1423[[#This Row],[Gjuttemperatur]]&Table1423[[#This Row],[Temperatur motgjutningsyta]]&Table1423[[#This Row],[Väderskydd, uppvärmning (ingen vind)]]&Table1423[[#This Row],[Täckning '[mm']]]&Table1423[[#This Row],[OK<7 dagar]]&Table1423[[#This Row],[Kommentar]] -> 0,42052030OK7
A26: 0.4 | B26: =Förutsättningar!M$22 -> 20 | C26: =Förutsättningar!N$22 -> 5 | D26: 20 | E26: 30 | F26: 0 | G26: 20 | H26: 6.4 | I26: OK7 | K26: =Table1423[[#This Row],[Slagg mängd]]&Table1423[[#This Row],[Gjuttemperatur]]&Table1423[[#This Row],[Temperatur motgjutningsyta]]&Table1423[[#This Row],[Väderskydd, uppvärmning (ingen vind)]]&Table1423[[#This Row],[Täckning '[mm']]]&Table1423[[#This Row],[OK<7 dagar]]&Table1423[[#This Row],[Kommentar]] -> 0,42052030OK7
A27: 0.4 | B27: =Förutsättningar!M$23 -> 20 | C27: =Förutsättningar!N$23 -> 5 | D27: 20 | E27: 50 | F27: -5 | G27: 0 | H27: 6.7 | I27: OK7 | K27: =Table1423[[#This Row],[Slagg mängd]]&Table1423[[#This Row],[Gjuttemperatur]]&Table1423[[#This Row],[Temperatur motgjutningsyta]]&Table1423[[#This Row],[Väderskydd, uppvärmning (ingen vind)]]&Table1423[[#This Row],[Täckning '[mm']]]&Table1423[[#This Row],[OK<7 dagar]]&Table1423[[#This Row],[Kommentar]] -> 0,42052050OK7
A28: 0.4 | B28: =Förutsättningar!M$23 -> 20 | C28: =Förutsättningar!N$23 -> 5 | D28: 20 | E28: 50 | F28: -5 | G28: 2 | H28: 6.8 | I28: OK7 | K28: =Table1423[[#This Row],[Slagg mängd]]&Table1423[[#This Row],[Gjuttemperatur]]&Table1423[[#This Row],[Temperatur motgjutningsyta]]&Table1423[[#This Row],[Väderskydd, uppvärmning (ingen vind)]]&Table1423[[#This Row],[Täckning '[mm']]]&Table1423[[#This Row],[OK<7 dagar]]&Table1423[[#This Row],[Kommentar]] -> 0,42052050OK7
A29: 0.3 | B29: =Förutsättningar!M$23 -> 20 | C29: =Förutsättningar!N$23 -> 5 | D29: 20 | E29: 30 | F29: -5 | G29: 7 | H29: 6.8 | I29: OK7 | K29: =Table1423[[#This Row],[Slagg mängd]]&Table1423[[#This Row],[Gjuttemperatur]]&Table1423[[#This Row],[Temperatur motgjutningsyta]]&Table1423[[#This Row],[Väderskydd, uppvärmning (ingen vind)]]&Table1423[[#This Row],[Täckning '[mm']]]&Table1423[[#This Row],[OK<7 dagar]]&Table1423[[#This Row],[Kommentar]] -> 0,32052030OK7
A30: 0.3 | B30: =Förutsättningar!M$23 -> 20 | C30: =Förutsättningar!N$23 -> 5 | D30: 20 | E30: 30 | F30: -5 | G30: 12 | H30: 7 | I30: OK7 | K30: =Table1423[[#This Row],[Slagg mängd]]&Table1423[[#This Row],[Gjuttemperatur]]&Table1423[[#This Row],[Temperatur motgjutningsyta]]&Table1423[[#This Row],[Väderskydd, uppvärmning (ingen vind)]]&Table1423[[#This Row],[Täckning '[mm']]]&Table1423[[#This Row],[OK<7 dagar]]&Table1423[[#This Row],[Kommentar]] -> 0,32052030OK7
A31: 0.2 | B31: =Förutsättningar!M$23 -> 20 | C31: =Förutsättningar!N$23 -> 5 | D31: 20 | E31: 30 | F31: -5 | G31: 20 | H31: 6.5 | I31: OK7 | K31: =Table1423[[#This Row],[Slagg mängd]]&Table1423[[#This Row],[Gjuttemperatur]]&Table1423[[#This Row],[Temperatur motgjutningsyta]]&Table1423[[#This Row],[Väderskydd, uppvärmning (ingen vind)]]&Table1423[[#This Row],[Täckning '[mm']]]&Table1423[[#This Row],[OK<7 dagar]]&Table1423[[#This Row],[Kommentar]] -> 0,22052030OK7
A32: 0.2 | B32: =Förutsättningar!M$24 -> 20 | C32: =Förutsättningar!N$24 -> 5 | D32: 20 | E32: 20 | F32: -10 | G32: 0 | H32: 6.4 | I32: OK7 | K32: =Table1423[[#This Row],[Slagg mängd]]&Table1423[[#This Row],[Gjuttemperatur]]&Table1423[[#This Row],[Temperatur motgjutningsyta]]&Table1423[[#This Row],[Väderskydd, uppvärmning (ingen vind)]]&Table1423[[#This Row],[Täckning '[mm']]]&Table1423[[#This Row],[OK<7 dagar]]&Table1423[[#This Row],[Kommentar]] -> 0,22052020OK7
A33: 0.2 | B33: =Förutsättningar!M$24 -> 20 | C33: =Förutsättningar!N$24 -> 5 | D33: 20 | E33: 30 | F33: -10 | G33: 2 | H33: 7 | I33: OK7 | K33: =Table1423[[#This Row],[Slagg mängd]]&Table1423[[#This Row],[Gjuttemperatur]]&Table1423[[#This Row],[Temperatur motgjutningsyta]]&Table1423[[#This Row],[Väderskydd, uppvärmning (ingen vind)]]&Table1423[[#This Row],[Täckning '[mm']]]&Table1423[[#This Row],[OK<7 dagar]]&Table1423[[#This Row],[Kommentar]] -> 0,22052030OK7
A34: 0.2 | B34: =Förutsättningar!M$24 -> 20 | C34: =Förutsättningar!N$24 -> 5 | D34: 20 | E34: 50 | F34: -10 | G34: 7 | H34: 5.7 | I34: OK7 | K34: =Table1423[[#This Row],[Slagg mängd]]&Table1423[[#This Row],[Gjuttemperatur]]&Table1423[[#This Row],[Temperatur motgjutningsyta]]&Table1423[[#This Row],[Väderskydd, uppvärmning (ingen vind)]]&Table1423[[#This Row],[Täckning '[mm']]]&Table1423[[#This Row],[OK<7 dagar]]&Table1423[[#This Row],[Kommentar]] -> 0,22052050OK7
A35: - | B35: - | C35: - | D35: - | E35: - | F35: -10 | G35: 12 | J35: Frys innan täck | K35: =Table1423[[#This Row],[Slagg mängd]]&Table1423[[#This Row],[Gjuttemperatur]]&Table1423[[#This Row],[Temperatur motgjutningsyta]]&Table1423[[#This Row],[Väderskydd, uppvärmning (ingen vind)]]&Table1423[[#This Row],[Täckning '[mm']]]&Table1423[[#This Row],[OK<7 dagar]]&Table1423[[#This Row],[Kommentar]] -> -----Frys innan täck
A36: - | B36: - | C36: - | D36: - | E36: - | F36: -10 | G36: 20 | J36: Frys innan täck | K36: =Table1423[[#This Row],[Slagg mängd]]&Table1423[[#This Row],[Gjuttemperatur]]&Table1423[[#This Row],[Temperatur motgjutningsyta]]&Table1423[[#This Row],[Väderskydd, uppvärmning (ingen vind)]]&Table1423[[#This Row],[Täckning '[mm']]]&Table1423[[#This Row],[OK<7 dagar]]&Table1423[[#This Row],[Kommentar]] -> -----Frys innan täck
A37: 0.1 | B37: =Förutsättningar!M$25 -> 15 | C37: =Förutsättningar!N$25 -> 5 | D37: 20 | E37: 50 | F37: -15 | G37: 0 | H37: 5.4 | I37: OK7 | K37: =Table1423[[#This Row],[Slagg mängd]]&Table1423[[#This Row],[Gjuttemperatur]]&Table1423[[#This Row],[Temperatur motgjutningsyta]]&Table1423[[#This Row],[Väderskydd, uppvärmning (ingen vind)]]&Table1423[[#This Row],[Täckning '[mm']]]&Table1423[[#This Row],[OK<7 dagar]]&Table1423[[#This Row],[Kommentar]] -> 0,11552050OK7
A38: 0.1 | B38: =Förutsättningar!M$25 -> 15 | C38: =Förutsättningar!N$25 -> 5 | D38: 20 | E38: 50 | F38: -15 | G38: 2 | H38: 5.8 | I38: OK7 | K38: =Table1423[[#This Row],[Slagg mängd]]&Table1423[[#This Row],[Gjuttemperatur]]&Table1423[[#This Row],[Temperatur motgjutningsyta]]&Table1423[[#This Row],[Väderskydd, uppvärmning (ingen vind)]]&Table1423[[#This Row],[Täckning '[mm']]]&Table1423[[#This Row],[OK<7 dagar]]&Table1423[[#This Row],[Kommentar]] -> 0,11552050OK7
A39: - | B39: - | C39: - | D39: - | E39: - | F39: -15 | G39: 7 | J39: Frys innan täck | K39: =Table1423[[#This Row],[Slagg mängd]]&Table1423[[#This Row],[Gjuttemperatur]]&Table1423[[#This Row],[Temperatur motgjutningsyta]]&Table1423[[#This Row],[Väderskydd, uppvärmning (ingen vind)]]&Table1423[[#This Row],[Täckning '[mm']]]&Table1423[[#This Row],[OK<7 dagar]]&Table1423[[#This Row],[Kommentar]] -> -----Frys innan täck
A40: - | B40: - | C40: - | D40: - | E40: - | F40: -15 | G40: 12 | J40: Frys innan täck | K40: =Table1423[[#This Row],[Slagg mängd]]&Table1423[[#This Row],[Gjuttemperatur]]&Table1423[[#This Row],[Temperatur motgjutningsyta]]&Table1423[[#This Row],[Väderskydd, uppvärmning (ingen vind)]]&Table1423[[#This Row],[Täckning '[mm']]]&Table1423[[#This Row],[OK<7 dagar]]&Table1423[[#This Row],[Kommentar]] -> -----Frys innan täck
A41: - | B41: - | C41: - | D41: - | E41: - | F41: -15 | G41: 20 | J41: Frys innan täck | K41: =Table1423[[#This Row],[Slagg mängd]]&Table1423[[#This Row],[Gjuttemperatur]]&Table1423[[#This Row],[Temperatur motgjutningsyta]]&Table1423[[#This Row],[Väderskydd, uppvärmning (ingen vind)]]&Table1423[[#This Row],[Täckning '[mm']]]&Table1423[[#This Row],[OK<7 dagar]]&Table1423[[#This Row],[Kommentar]] -> -----Frys innan täck
A42: 0.1 | B42: 10 | C42: 5 | D42: 20 | E42: 50 | F42: -20 | G42: 0 | H42: 6.5 | I42: OK7 | K42: =Table1423[[#This Row],[Slagg mängd]]&Table1423[[#This Row],[Gjuttemperatur]]&Table1423[[#This Row],[Temperatur motgjutningsyta]]&Table1423[[#This Row],[Väderskydd, uppvärmning (ingen vind)]]&Table1423[[#This Row],[Täckning '[mm']]]&Table1423[[#This Row],[OK<7 dagar]]&Table1423[[#This Row],[Kommentar]] -> 0,11052050OK7
A43: - | B43: - | C43: - | D43: - | E43: - | F43: -20 | G43: 2 | J43: Når ej 70% | K43: =Table1423[[#This Row],[Slagg mängd]]&Table1423[[#This Row],[Gjuttemperatur]]&Table1423[[#This Row],[Temperatur motgjutningsyta]]&Table1423[[#This Row],[Väderskydd, uppvärmning (ingen vind)]]&Table1423[[#This Row],[Täckning '[mm']]]&Table1423[[#This Row],[OK<7 dagar]]&Table1423[[#This Row],[Kommentar]] -> -----Når ej 70%
A44: - | B44: - | C44: - | D44: - | E44: - | F44: -20 | G44: 7 | J44: Frys innan täck | K44: =Table1423[[#This Row],[Slagg mängd]]&Table1423[[#This Row],[Gjuttemperatur]]&Table1423[[#This Row],[Temperatur motgjutningsyta]]&Table1423[[#This Row],[Väderskydd, uppvärmning (ingen vind)]]&Table1423[[#This Row],[Täckning '[mm']]]&Table1423[[#This Row],[OK<7 dagar]]&Table1423[[#This Row],[Kommentar]] -> -----Frys innan täck
A45: - | B45: - | C45: - | D45: - | E45: - | F45: -20 | G45: 12 | J45: Frys innan täck | K45: =Table1423[[#This Row],[Slagg mängd]]&Table1423[[#This Row],[Gjuttemperatur]]&Table1423[[#This Row],[Temperatur motgjutningsyta]]&Table1423[[#This Row],[Väderskydd, uppvärmning (ingen vind)]]&Table1423[[#This Row],[Täckning '[mm']]]&Table1423[[#This Row],[OK<7 dagar]]&Table1423[[#This Row],[Kommentar]] -> -----Frys innan täck
A46: - | B46: - | C46: - | D46: - | E46: - | F46: -20 | G46: 20 | J46: Frys innan täck | K46: =Table1423[[#This Row],[Slagg mängd]]&Table1423[[#This Row],[Gjuttemperatur]]&Table1423[[#This Row],[Temperatur motgjutningsyta]]&Table1423[[#This Row],[Väderskydd, uppvärmning (ingen vind)]]&Table1423[[#This Row],[Täckning '[mm']]]&Table1423[[#This Row],[OK<7 dagar]]&Table1423[[#This Row],[Kommentar]] -> -----Frys innan täck

Sheet Bjälklag (C40-50)
A1: Slagg mängd | B1: Gjuttemperatur | C1: Temperatur motgjutningsyta | D1: Väderskydd, uppvärmning (ingen vind) | E1: Täckning [mm] | F1: Temperatur | G1: Vind | H1: <7 d och >70% [Dagar] | I1: OK<7 dagar | J1: Kommentar | K1: Åtgärdskåd
A2: 0.4 | B2: =Förutsättningar!M$18 -> 15 | C2: =Förutsättningar!N$18 -> 20 | D2: - | E2: - | F2: 20 | G2: 0 | H2: 5.4 | I2: OK7 | K2: =Table14[[#This Row],[Slagg mängd]]&Table14[[#This Row],[Gjuttemperatur]]&Table14[[#This Row],[Temperatur motgjutningsyta]]&Table14[[#This Row],[Väderskydd, uppvärmning (ingen vind)]]&Table14[[#This Row],[Täckning '[mm']]]&Table14[[#This Row],[OK<7 dagar]]&Table14[[#This Row],[Kommentar]] -> 0,41520--OK7
A3: 0.4 | B3: =Förutsättningar!$M$18 -> 15 | C3: =Förutsättningar!N$18 -> 20 | D3: - | E3: - | F3: 20 | G3: 2 | H3: 6 | I3: OK7 | K3: =Table14[[#This Row],[Slagg mängd]]&Table14[[#This Row],[Gjuttemperatur]]&Table14[[#This Row],[Temperatur motgjutningsyta]]&Table14[[#This Row],[Väderskydd, uppvärmning (ingen vind)]]&Table14[[#This Row],[Täckning '[mm']]]&Table14[[#This Row],[OK<7 dagar]]&Table14[[#This Row],[Kommentar]] -> 0,41520--OK7
A4: 0.4 | B4: =Förutsättningar!$M$18 -> 15 | C4: =Förutsättningar!N$18 -> 20 | D4: - | E4: - | F4: 20 | G4: 7 | H4: 6.3 | I4: OK7 | K4: =Table14[[#This Row],[Slagg mängd]]&Table14[[#This Row],[Gjuttemperatur]]&Table14[[#This Row],[Temperatur motgjutningsyta]]&Table14[[#This Row],[Väderskydd, uppvärmning (ingen vind)]]&Table14[[#This Row],[Täckning '[mm']]]&Table14[[#This Row],[OK<7 dagar]]&Table14[[#This Row],[Kommentar]] -> 0,41520--OK7
A5: 0.4 | B5: =Förutsättningar!$M$18 -> 15 | C5: =Förutsättningar!N$18 -> 20 | D5: - | E5: - | F5: 20 | G5: 12 | H5: 6.4 | I5: OK7 | K5: =Table14[[#This Row],[Slagg mängd]]&Table14[[#This Row],[Gjuttemperatur]]&Table14[[#This Row],[Temperatur motgjutningsyta]]&Table14[[#This Row],[Väderskydd, uppvärmning (ingen vind)]]&Table14[[#This Row],[Täckning '[mm']]]&Table14[[#This Row],[OK<7 dagar]]&Table14[[#This Row],[Kommentar]] -> 0,41520--OK7
A6: 0.4 | B6: =Förutsättningar!$M$18 -> 15 | C6: =Förutsättningar!N$18 -> 20 | D6: - | E6: - | F6: 20 | G6: 20 | H6: 6.4 | I6: OK7 | K6: =Table14[[#This Row],[Slagg mängd]]&Table14[[#This Row],[Gjuttemperatur]]&Table14[[#This Row],[Temperatur motgjutningsyta]]&Table14[[#This Row],[Väderskydd, uppvärmning (ingen vind)]]&Table14[[#This Row],[Täckning '[mm']]]&Table14[[#This Row],[OK<7 dagar]]&Table14[[#This Row],[Kommentar]] -> 0,41520--OK7
A7: 0.4 | B7: =Förutsättningar!M$19 -> 15 | C7: =Förutsättningar!N$19 -> 15 | D7: 0 | E7: Presenning | F7: 15 | G7: 0 | H7: 7 | I7: OK7 | K7: =Table14[[#This Row],[Slagg mängd]]&Table14[[#This Row],[Gjuttemperatur]]&Table14[[#This Row],[Temperatur motgjutningsyta]]&Table14[[#This Row],[Väderskydd, uppvärmning (ingen vind)]]&Table14[[#This Row],[Täckning '[mm']]]&Table14[[#This Row],[OK<7 dagar]]&Table14[[#This Row],[Kommentar]] -> 0,415150PresenningOK7
A8: 0.3 | B8: =Förutsättningar!M$19 -> 15 | C8: =Förutsättningar!N$19 -> 15 | D8: - | E8: - | F8: 15 | G8: 2 | H8: 6.6 | I8: OK7 | K8: =Table14[[#This Row],[Slagg mängd]]&Table14[[#This Row],[Gjuttemperatur]]&Table14[[#This Row],[Temperatur motgjutningsyta]]&Table14[[#This Row],[Väderskydd, uppvärmning (ingen vind)]]&Table14[[#This Row],[Täckning '[mm']]]&Table14[[#This Row],[OK<7 dagar]]&Table14[[#This Row],[Kommentar]] -> 0,31515--OK7
A9: 0.3 | B9: =Förutsättningar!M$19 -> 15 | C9: =Förutsättningar!N$19 -> 15 | D9: - | E9: - | F9: 15 | G9: 7 | H9: 7 | I9: OK7 | K9: =Table14[[#This Row],[Slagg mängd]]&Table14[[#This Row],[Gjuttemperatur]]&Table14[[#This Row],[Temperatur motgjutningsyta]]&Table14[[#This Row],[Väderskydd, uppvärmning (ingen vind)]]&Table14[[#This Row],[Täckning '[mm']]]&Table14[[#This Row],[OK<7 dagar]]&Table14[[#This Row],[Kommentar]] -> 0,31515--OK7
A10: 0.3 | B10: =Förutsättningar!M$19 -> 15 | C10: =Förutsättningar!N$19 -> 15 | D10: - | E10: - | F10: 15 | G10: 12 | H10: 7 | I10: OK7 | K10: =Table14[[#This Row],[Slagg mängd]]&Table14[[#This Row],[Gjuttemperatur]]&Table14[[#This Row],[Temperatur motgjutningsyta]]&Table14[[#This Row],[Väderskydd, uppvärmning (ingen vind)]]&Table14[[#This Row],[Täckning '[mm']]]&Table14[[#This Row],[OK<7 dagar]]&Table14[[#This Row],[Kommentar]] -> 0,31515--OK7
A11: 0.3 | B11: =Förutsättningar!M$19 -> 15 | C11: =Förutsättningar!N$19 -> 15 | D11: 0 | E11: - | F11: 15 | G11: 20 | H11: 6.9 | I11: OK7 | K11: =Table14[[#This Row],[Slagg mängd]]&Table14[[#This Row],[Gjuttemperatur]]&Table14[[#This Row],[Temperatur motgjutningsyta]]&Table14[[#This Row],[Väderskydd, uppvärmning (ingen vind)]]&Table14[[#This Row],[Täckning '[mm']]]&Table14[[#This Row],[OK<7 dagar]]&Table14[[#This Row],[Kommentar]] -> 0,315150-OK7
A12: 0.2 | B12: =Förutsättningar!M$20 -> 15 | C12: =Förutsättningar!N$20 -> 10 | D12: - | E12: - | F12: 10 | G12: 0 | H12: 6.2 | I12: OK7 | K12: =Table14[[#This Row],[Slagg mängd]]&Table14[[#This Row],[Gjuttemperatur]]&Table14[[#This Row],[Temperatur motgjutningsyta]]&Table14[[#This Row],[Väderskydd, uppvärmning (ingen vind)]]&Table14[[#This Row],[Täckning '[mm']]]&Table14[[#This Row],[OK<7 dagar]]&Table14[[#This Row],[Kommentar]] -> 0,21510--OK7
A13: 0.2 | B13: =Förutsättningar!M$20 -> 15 | C13: =Förutsättningar!N$20 -> 10 | D13: 0 | E13: Presenning | F13: 10 | G13: 2 | H13: 6.8 | I13: OK7 | K13: =Table14[[#This Row],[Slagg mängd]]&Table14[[#This Row],[Gjuttemperatur]]&Table14[[#This Row],[Temperatur motgjutningsyta]]&Table14[[#This Row],[Väderskydd, uppvärmning (ingen vind)]]&Table14[[#This Row],[Täckning '[mm']]]&Table14[[#This Row],[OK<7 dagar]]&Table14[[#This Row],[Kommentar]] -> 0,215100PresenningOK7
A14: 0.1 | B14: =Förutsättningar!M$20 -> 15 | C14: =Förutsättningar!N$20 -> 10 | D14: - | E14: - | F14: 10 | G14: 7 | H14: 6 | I14: OK7 | K14: =Table14[[#This Row],[Slagg mängd]]&Table14[[#This Row],[Gjuttemperatur]]&Table14[[#This Row],[Temperatur motgjutningsyta]]&Table14[[#This Row],[Väderskydd, uppvärmning (ingen vind)]]&Table14[[#This Row],[Täckning '[mm']]]&Table14[[#This Row],[OK<7 dagar]]&Table14[[#This Row],[Kommentar]] -> 0,11510--OK7
A15: 0.1 | B15: =Förutsättningar!M$20 -> 15 | C15: =Förutsättningar!N$20 -> 10 | D15: - | E15: - | F15: 10 | G15: 12 | H15: 6.1 | I15: OK7 | K15: =Table14[[#This Row],[Slagg mängd]]&Table14[[#This Row],[Gjuttemperatur]]&Table14[[#This Row],[Temperatur motgjutningsyta]]&Table14[[#This Row],[Väderskydd, uppvärmning (ingen vind)]]&Table14[[#This Row],[Täckning '[mm']]]&Table14[[#This Row],[OK<7 dagar]]&Table14[[#This Row],[Kommentar]] -> 0,11510--OK7
A16: 0.1 | B16: =Förutsättningar!M$20 -> 15 | C16: =Förutsättningar!N$20 -> 10 | D16: - | E16: - | F16: 10 | G16: 20 | H16: 6.2 | I16: OK7 | K16: =Table14[[#This Row],[Slagg mängd]]&Table14[[#This Row],[Gjuttemperatur]]&Table14[[#This Row],[Temperatur motgjutningsyta]]&Table14[[#This Row],[Väderskydd, uppvärmning (ingen vind)]]&Table14[[#This Row],[Täckning '[mm']]]&Table14[[#This Row],[OK<7 dagar]]&Table14[[#This Row],[Kommentar]] -> 0,11510--OK7
A17: 0.4 | B17: =Förutsättningar!M$21 -> 20 | C17: =Förutsättningar!N$21 -> 5 | D17: 0 | E17: 50 | F17: 5 | G17: 0 | H17: 7 | I17: OK7 | K17: =Table14[[#This Row],[Slagg mängd]]&Table14[[#This Row],[Gjuttemperatur]]&Table14[[#This Row],[Temperatur motgjutningsyta]]&Table14[[#This Row],[Väderskydd, uppvärmning (ingen vind)]]&Table14[[#This Row],[Täckning '[mm']]]&Table14[[#This Row],[OK<7 dagar]]&Table14[[#This Row],[Kommentar]] -> 0,4205050OK7
A18: 0.4 | B18: =Förutsättningar!M$21 -> 20 | C18: =Förutsättningar!N$21 -> 5 | D18: 20 | E18: 10 | F18: 5 | G18: 2 | H18: 6 | I18: OK7 | K18: =Table14[[#This Row],[Slagg mängd]]&Table14[[#This Row],[Gjuttemperatur]]&Table14[[#This Row],[Temperatur motgjutningsyta]]&Table14[[#This Row],[Väderskydd, uppvärmning (ingen vind)]]&Table14[[#This Row],[Täckning '[mm']]]&Table14[[#This Row],[OK<7 dagar]]&Table14[[#This Row],[Kommentar]] -> 0,42052010OK7
A19: 0.4 | B19: =Förutsättningar!M$21 -> 20 | C19: =Förutsättningar!N$21 -> 5 | D19: 20 | E19: 10 | F19: 5 | G19: 7 | H19: 6.3 | I19: OK7 | K19: =Table14[[#This Row],[Slagg mängd]]&Table14[[#This Row],[Gjuttemperatur]]&Table14[[#This Row],[Temperatur motgjutningsyta]]&Table14[[#This Row],[Väderskydd, uppvärmning (ingen vind)]]&Table14[[#This Row],[Täckning '[mm']]]&Table14[[#This Row],[OK<7 dagar]]&Table14[[#This Row],[Kommentar]] -> 0,42052010OK7
A20: 0.4 | B20: =Förutsättningar!M$21 -> 20 | C20: =Förutsättningar!N$21 -> 5 | D20: 20 | E20: 10 | F20: 5 | G20: 12 | H20: 6.5 | I20: OK7 | K20: =Table14[[#This Row],[Slagg mängd]]&Table14[[#This Row],[Gjuttemperatur]]&Table14[[#This Row],[Temperatur motgjutningsyta]]&Table14[[#This Row],[Väderskydd, uppvärmning (ingen vind)]]&Table14[[#This Row],[Täckning '[mm']]]&Table14[[#This Row],[OK<7 dagar]]&Table14[[#This Row],[Kommentar]] -> 0,42052010OK7
A21: 0.4 | B21: =Förutsättningar!M$21 -> 20 | C21: =Förutsättningar!N$21 -> 5 | D21: 20 | E21: 10 | F21: 5 | G21: 20 | H21: 6.6 | I21: OK7 | K21: =Table14[[#This Row],[Slagg mängd]]&Table14[[#This Row],[Gjuttemperatur]]&Table14[[#This Row],[Temperatur motgjutningsyta]]&Table14[[#This Row],[Väderskydd, uppvärmning (ingen vind)]]&Table14[[#This Row],[Täckning '[mm']]]&Table14[[#This Row],[OK<7 dagar]]&Table14[[#This Row],[Kommentar]] -> 0,42052010OK7
A22: 0.4 | B22: =Förutsättningar!M$22 -> 20 | C22: =Förutsättningar!N$22 -> 5 | D22: 20 | E22: 20 | F22: 0 | G22: 0 | H22: 6 | I22: OK7 | K22: =Table14[[#This Row],[Slagg mängd]]&Table14[[#This Row],[Gjuttemperatur]]&Table14[[#This Row],[Temperatur motgjutningsyta]]&Table14[[#This Row],[Väderskydd, uppvärmning (ingen vind)]]&Table14[[#This Row],[Täckning '[mm']]]&Table14[[#This Row],[OK<7 dagar]]&Table14[[#This Row],[Kommentar]] -> 0,42052020OK7
A23: 0.4 | B23: =Förutsättningar!M$22 -> 20 | C23: =Förutsättningar!N$22 -> 5 | D23: 20 | E23: 20 | F23: 0 | G23: 2 | H23: 6.4 | I23: OK7 | K23: =Table14[[#This Row],[Slagg mängd]]&Table14[[#This Row],[Gjuttemperatur]]&Table14[[#This Row],[Temperatur motgjutningsyta]]&Table14[[#This Row],[Väderskydd, uppvärmning (ingen vind)]]&Table14[[#This Row],[Täckning '[mm']]]&Table14[[#This Row],[OK<7 dagar]]&Table14[[#This Row],[Kommentar]] -> 0,42052020OK7
A24: 0.4 | B24: =Förutsättningar!M$22 -> 20 | C24: =Förutsättningar!N$22 -> 5 | D24: 20 | E24: 20 | F24: 0 | G24: 7 | H24: 6.8 | I24: OK7 | K24: =Table14[[#This Row],[Slagg mängd]]&Table14[[#This Row],[Gjuttemperatur]]&Table14[[#This Row],[Temperatur motgjutningsyta]]&Table14[[#This Row],[Väderskydd, uppvärmning (ingen vind)]]&Table14[[#This Row],[Täckning '[mm']]]&Table14[[#This Row],[OK<7 dagar]]&Table14[[#This Row],[Kommentar]] -> 0,42052020OK7
A25: 0.4 | B25: =Förutsättningar!M$22 -> 20 | C25: =Förutsättningar!N$22 -> 5 | D25: 20 | E25: 20 | F25: 0 | G25: 12 | H25: 6.9 | I25: OK7 | K25: =Table14[[#This Row],[Slagg mängd]]&Table14[[#This Row],[Gjuttemperatur]]&Table14[[#This Row],[Temperatur motgjutningsyta]]&Table14[[#This Row],[Väderskydd, uppvärmning (ingen vind)]]&Table14[[#This Row],[Täckning '[mm']]]&Table14[[#This Row],[OK<7 dagar]]&Table14[[#This Row],[Kommentar]] -> 0,42052020OK7
A26: 0.4 | B26: =Förutsättningar!M$22 -> 20 | C26: =Förutsättningar!N$22 -> 5 | D26: 20 | E26: 20 | F26: 0 | G26: 20 | H26: 6.9 | I26: OK7 | K26: =Table14[[#This Row],[Slagg mängd]]&Table14[[#This Row],[Gjuttemperatur]]&Table14[[#This Row],[Temperatur motgjutningsyta]]&Table14[[#This Row],[Väderskydd, uppvärmning (ingen vind)]]&Table14[[#This Row],[Täckning '[mm']]]&Table14[[#This Row],[OK<7 dagar]]&Table14[[#This Row],[Kommentar]] -> 0,42052020OK7
A27: 0.4 | B27: =Förutsättningar!M$23 -> 20 | C27: =Förutsättningar!N$23 -> 5 | D27: 20 | E27: 50 | F27: -5 | G27: 0 | H27: 6.2 | I27: OK7 | K27: =Table14[[#This Row],[Slagg mängd]]&Table14[[#This Row],[Gjuttemperatur]]&Table14[[#This Row],[Temperatur motgjutningsyta]]&Table14[[#This Row],[Väderskydd, uppvärmning (ingen vind)]]&Table14[[#This Row],[Täckning '[mm']]]&Table14[[#This Row],[OK<7 dagar]]&Table14[[#This Row],[Kommentar]] -> 0,42052050OK7
A28: 0.4 | B28: =Förutsättningar!M$23 -> 20 | C28: =Förutsättningar!N$23 -> 5 | D28: 20 | E28: 50 | F28: -5 | G28: 2 | H28: 6.4 | I28: OK7 | K28: =Table14[[#This Row],[Slagg mängd]]&Table14[[#This Row],[Gjuttemperatur]]&Table14[[#This Row],[Temperatur motgjutningsyta]]&Table14[[#This Row],[Väderskydd, uppvärmning (ingen vind)]]&Table14[[#This Row],[Täckning '[mm']]]&Table14[[#This Row],[OK<7 dagar]]&Table14[[#This Row],[Kommentar]] -> 0,42052050OK7
A29: 0.4 | B29: =Förutsättningar!M$23 -> 20 | C29: =Förutsättningar!N$23 -> 5 | D29: 20 | E29: 50 | F29: -5 | G29: 7 | H29: 6.6 | I29: OK7 | K29: =Table14[[#This Row],[Slagg mängd]]&Table14[[#This Row],[Gjuttemperatur]]&Table14[[#This Row],[Temperatur motgjutningsyta]]&Table14[[#This Row],[Väderskydd, uppvärmning (ingen vind)]]&Table14[[#This Row],[Täckning '[mm']]]&Table14[[#This Row],[OK<7 dagar]]&Table14[[#This Row],[Kommentar]] -> 0,42052050OK7
A30: 0.4 | B30: =Förutsättningar!M$23 -> 20 | C30: =Förutsättningar!N$23 -> 5 | D30: 20 | E30: 50 | F30: -5 | G30: 12 | H30: 6.8 | I30: OK7 | K30: =Table14[[#This Row],[Slagg mängd]]&Table14[[#This Row],[Gjuttemperatur]]&Table14[[#This Row],[Temperatur motgjutningsyta]]&Table14[[#This Row],[Väderskydd, uppvärmning (ingen vind)]]&Table14[[#This Row],[Täckning '[mm']]]&Table14[[#This Row],[OK<7 dagar]]&Table14[[#This Row],[Kommentar]] -> 0,42052050OK7
A31: 0.4 | B31: =Förutsättningar!M$23 -> 20 | C31: =Förutsättningar!N$23 -> 5 | D31: 20 | E31: 50 | F31: -5 | G31: 20 | H31: 6.8 | I31: OK7 | K31: =Table14[[#This Row],[Slagg mängd]]&Table14[[#This Row],[Gjuttemperatur]]&Table14[[#This Row],[Temperatur motgjutningsyta]]&Table14[[#This Row],[Väderskydd, uppvärmning (ingen vind)]]&Table14[[#This Row],[Täckning '[mm']]]&Table14[[#This Row],[OK<7 dagar]]&Table14[[#This Row],[Kommentar]] -> 0,42052050OK7
A32: 0.3 | B32: =Förutsättningar!M$24 -> 20 | C32: =Förutsättningar!N$24 -> 5 | D32: 20 | E32: 50 | F32: -10 | G32: 0 | H32: 6.3 | I32: OK7 | K32: =Table14[[#This Row],[Slagg mängd]]&Table14[[#This Row],[Gjuttemperatur]]&Table14[[#This Row],[Temperatur motgjutningsyta]]&Table14[[#This Row],[Väderskydd, uppvärmning (ingen vind)]]&Table14[[#This Row],[Täckning '[mm']]]&Table14[[#This Row],[OK<7 dagar]]&Table14[[#This Row],[Kommentar]] -> 0,32052050OK7
A33: 0.3 | B33: =Förutsättningar!M$24 -> 20 | C33: =Förutsättningar!N$24 -> 5 | D33: 20 | E33: 50 | F33: -10 | G33: 2 | H33: 6.6 | I33: OK7 | K33: =Table14[[#This Row],[Slagg mängd]]&Table14[[#This Row],[Gjuttemperatur]]&Table14[[#This Row],[Temperatur motgjutningsyta]]&Table14[[#This Row],[Väderskydd, uppvärmning (ingen vind)]]&Table14[[#This Row],[Täckning '[mm']]]&Table14[[#This Row],[OK<7 dagar]]&Table14[[#This Row],[Kommentar]] -> 0,32052050OK7
A34: 0.3 | B34: =Förutsättningar!M$24 -> 20 | C34: =Förutsättningar!N$24 -> 5 | D34: 20 | E34: 50 | F34: -10 | G34: 7 | H34: 7 | I34: OK7 | K34: =Table14[[#This Row],[Slagg mängd]]&Table14[[#This Row],[Gjuttemperatur]]&Table14[[#This Row],[Temperatur motgjutningsyta]]&Table14[[#This Row],[Väderskydd, uppvärmning (ingen vind)]]&Table14[[#This Row],[Täckning '[mm']]]&Table14[[#This Row],[OK<7 dagar]]&Table14[[#This Row],[Kommentar]] -> 0,32052050OK7
A35: - | B35: - | C35: - | D35: - | E35: - | F35: -10 | G35: 12 | J35: Frys innan täck | K35: =Table14[[#This Row],[Slagg mängd]]&Table14[[#This Row],[Gjuttemperatur]]&Table14[[#This Row],[Temperatur motgjutningsyta]]&Table14[[#This Row],[Väderskydd, uppvärmning (ingen vind)]]&Table14[[#This Row],[Täckning '[mm']]]&Table14[[#This Row],[OK<7 dagar]]&Table14[[#This Row],[Kommentar]] -> -----Frys innan täck
A36: - | B36: - | C36: - | D36: - | E36: - | F36: -10 | G36: 20 | J36: Frys innan täck | K36: =Table14[[#This Row],[Slagg mängd]]&Table14[[#This Row],[Gjuttemperatur]]&Table14[[#This Row],[Temperatur motgjutningsyta]]&Table14[[#This Row],[Väderskydd, uppvärmning (ingen vind)]]&Table14[[#This Row],[Täckning '[mm']]]&Table14[[#This Row],[OK<7 dagar]]&Table14[[#This Row],[Kommentar]] -> -----Frys innan täck
A37: 0.1 | B37: =Förutsättningar!M$25 -> 15 | C37: =Förutsättningar!N$25 -> 5 | D37: 20 | E37: 30 | F37: -15 | G37: 0 | H37: 5.8 | I37: OK7 | K37: =Table14[[#This Row],[Slagg mängd]]&Table14[[#This Row],[Gjuttemperatur]]&Table14[[#This Row],[Temperatur motgjutningsyta]]&Table14[[#This Row],[Väderskydd, uppvärmning (ingen vind)]]&Table14[[#This Row],[Täckning '[mm']]]&Table14[[#This Row],[OK<7 dagar]]&Table14[[#This Row],[Kommentar]] -> 0,11552030OK7
A38: 0.1 | B38: =Förutsättningar!M$25 -> 15 | C38: =Förutsättningar!N$25 -> 5 | D38: 20 | E38: 30 | F38: -15 | G38: 2 | H38: 6.7 | I38: OK7 | K38: =Table14[[#This Row],[Slagg mängd]]&Table14[[#This Row],[Gjuttemperatur]]&Table14[[#This Row],[Temperatur motgjutningsyta]]&Table14[[#This Row],[Väderskydd, uppvärmning (ingen vind)]]&Table14[[#This Row],[Täckning '[mm']]]&Table14[[#This Row],[OK<7 dagar]]&Table14[[#This Row],[Kommentar]] -> 0,11552030OK7
A39: - | B39: - | C39: - | D39: - | E39: - | F39: -15 | G39: 7 | J39: Frys innan täck | K39: =Table14[[#This Row],[Slagg mängd]]&Table14[[#This Row],[Gjuttemperatur]]&Table14[[#This Row],[Temperatur motgjutningsyta]]&Table14[[#This Row],[Väderskydd, uppvärmning (ingen vind)]]&Table14[[#This Row],[Täckning '[mm']]]&Table14[[#This Row],[OK<7 dagar]]&Table14[[#This Row],[Kommentar]] -> -----Frys innan täck
A40: - | B40: - | C40: - | D40: - | E40: - | F40: -15 | G40: 12 | J40: Frys innan täck | K40: =Table14[[#This Row],[Slagg mängd]]&Table14[[#This Row],[Gjuttemperatur]]&Table14[[#This Row],[Temperatur motgjutningsyta]]&Table14[[#This Row],[Väderskydd, uppvärmning (ingen vind)]]&Table14[[#This Row],[Täckning '[mm']]]&Table14[[#This Row],[OK<7 dagar]]&Table14[[#This Row],[Kommentar]] -> -----Frys innan täck
A41: - | B41: - | C41: - | D41: - | E41: - | F41: -15 | G41: 20 | J41: Frys innan täck | K41: =Table14[[#This Row],[Slagg mängd]]&Table14[[#This Row],[Gjuttemperatur]]&Table14[[#This Row],[Temperatur motgjutningsyta]]&Table14[[#This Row],[Väderskydd, uppvärmning (ingen vind)]]&Table14[[#This Row],[Täckning '[mm']]]&Table14[[#This Row],[OK<7 dagar]]&Table14[[#This Row],[Kommentar]] -> -----Frys innan täck
A42: Bas+0% | B42: =Förutsättningar!M$26 -> 10 | C42: =Förutsättningar!N$26 -> 5 | D42: 20 | E42: 50 | F42: -20 | G42: 0 | H42: 4.2 | I42: OK7 | K42: =Table14[[#This Row],[Slagg mängd]]&Table14[[#This Row],[Gjuttemperatur]]&Table14[[#This Row],[Temperatur motgjutningsyta]]&Table14[[#This Row],[Väderskydd, uppvärmning (ingen vind)]]&Table14[[#This Row],[Täckning '[mm']]]&Table14[[#This Row],[OK<7 dagar]]&Table14[[#This Row],[Kommentar]] -> Bas+0%1052050OK7
A43: Bas+0% | B43: =Förutsättningar!M$26 -> 10 | C43: =Förutsättningar!N$26 -> 5 | D43: 20 | E43: 50 | F43: -20 | G43: 2 | H43: 4.8 | I43: OK7 | K43: =Table14[[#This Row],[Slagg mängd]]&Table14[[#This Row],[Gjuttemperatur]]&Table14[[#This Row],[Temperatur motgjutningsyta]]&Table14[[#This Row],[Väderskydd, uppvärmning (ingen vind)]]&Table14[[#This Row],[Täckning '[mm']]]&Table14[[#This Row],[OK<7 dagar]]&Table14[[#This Row],[Kommentar]] -> Bas+0%1052050OK7
A44: - | B44: - | C44: - | D44: - | E44: - | F44: -20 | G44: 7 | J44: Frys innan täck | K44: =Table14[[#This Row],[Slagg mängd]]&Table14[[#This Row],[Gjuttemperatur]]&Table14[[#This Row],[Temperatur motgjutningsyta]]&Table14[[#This Row],[Väderskydd, uppvärmning (ingen vind)]]&Table14[[#This Row],[Täckning '[mm']]]&Table14[[#This Row],[OK<7 dagar]]&Table14[[#This Row],[Kommentar]] -> -----Frys innan täck
A45: - | B45: - | C45: - | D45: - | E45: - | F45: -20 | G45: 12 | J45: Frys innan täck | K45: =Table14[[#This Row],[Slagg mängd]]&Table14[[#This Row],[Gjuttemperatur]]&Table14[[#This Row],[Temperatur motgjutningsyta]]&Table14[[#This Row],[Väderskydd, uppvärmning (ingen vind)]]&Table14[[#This Row],[Täckning '[mm']]]&Table14[[#This Row],[OK<7 dagar]]&Table14[[#This Row],[Kommentar]] -> -----Frys innan täck
A46: - | B46: - | C46: - | D46: - | E46: - | F46: -20 | G46: 20 | J46: Frys innan täck | K46: =Table14[[#This Row],[Slagg mängd]]&Table14[[#This Row],[Gjuttemperatur]]&Table14[[#This Row],[Temperatur motgjutningsyta]]&Table14[[#This Row],[Väderskydd, uppvärmning (ingen vind)]]&Table14[[#This Row],[Täckning '[mm']]]&Table14[[#This Row],[OK<7 dagar]]&Table14[[#This Row],[Kommentar]] -> -----Frys innan täck

Sheet Data till Lathund, Kådgenererin
A1: Temperatur | B1: Vind | C1: C20/25 | D1: C25/30 | E1: C28/25 | F1: C30/37 | G1: C32/40 | H1: C35/45 | I1: C40/50 | K1: Temperatur | L1: Vind | M1: Column1 | N1: Åtgärdskåd | O1: Åtgärdssvårighet | P1: Nummer
A2: 20 | B2: 0 | C2: =Table141719202122[[#This Row],[Åtgärdskåd]] -> 0,315 °C20 °CVindskyddPresenningOK7 | D2: =Table1417192021[[#This Row],[Åtgärdskåd]] -> 0,415200PresenningOK7 | E2: =Table14171920[[#This Row],[Åtgärdskåd]] -> 0,41520--OK7 | F2: =Table141719[[#This Row],[Åtgärdskåd]] -> 0,41520--OK7 | G2: =Table1417[[#This Row],[Åtgärdskåd]] -> 0,41520--OK7 | H2: =Table1423[[#This Row],[Åtgärdskåd]] -> 0,41520--OK7 | I2: =Table14[[#This Row],[Åtgärdskåd]] -> 0,41520--OK7 | N2: =Table8[[#This Row],[Column1]] -> 0,41520--OK7 | O2: =Table8[[#This Row],[Jobbighetsnivå]] -> 1 | P2: =MATCH(N2, _xlfn.UNIQUE($N$2:$N$361), 0) -> 1 | R2: 1 | S2: 0,315200PresenningOK7
A3: 20 | B3: 2 | C3: =Table141719202122[[#This Row],[Åtgärdskåd]] -> 0,215 °C20 °C--OK7 | D3: =Table1417192021[[#This Row],[Åtgärdskåd]] -> 0,31520--OK7 | E3: =Table14171920[[#This Row],[Åtgärdskåd]] -> 0,41520--OK7 | F3: =Table141719[[#This Row],[Åtgärdskåd]] -> 0,41520--OK7 | G3: =Table1417[[#This Row],[Åtgärdskåd]] -> 0,41520--OK7 | H3: =Table1423[[#This Row],[Åtgärdskåd]] -> 0,41520--OK7 | I3: =Table14[[#This Row],[Åtgärdskåd]] -> 0,41520--OK7 | N3: =Table8[[#This Row],[Column1]] -> 0,415200-OK7 | O3: =Table8[[#This Row],[Jobbighetsnivå]] -> 2 | P3: =MATCH(N3, _xlfn.UNIQUE($N$2:$N$361), 0) -> 2 | R3: 2 | S3: 0,21520--OK7
A4: 20 | B4: 7 | C4: =Table141719202122[[#This Row],[Åtgärdskåd]] -> 0,215 °C20 °C--OK7 | D4: =Table1417192021[[#This Row],[Åtgärdskåd]] -> 0,31520--OK7 | E4: =Table14171920[[#This Row],[Åtgärdskåd]] -> 0,415200PresenningOK7 | F4: =Table141719[[#This Row],[Åtgärdskåd]] -> 0,41520--OK7 | G4: =Table1417[[#This Row],[Åtgärdskåd]] -> 0,41520--OK7 | H4: =Table1423[[#This Row],[Åtgärdskåd]] -> 0,41520--OK7 | I4: =Table14[[#This Row],[Åtgärdskåd]] -> 0,41520--OK7 | N4: =Table8[[#This Row],[Column1]] -> 0,415150PresenningOK7 | O4: =Table8[[#This Row],[Jobbighetsnivå]] -> 3 | P4: =MATCH(N4, _xlfn.UNIQUE($N$2:$N$361), 0) -> 3 | R4: 3 | S4: 0,11515--OK7
A5: 20 | B5: 12 | C5: =Table141719202122[[#This Row],[Åtgärdskåd]] -> 0,215 °C20 °C--OK7 | D5: =Table1417192021[[#This Row],[Åtgärdskåd]] -> 0,31520--OK7 | E5: =Table14171920[[#This Row],[Åtgärdskåd]] -> 0,415200PresenningOK7 | F5: =Table141719[[#This Row],[Åtgärdskåd]] -> 0,41520--OK7 | G5: =Table1417[[#This Row],[Åtgärdskåd]] -> 0,41520--OK7 | H5: =Table1423[[#This Row],[Åtgärdskåd]] -> 0,41520--OK7 | I5: =Table14[[#This Row],[Åtgärdskåd]] -> 0,41520--OK7 | N5: =Table8[[#This Row],[Column1]] -> 0,415200PresenningOK7 | O5: =Table8[[#This Row],[Jobbighetsnivå]] -> 4 | P5: =MATCH(N5, _xlfn.UNIQUE($N$2:$N$361), 0) -> 4 | R5: 4 | S5: 0,115150-OK7
A6: 20 | B6: 20 | C6: =Table141719202122[[#This Row],[Åtgärdskåd]] -> 0,215 °C20 °C--OK7 | D6: =Table1417192021[[#This Row],[Åtgärdskåd]] -> 0,31520--OK7 | E6: =Table14171920[[#This Row],[Åtgärdskåd]] -> 0,415200PresenningOK7 | F6: =Table141719[[#This Row],[Åtgärdskåd]] -> 0,415200-OK7 | G6: =Table1417[[#This Row],[Åtgärdskåd]] -> 0,41520--OK7 | H6: =Table1423[[#This Row],[Åtgärdskåd]] -> 0,41520--OK7 | I6: =Table14[[#This Row],[Åtgärdskåd]] -> 0,41520--OK7 | N6: =Table8[[#This Row],[Column1]] -> 0,4205050OK7 | O6: =Table8[[#This Row],[Jobbighetsnivå]] -> 5 | P6: =MATCH(N6, _xlfn.UNIQUE($N$2:$N$361), 0) -> 5 | R6: 5 | S6: 0,115150PresenningOK7
A7: 15 | B7: 0 | C7: =Table141719202122[[#This Row],[Åtgärdskåd]] -> 0,115 °C20 °C--OK7 | D7: =Table1417192021[[#This Row],[Åtgärdskåd]] -> 0,11515--OK7 | E7: =Table14171920[[#This Row],[Åtgärdskåd]] -> 0,21515--OK7 | F7: =Table141719[[#This Row],[Åtgärdskåd]] -> 0,21515--OK7 | G7: =Table1417[[#This Row],[Åtgärdskåd]] -> 0,315150PresenningOK7 | H7: =Table1423[[#This Row],[Åtgärdskåd]] -> 0,31515--OK7 | I7: =Table14[[#This Row],[Åtgärdskåd]] -> 0,415150PresenningOK7 | N7: =Table8[[#This Row],[Column1]] -> 0,42052010OK7 | O7: =Table8[[#This Row],[Jobbighetsnivå]] -> 6 | P7: =MATCH(N7, _xlfn.UNIQUE($N$2:$N$361), 0) -> 6 | R7: 6 | S7: Bas+0%1510--OK7
A8: 15 | B8: 2 | C8: =Table141719202122[[#This Row],[Åtgärdskåd]] -> 0,115 °C20 °CVindskydd-OK7 | D8: =Table1417192021[[#This Row],[Åtgärdskåd]] -> 0,11515--OK7 | E8: =Table14171920[[#This Row],[Åtgärdskåd]] -> 0,215150-OK7 | F8: =Table141719[[#This Row],[Åtgärdskåd]] -> 0,21515--OK7 | G8: =Table1417[[#This Row],[Åtgärdskåd]] -> 0,21515--OK7 | H8: =Table1423[[#This Row],[Åtgärdskåd]] -> 0,31515--OK7 | I8: =Table14[[#This Row],[Åtgärdskåd]] -> 0,31515--OK7 | N8: =Table8[[#This Row],[Column1]] -> 0,42052020OK7 | O8: =Table8[[#This Row],[Jobbighetsnivå]] -> 7 | P8: =MATCH(N8, _xlfn.UNIQUE($N$2:$N$361), 0) -> 7 | R8: 7 | S8: Bas+0%15100-OK7
A9: 15 | B9: 7 | C9: =Table141719202122[[#This Row],[Åtgärdskåd]] -> 0,115 °C20 °CVindskydd-OK7 | D9: =Table1417192021[[#This Row],[Åtgärdskåd]] -> 0,11515--OK7 | E9: =Table14171920[[#This Row],[Åtgärdskåd]] -> 0,11515--OK7 | F9: =Table141719[[#This Row],[Åtgärdskåd]] -> 0,215150PresenningOK7 | G9: =Table1417[[#This Row],[Åtgärdskåd]] -> 0,21515--OK7 | H9: =Table1423[[#This Row],[Åtgärdskåd]] -> 0,315150PresenningOK7 | I9: =Table14[[#This Row],[Åtgärdskåd]] -> 0,31515--OK7 | N9: =Table8[[#This Row],[Column1]] -> 0,42052030OK7 | O9: =Table8[[#This Row],[Jobbighetsnivå]] -> 8 | P9: =MATCH(N9, _xlfn.UNIQUE($N$2:$N$361), 0) -> 8 | R9: 8 | S9: -----Når ej 70%
A10: 15 | B10: 12 | C10: =Table141719202122[[#This Row],[Åtgärdskåd]] -> 0,115 °C20 °CVindskyddPresenningOK7 | D10: =Table1417192021[[#This Row],[Åtgärdskåd]] -> 0,11515--OK7 | E10: =Table14171920[[#This Row],[Åtgärdskåd]] -> 0,11515--OK7 | F10: =Table141719[[#This Row],[Åtgärdskåd]] -> 0,215150PresenningOK7 | G10: =Table1417[[#This Row],[Åtgärdskåd]] -> 0,21515--OK7 | H10: =Table1423[[#This Row],[Åtgärdskåd]] -> 0,315150PresenningOK7 | I10: =Table14[[#This Row],[Åtgärdskåd]] -> 0,31515--OK7 | N10: =Table8[[#This Row],[Column1]] -> 0,42052050OK7 | O10: =Table8[[#This Row],[Jobbighetsnivå]] -> 9 | P10: =MATCH(N10, _xlfn.UNIQUE($N$2:$N$361), 0) -> 9 | R10: 9 | S10: 0,42052030OK7
A11: 15 | B11: 20 | C11: =Table141719202122[[#This Row],[Åtgärdskåd]] -> 0,115 °C20 °CVindskyddPresenningOK7 | D11: =Table1417192021[[#This Row],[Åtgärdskåd]] -> 0,11515--OK7 | E11: =Table14171920[[#This Row],[Åtgärdskåd]] -> 0,11515--OK7 | F11: =Table141719[[#This Row],[Åtgärdskåd]] -> 0,215150PresenningOK7 | G11: =Table1417[[#This Row],[Åtgärdskåd]] -> 0,21515--OK7 | H11: =Table1423[[#This Row],[Åtgärdskåd]] -> 0,315150PresenningOK7 | I11: =Table14[[#This Row],[Åtgärdskåd]] -> 0,315150-OK7 | N11: =Table8[[#This Row],[Column1]] -> 0,31515--OK7 | O11: =Table8[[#This Row],[Jobbighetsnivå]] -> 10 | P11: =MATCH(N11, _xlfn.UNIQUE($N$2:$N$361), 0) -> 10 | R11: 10 | S11: 0,42052050OK7
A12: 10 | B12: 0 | C12: =Table141719202122[[#This Row],[Åtgärdskåd]] -> Bas+0%15 °C20 °C--OK7 | D12: =Table1417192021[[#This Row],[Åtgärdskåd]] -> Bas+0%1510--OK7 | E12: =Table14171920[[#This Row],[Åtgärdskåd]] -> 0,11510--OK7 | F12: =Table141719[[#This Row],[Åtgärdskåd]] -> 0,11510--OK7 | G12: =Table1417[[#This Row],[Åtgärdskåd]] -> 0,11510--OK7 | H12: =Table1423[[#This Row],[Åtgärdskåd]] -> 0,21510--OK7 | I12: =Table14[[#This Row],[Åtgärdskåd]] -> 0,21510--OK7 | N12: =Table8[[#This Row],[Column1]] -> 0,31520--OK7 | O12: =Table8[[#This Row],[Jobbighetsnivå]] -> 11 | P12: =MATCH(N12, _xlfn.UNIQUE($N$2:$N$361), 0) -> 11 | R12: 11 | S12: 0,32052050OK7
A13: 10 | B13: 2 | C13: =Table141719202122[[#This Row],[Åtgärdskåd]] -> Bas+0%15 °C20 °CVindskydd-OK7 | D13: =Table1417192021[[#This Row],[Åtgärdskåd]] -> Bas+0%1510--OK7 | E13: =Table14171920[[#This Row],[Åtgärdskåd]] -> Bas+0%1510--OK7 | F13: =Table141719[[#This Row],[Åtgärdskåd]] -> 0,115100PresenningOK7 | G13: =Table1417[[#This Row],[Åtgärdskåd]] -> 0,11510--OK7 | H13: =Table1423[[#This Row],[Åtgärdskåd]] -> 0,11510--OK7 | I13: =Table14[[#This Row],[Åtgärdskåd]] -> 0,215100PresenningOK7 | N13: =Table8[[#This Row],[Column1]] -> 0,315150-OK7 | O13: =Table8[[#This Row],[Jobbighetsnivå]] -> 12 | P13: =MATCH(N13, _xlfn.UNIQUE($N$2:$N$361), 0) -> 12 | R13: 12 | S13: 0,22052050OK7
... A46: -20 | B46: 20 | C46: =Table141719202122[[#This Row],[Åtgärdskåd]] -> -----Frys innan täck | D46: =Table1417192021[[#This Row],[Åtgärdskåd]] -> -----Frys innan täck | E46: =Table14171920[[#This Row],[Åtgärdskåd]] -> -----Frys innan täck | F46: =Table141719[[#This Row],[Åtgärdskåd]] -> -----Frys innan täck | G46: =Table1417[[#This Row],[Åtgärdskåd]] -> -----Frys innan täck | H46: =Table1423[[#This Row],[Åtgärdskåd]] -> -----Frys innan täck | I46: =Table14[[#This Row],[Åtgärdskåd]] -> -----Frys innan täck | N46: =Table8[[#This Row],[Column1]] -> -----Frys innan täck | O46: =Table8[[#This Row],[Jobbighetsnivå]] -> 45 | P46: =MATCH(N46, _xlfn.UNIQUE($N$2:$N$361), 0) -> 45 | R46: 45 | S46: Bas+0%1052050OK7
K47: 20 | L47: 0 | M47: =Table6[[#Headers],[C20/25]] -> C20/25 | N47: =C2 -> 0,315 °C20 °CVindskyddPresenningOK7 | P47: =MATCH(N47, _xlfn.UNIQUE($N$2:$N$361), 0) -> 46 | R47: =MATCH(N47, _xlfn.UNIQUE($N$47:$N$361), 0) -> 1
K48: 20 | L48: 2 | N48: =C3 -> 0,215 °C20 °C--OK7 | P48: =MATCH(N48, _xlfn.UNIQUE($N$2:$N$361), 0) -> 47 | R48: =MATCH(N48, _xlfn.UNIQUE($N$47:$N$361), 0) -> 2
K49: 20 | L49: 7 | N49: =C4 -> 0,215 °C20 °C--OK7 | P49: =MATCH(N49, _xlfn.UNIQUE($N$2:$N$361), 0) -> 47 | R49: =MATCH(N49, _xlfn.UNIQUE($N$47:$N$361), 0) -> 2
K50: 20 | L50: 12 | N50: =C5 -> 0,215 °C20 °C--OK7 | P50: =MATCH(N50, _xlfn.UNIQUE($N$2:$N$361), 0) -> 47 | R50: =MATCH(N50, _xlfn.UNIQUE($N$47:$N$361), 0) -> 2
K51: 20 | L51: 20 | N51: =C6 -> 0,215 °C20 °C--OK7 | P51: =MATCH(N51, _xlfn.UNIQUE($N$2:$N$361), 0) -> 47 | R51: =MATCH(N51, _xlfn.UNIQUE($N$47:$N$361), 0) -> 2
K52: 15 | L52: 0 | N52: =C7 -> 0,115 °C20 °C--OK7 | P52: =MATCH(N52, _xlfn.UNIQUE($N$2:$N$361), 0) -> 48 | R52: =MATCH(N52, _xlfn.UNIQUE($N$47:$N$361), 0) -> 3
K53: 15 | L53: 2 | N53: =C8 -> 0,115 °C20 °CVindskydd-OK7 | P53: =MATCH(N53, _xlfn.UNIQUE($N$2:$N$361), 0) -> 49 | R53: =MATCH(N53, _xlfn.UNIQUE($N$47:$N$361), 0) -> 4
K54: 15 | L54: 7 | N54: =C9 -> 0,115 °C20 °CVindskydd-OK7 | P54: =MATCH(N54, _xlfn.UNIQUE($N$2:$N$361), 0) -> 49 | R54: =MATCH(N54, _xlfn.UNIQUE($N$47:$N$361), 0) -> 4
K55: 15 | L55: 12 | N55: =C10 -> 0,115 °C20 °CVindskyddPresenningOK7 | P55: =MATCH(N55, _xlfn.UNIQUE($N$2:$N$361), 0) -> 50 | R55: =MATCH(N55, _xlfn.UNIQUE($N$47:$N$361), 0) -> 5
K56: 15 | L56: 20 | N56: =C11 -> 0,115 °C20 °CVindskyddPresenningOK7 | P56: =MATCH(N56, _xlfn.UNIQUE($N$2:$N$361), 0) -> 50 | R56: =MATCH(N56, _xlfn.UNIQUE($N$47:$N$361), 0) -> 5
K57: 10 | L57: 0 | N57: =C12 -> Bas+0%15 °C20 °C--OK7 | P57: =MATCH(N57, _xlfn.UNIQUE($N$2:$N$361), 0) -> 51 | R57: =MATCH(N57, _xlfn.UNIQUE($N$47:$N$361), 0) -> 6
K58: 10 | L58: 2 | N58: =C13 -> Bas+0%15 °C20 °CVindskydd-OK7 | P58: =MATCH(N58, _xlfn.UNIQUE($N$2:$N$361), 0) -> 52 | R58: =MATCH(N58, _xlfn.UNIQUE($N$47:$N$361), 0) -> 7
K59: 10 | L59: 7 | N59: =C14 -> -----Når ej 70% | P59: =MATCH(N59, _xlfn.UNIQUE($N$2:$N$361), 0) -> 44 | R59: =MATCH(N59, _xlfn.UNIQUE($N$47:$N$361), 0) -> 8
... K91: -20 | L91: 20 | N91: =C46 -> -----Frys innan täck | P91: =MATCH(N91, _xlfn.UNIQUE($N$2:$N$361), 0) -> 45 | R91: =MATCH(N91, _xlfn.UNIQUE($N$47:$N$361), 0) -> 17
K92: 20 | L92: 0 | M92: C25/30 | N92: =D2 -> 0,415200PresenningOK7 | P92: =MATCH(N92, _xlfn.UNIQUE($N$2:$N$361), 0) -> 4 | R92: =MATCH(N92, _xlfn.UNIQUE($N$47:$N$361), 0) -> 18
K93: 20 | L93: 2 | N93: =D3 -> 0,31520--OK7 | P93: =MATCH(N93, _xlfn.UNIQUE($N$2:$N$361), 0) -> 11 | R93: =MATCH(N93, _xlfn.UNIQUE($N$47:$N$361), 0) -> 19
K94: 20 | L94: 7 | N94: =D4 -> 0,31520--OK7 | P94: =MATCH(N94, _xlfn.UNIQUE($N$2:$N$361), 0) -> 11 | R94: =MATCH(N94, _xlfn.UNIQUE($N$47:$N$361), 0) -> 19
K95: 20 | L95: 12 | N95: =D5 -> 0,31520--OK7 | P95: =MATCH(N95, _xlfn.UNIQUE($N$2:$N$361), 0) -> 11 | R95: =MATCH(N95, _xlfn.UNIQUE($N$47:$N$361), 0) -> 19
K96: 20 | L96: 20 | N96: =D6 -> 0,31520--OK7 | P96: =MATCH(N96, _xlfn.UNIQUE($N$2:$N$361), 0) -> 11 | R96: =MATCH(N96, _xlfn.UNIQUE($N$47:$N$361), 0) -> 19
K97: 15 | L97: 0 | N97: =D7 -> 0,11515--OK7 | P97: =MATCH(N97, _xlfn.UNIQUE($N$2:$N$361), 0) -> 27 | R97: =MATCH(N97, _xlfn.UNIQUE($N$47:$N$361), 0) -> 20
K98: 15 | L98: 2 | N98: =D8 -> 0,11515--OK7 | P98: =MATCH(N98, _xlfn.UNIQUE($N$2:$N$361), 0) -> 27 | R98: =MATCH(N98, _xlfn.UNIQUE($N$47:$N$361), 0) -> 20
K99: 15 | L99: 7 | N99: =D9 -> 0,11515--OK7 | P99: =MATCH(N99, _xlfn.UNIQUE($N$2:$N$361), 0) -> 27 | R99: =MATCH(N99, _xlfn.UNIQUE($N$47:$N$361), 0) -> 20
K100: 15 | L100: 12 | N100: =D10 -> 0,11515--OK7 | P100: =MATCH(N100, _xlfn.UNIQUE($N$2:$N$361), 0) -> 27 | R100: =MATCH(N100, _xlfn.UNIQUE($N$47:$N$361), 0) -> 20
K101: 15 | L101: 20 | N101: =D11 -> 0,11515--OK7 | P101: =MATCH(N101, _xlfn.UNIQUE($N$2:$N$361), 0) -> 27 | R101: =MATCH(N101, _xlfn.UNIQUE($N$47:$N$361), 0) -> 20
K102: 10 | L102: 0 | N102: =D12 -> Bas+0%1510--OK7 | P102: =MATCH(N102, _xlfn.UNIQUE($N$2:$N$361), 0) -> 37 | R102: =MATCH(N102, _xlfn.UNIQUE($N$47:$N$361), 0) -> 21
K103: 10 | L103: 2 | N103: =D13 -> Bas+0%1510--OK7 | P103: =MATCH(N103, _xlfn.UNIQUE($N$2:$N$361), 0) -> 37 | R103: =MATCH(N103, _xlfn.UNIQUE($N$47:$N$361), 0) -> 21
K104: 10 | L104: 7 | N104: =D14 -> Bas+0%1510--OK7 | P104: =MATCH(N104, _xlfn.UNIQUE($N$2:$N$361), 0) -> 37 | R104: =MATCH(N104, _xlfn.UNIQUE($N$47:$N$361), 0) -> 21
... K136: -20 | L136: 20 | N136: =D46 -> -----Frys innan täck | P136: =MATCH(N136, _xlfn.UNIQUE($N$2:$N$361), 0) -> 45 | R136: =MATCH(N136, _xlfn.UNIQUE($N$47:$N$361), 0) -> 17
K137: 20 | L137: 0 | M137: C28/25 | N137: =E2 -> 0,41520--OK7 | P137: =MATCH(N137, _xlfn.UNIQUE($N$2:$N$361), 0) -> 1 | R137: =MATCH(N137, _xlfn.UNIQUE($N$47:$N$361), 0) -> 34
K138: 20 | L138: 2 | N138: =E3 -> 0,41520--OK7 | P138: =MATCH(N138, _xlfn.UNIQUE($N$2:$N$361), 0) -> 1 | R138: =MATCH(N138, _xlfn.UNIQUE($N$47:$N$361), 0) -> 34
K139: 20 | L139: 7 | N139: =E4 -> 0,415200PresenningOK7 | P139: =MATCH(N139, _xlfn.UNIQUE($N$2:$N$361), 0) -> 4 | R139: =MATCH(N139, _xlfn.UNIQUE($N$47:$N$361), 0) -> 18
K140: 20 | L140: 12 | N140: =E5 -> 0,415200PresenningOK7 | P140: =MATCH(N140, _xlfn.UNIQUE($N$2:$N$361), 0) -> 4 | R140: =MATCH(N140, _xlfn.UNIQUE($N$47:$N$361), 0) -> 18
K141: 20 | L141: 20 | N141: =E6 -> 0,415200PresenningOK7 | P141: =MATCH(N141, _xlfn.UNIQUE($N$2:$N$361), 0) -> 4 | R141: =MATCH(N141, _xlfn.UNIQUE($N$47:$N$361), 0) -> 18
K142: 15 | L142: 0 | N142: =E7 -> 0,21515--OK7 | P142: =MATCH(N142, _xlfn.UNIQUE($N$2:$N$361), 0) -> 19 | R142: =MATCH(N142, _xlfn.UNIQUE($N$47:$N$361), 0) -> 35
K143: 15 | L143: 2 | N143: =E8 -> 0,215150-OK7 | P143: =MATCH(N143, _xlfn.UNIQUE($N$2:$N$361), 0) -> 21 | R143: =MATCH(N143, _xlfn.UNIQUE($N$47:$N$361), 0) -> 36
K144: 15 | L144: 7 | N144: =E9 -> 0,11515--OK7 | P144: =MATCH(N144, _xlfn.UNIQUE($N$2:$N$361), 0) -> 27 | R144: =MATCH(N144, _xlfn.UNIQUE($N$47:$N$361), 0) -> 20
K145: 15 | L145: 12 | N145: =E10 -> 0,11515--OK7 | P145: =MATCH(N145, _xlfn.UNIQUE($N$2:$N$361), 0) -> 27 | R145: =MATCH(N145, _xlfn.UNIQUE($N$47:$N$361), 0) -> 20
K146: 15 | L146: 20 | N146: =E11 -> 0,11515--OK7 | P146: =MATCH(N146, _xlfn.UNIQUE($N$2:$N$361), 0) -> 27 | R146: =MATCH(N146, _xlfn.UNIQUE($N$47:$N$361), 0) -> 20
K147: 10 | L147: 0 | N147: =E12 -> 0,11510--OK7 | P147: =MATCH(N147, _xlfn.UNIQUE($N$2:$N$361), 0) -> 28 | R147: =MATCH(N147, _xlfn.UNIQUE($N$47:$N$361), 0) -> 37
K148: 10 | L148: 2 | N148: =E13 -> Bas+0%1510--OK7 | P148: =MATCH(N148, _xlfn.UNIQUE($N$2:$N$361), 0) -> 37 | R148: =MATCH(N148, _xlfn.UNIQUE($N$47:$N$361), 0) -> 21
K149: 10 | L149: 7 | N149: =E14 -> Bas+0%1510--OK7 | P149: =MATCH(N149, _xlfn.UNIQUE($N$2:$N$361), 0) -> 37 | R149: =MATCH(N149, _xlfn.UNIQUE($N$47:$N$361), 0) -> 21
... K181: -20 | L181: 20 | N181: =E46 -> -----Frys innan täck | P181: =MATCH(N181, _xlfn.UNIQUE($N$2:$N$361), 0) -> 45 | R181: =MATCH(N181, _xlfn.UNIQUE($N$47:$N$361), 0) -> 17
K182: 20 | L182: 0 | M182: C30/37 | N182: =F2 -> 0,41520--OK7 | P182: =MATCH(N182, _xlfn.UNIQUE($N$2:$N$361), 0) -> 1 | R182: =MATCH(N182, _xlfn.UNIQUE($N$47:$N$361), 0) -> 34
K183: 20 | L183: 2 | N183: =F3 -> 0,41520--OK7 | P183: =MATCH(N183, _xlfn.UNIQUE($N$2:$N$361), 0) -> 1 | R183: =MATCH(N183, _xlfn.UNIQUE($N$47:$N$361), 0) -> 34
K184: 20 | L184: 7 | N184: =F4 -> 0,41520--OK7 | P184: =MATCH(N184, _xlfn.UNIQUE($N$2:$N$361), 0) -> 1 | R184: =MATCH(N184, _xlfn.UNIQUE($N$47:$N$361), 0) -> 34
K185: 20 | L185: 12 | N185: =F5 -> 0,41520--OK7 | P185: =MATCH(N185, _xlfn.UNIQUE($N$2:$N$361), 0) -> 1 | R185: =MATCH(N185, _xlfn.UNIQUE($N$47:$N$361), 0) -> 34
K186: 20 | L186: 20 | N186: =F6 -> 0,415200-OK7 | P186: =MATCH(N186, _xlfn.UNIQUE($N$2:$N$361), 0) -> 2 | R186: =MATCH(N186, _xlfn.UNIQUE($N$47:$N$361), 0) -> 39
K187: 15 | L187: 0 | N187: =F7 -> 0,21515--OK7 | P187: =MATCH(N187, _xlfn.UNIQUE($N$2:$N$361), 0) -> 19 | R187: =MATCH(N187, _xlfn.UNIQUE($N$47:$N$361), 0) -> 35
K188: 15 | L188: 2 | N188: =F8 -> 0,21515--OK7 | P188: =MATCH(N188, _xlfn.UNIQUE($N$2:$N$361), 0) -> 19 | R188: =MATCH(N188, _xlfn.UNIQUE($N$47:$N$361), 0) -> 35
K189: 15 | L189: 7 | N189: =F9 -> 0,215150PresenningOK7 | P189: =MATCH(N189, _xlfn.UNIQUE($N$2:$N$361), 0) -> 23 | R189: =MATCH(N189, _xlfn.UNIQUE($N$47:$N$361), 0) -> 40
K190: 15 | L190: 12 | N190: =F10 -> 0,215150PresenningOK7 | P190: =MATCH(N190, _xlfn.UNIQUE($N$2:$N$361), 0) -> 23 | R190: =MATCH(N190, _xlfn.UNIQUE($N$47:$N$361), 0) -> 40
K191: 15 | L191: 20 | N191: =F11 -> 0,215150PresenningOK7 | P191: =MATCH(N191, _xlfn.UNIQUE($N$2:$N$361), 0) -> 23 | R191: =MATCH(N191, _xlfn.UNIQUE($N$47:$N$361), 0) -> 40
K192: 10 | L192: 0 | N192: =F12 -> 0,11510--OK7 | P192: =MATCH(N192, _xlfn.UNIQUE($N$2:$N$361), 0) -> 28 | R192: =MATCH(N192, _xlfn.UNIQUE($N$47:$N$361), 0) -> 37
K193: 10 | L193: 2 | N193: =F13 -> 0,115100PresenningOK7 | P193: =MATCH(N193, _xlfn.UNIQUE($N$2:$N$361), 0) -> 31 | R193: =MATCH(N193, _xlfn.UNIQUE($N$47:$N$361), 0) -> 41
K194: 10 | L194: 7 | N194: =F14 -> Bas+0%1510--OK7 | P194: =MATCH(N194, _xlfn.UNIQUE($N$2:$N$361), 0) -> 37 | R194: =MATCH(N194, _xlfn.UNIQUE($N$47:$N$361), 0) -> 21
... K226: -20 | L226: 20 | N226: =F46 -> -----Frys innan täck | P226: =MATCH(N226, _xlfn.UNIQUE($N$2:$N$361), 0) -> 45 | R226: =MATCH(N226, _xlfn.UNIQUE($N$47:$N$361), 0) -> 17
K227: 20 | L227: 0 | M227: C32/40 | N227: =G2 -> 0,41520--OK7 | P227: =MATCH(N227, _xlfn.UNIQUE($N$2:$N$361), 0) -> 1 | R227: =MATCH(N227, _xlfn.UNIQUE($N$47:$N$361), 0) -> 34
K228: 20 | L228: 2 | N228: =G3 -> 0,41520--OK7 | P228: =MATCH(N228, _xlfn.UNIQUE($N$2:$N$361), 0) -> 1 | R228: =MATCH(N228, _xlfn.UNIQUE($N$47:$N$361), 0) -> 34
K229: 20 | L229: 7 | N229: =G4 -> 0,41520--OK7 | P229: =MATCH(N229, _xlfn.UNIQUE($N$2:$N$361), 0) -> 1 | R229: =MATCH(N229, _xlfn.UNIQUE($N$47:$N$361), 0) -> 34
K230: 20 | L230: 12 | N230: =G5 -> 0,41520--OK7 | P230: =MATCH(N230, _xlfn.UNIQUE($N$2:$N$361), 0) -> 1 | R230: =MATCH(N230, _xlfn.UNIQUE($N$47:$N$361), 0) -> 34
K231: 20 | L231: 20 | N231: =G6 -> 0,41520--OK7 | P231: =MATCH(N231, _xlfn.UNIQUE($N$2:$N$361), 0) -> 1 | R231: =MATCH(N231, _xlfn.UNIQUE($N$47:$N$361), 0) -> 34
K232: 15 | L232: 0 | N232: =G7 -> 0,315150PresenningOK7 | P232: =MATCH(N232, _xlfn.UNIQUE($N$2:$N$361), 0) -> 13 | R232: =MATCH(N232, _xlfn.UNIQUE($N$47:$N$361), 0) -> 44
K233: 15 | L233: 2 | N233: =G8 -> 0,21515--OK7 | P233: =MATCH(N233, _xlfn.UNIQUE($N$2:$N$361), 0) -> 19 | R233: =MATCH(N233, _xlfn.UNIQUE($N$47:$N$361), 0) -> 35
K234: 15 | L234: 7 | N234: =G9 -> 0,21515--OK7 | P234: =MATCH(N234, _xlfn.UNIQUE($N$2:$N$361), 0) -> 19 | R234: =MATCH(N234, _xlfn.UNIQUE($N$47:$N$361), 0) -> 35
K235: 15 | L235: 12 | N235: =G10 -> 0,21515--OK7 | P235: =MATCH(N235, _xlfn.UNIQUE($N$2:$N$361), 0) -> 19 | R235: =MATCH(N235, _xlfn.UNIQUE($N$47:$N$361), 0) -> 35
K236: 15 | L236: 20 | N236: =G11 -> 0,21515--OK7 | P236: =MATCH(N236, _xlfn.UNIQUE($N$2:$N$361), 0) -> 19 | R236: =MATCH(N236, _xlfn.UNIQUE($N$47:$N$361), 0) -> 35
K237: 10 | L237: 0 | N237: =G12 -> 0,11510--OK7 | P237: =MATCH(N237, _xlfn.UNIQUE($N$2:$N$361), 0) -> 28 | R237: =MATCH(N237, _xlfn.UNIQUE($N$47:$N$361), 0) -> 37
K238: 10 | L238: 2 | N238: =G13 -> 0,11510--OK7 | P238: =MATCH(N238, _xlfn.UNIQUE($N$2:$N$361), 0) -> 28 | R238: =MATCH(N238, _xlfn.UNIQUE($N$47:$N$361), 0) -> 37
K239: 10 | L239: 7 | N239: =G14 -> 0,115100PresenningOK7 | P239: =MATCH(N239, _xlfn.UNIQUE($N$2:$N$361), 0) -> 31 | R239: =MATCH(N239, _xlfn.UNIQUE($N$47:$N$361), 0) -> 41
... K271: -20 | L271: 20 | N271: =G46 -> -----Frys innan täck | P271: =MATCH(N271, _xlfn.UNIQUE($N$2:$N$361), 0) -> 45 | R271: =MATCH(N271, _xlfn.UNIQUE($N$47:$N$361), 0) -> 17
K272: 20 | L272: 0 | M272: C35/45 | N272: =H2 -> 0,41520--OK7 | P272: =MATCH(N272, _xlfn.UNIQUE($N$2:$N$361), 0) -> 1 | R272: =MATCH(N272, _xlfn.UNIQUE($N$47:$N$361), 0) -> 34
K273: 20 | L273: 2 | N273: =H3 -> 0,41520--OK7 | P273: =MATCH(N273, _xlfn.UNIQUE($N$2:$N$361), 0) -> 1 | R273: =MATCH(N273, _xlfn.UNIQUE($N$47:$N$361), 0) -> 34
K274: 20 | L274: 7 | N274: =H4 -> 0,41520--OK7 | P274: =MATCH(N274, _xlfn.UNIQUE($N$2:$N$361), 0) -> 1 | R274: =MATCH(N274, _xlfn.UNIQUE($N$47:$N$361), 0) -> 34
K275: 20 | L275: 12 | N275: =H5 -> 0,41520--OK7 | P275: =MATCH(N275, _xlfn.UNIQUE($N$2:$N$361), 0) -> 1 | R275: =MATCH(N275, _xlfn.UNIQUE($N$47:$N$361), 0) -> 34
K276: 20 | L276: 20 | N276: =H6 -> 0,41520--OK7 | P276: =MATCH(N276, _xlfn.UNIQUE($N$2:$N$361), 0) -> 1 | R276: =MATCH(N276, _xlfn.UNIQUE($N$47:$N$361), 0) -> 34
K277: 15 | L277: 0 | N277: =H7 -> 0,31515--OK7 | P277: =MATCH(N277, _xlfn.UNIQUE($N$2:$N$361), 0) -> 10 | R277: =MATCH(N277, _xlfn.UNIQUE($N$47:$N$361), 0) -> 46
K278: 15 | L278: 2 | N278: =H8 -> 0,31515--OK7 | P278: =MATCH(N278, _xlfn.UNIQUE($N$2:$N$361), 0) -> 10 | R278: =MATCH(N278, _xlfn.UNIQUE($N$47:$N$361), 0) -> 46
K279: 15 | L279: 7 | N279: =H9 -> 0,315150PresenningOK7 | P279: =MATCH(N279, _xlfn.UNIQUE($N$2:$N$361), 0) -> 13 | R279: =MATCH(N279, _xlfn.UNIQUE($N$47:$N$361), 0) -> 44
K280: 15 | L280: 12 | N280: =H10 -> 0,315150PresenningOK7 | P280: =MATCH(N280, _xlfn.UNIQUE($N$2:$N$361), 0) -> 13 | R280: =MATCH(N280, _xlfn.UNIQUE($N$47:$N$361), 0) -> 44
K281: 15 | L281: 20 | N281: =H11 -> 0,315150PresenningOK7 | P281: =MATCH(N281, _xlfn.UNIQUE($N$2:$N$361), 0) -> 13 | R281: =MATCH(N281, _xlfn.UNIQUE($N$47:$N$361), 0) -> 44
K282: 10 | L282: 0 | N282: =H12 -> 0,21510--OK7 | P282: =MATCH(N282, _xlfn.UNIQUE($N$2:$N$361), 0) -> 18 | R282: =MATCH(N282, _xlfn.UNIQUE($N$47:$N$361), 0) -> 47
K283: 10 | L283: 2 | N283: =H13 -> 0,11510--OK7 | P283: =MATCH(N283, _xlfn.UNIQUE($N$2:$N$361), 0) -> 28 | R283: =MATCH(N283, _xlfn.UNIQUE($N$47:$N$361), 0) -> 37
K284: 10 | L284: 7 | N284: =H14 -> 0,11510--OK7 | P284: =MATCH(N284, _xlfn.UNIQUE($N$2:$N$361), 0) -> 28 | R284: =MATCH(N284, _xlfn.UNIQUE($N$47:$N$361), 0) -> 37
... K316: -20 | L316: 20 | N316: =H46 -> -----Frys innan täck | P316: =MATCH(N316, _xlfn.UNIQUE($N$2:$N$361), 0) -> 45 | R316: =MATCH(N316, _xlfn.UNIQUE($N$47:$N$361), 0) -> 17
K317: 20 | L317: 0 | M317: C40/50 | N317: =I2 -> 0,41520--OK7 | P317: =MATCH(N317, _xlfn.UNIQUE($N$2:$N$361), 0) -> 1 | R317: =MATCH(N317, _xlfn.UNIQUE($N$47:$N$361), 0) -> 34
K318: 20 | L318: 2 | N318: =I3 -> 0,41520--OK7 | P318: =MATCH(N318, _xlfn.UNIQUE($N$2:$N$361), 0) -> 1 | R318: =MATCH(N318, _xlfn.UNIQUE($N$47:$N$361), 0) -> 34
...

Sheet Lathund
A1: Temperatur [°C] | B1: Vind [m/s] | C1: C20/25 | D1: C25/30 | E1: C28/37 | F1: C30/37 | G1: C32/40 | H1: C35/45 | I1: C40/50
B2: 0 | C2: ='Data till Lathund, Kådgenererin'!P47 -> 46 | D2: ='Data till Lathund, Kådgenererin'!P92 -> 4 | E2: ='Data till Lathund, Kådgenererin'!P137 -> 1 | F2: ='Data till Lathund, Kådgenererin'!P182 -> 1 | G2: ='Data till Lathund, Kådgenererin'!P227 -> 1 | H2: ='Data till Lathund, Kådgenererin'!P272 -> 1 | I2: ='Data till Lathund, Kådgenererin'!P317 -> 1 | M2: 0-20 | N2: 3 | O2: Innan beteongvinter | P2: 0-20 | Q2: 1.3333333
B3: 2 | C3: ='Data till Lathund, Kådgenererin'!P48 -> 47 | D3: ='Data till Lathund, Kådgenererin'!P93 -> 11 | E3: ='Data till Lathund, Kådgenererin'!P138 -> 1 | F3: ='Data till Lathund, Kådgenererin'!P183 -> 1 | G3: ='Data till Lathund, Kådgenererin'!P228 -> 1 | H3: ='Data till Lathund, Kådgenererin'!P273 -> 1 | I3: ='Data till Lathund, Kådgenererin'!P318 -> 1 | M3: 2-20 | N3: 5 | P3: 2-20 | Q3: 3.3333333
A4: 20 | B4: 7 | C4: ='Data till Lathund, Kådgenererin'!P49 -> 47 | D4: ='Data till Lathund, Kådgenererin'!P94 -> 11 | E4: ='Data till Lathund, Kådgenererin'!P139 -> 4 | F4: ='Data till Lathund, Kådgenererin'!P184 -> 1 | G4: ='Data till Lathund, Kådgenererin'!P229 -> 1 | H4: ='Data till Lathund, Kådgenererin'!P274 -> 1 | I4: ='Data till Lathund, Kådgenererin'!P319 -> 1 | M4: 7-20 | N4: 6 | P4: 7-20 | Q4: 6
B5: 12 | C5: ='Data till Lathund, Kådgenererin'!P50 -> 47 | D5: ='Data till Lathund, Kådgenererin'!P95 -> 11 | E5: ='Data till Lathund, Kådgenererin'!P140 -> 4 | F5: ='Data till Lathund, Kådgenererin'!P185 -> 1 | G5: ='Data till Lathund, Kådgenererin'!P230 -> 1 | H5: ='Data till Lathund, Kådgenererin'!P275 -> 1 | I5: ='Data till Lathund, Kådgenererin'!P320 -> 1 | M5: 12-20 | N5: 6 | P5: 12-20 | Q5: 6.3333333
B6: 20 | C6: ='Data till Lathund, Kådgenererin'!P51 -> 47 | D6: ='Data till Lathund, Kådgenererin'!P96 -> 11 | E6: ='Data till Lathund, Kådgenererin'!P141 -> 4 | F6: ='Data till Lathund, Kådgenererin'!P186 -> 2 | G6: ='Data till Lathund, Kådgenererin'!P231 -> 1 | H6: ='Data till Lathund, Kådgenererin'!P276 -> 1 | I6: ='Data till Lathund, Kådgenererin'!P321 -> 1
B7: 0 | C7: ='Data till Lathund, Kådgenererin'!P52 -> 48 | D7: ='Data till Lathund, Kådgenererin'!P97 -> 27 | E7: ='Data till Lathund, Kådgenererin'!P142 -> 19 | F7: ='Data till Lathund, Kådgenererin'!P187 -> 19 | G7: ='Data till Lathund, Kådgenererin'!P232 -> 13 | H7: ='Data till Lathund, Kådgenererin'!P277 -> 10 | I7: ='Data till Lathund, Kådgenererin'!P322 -> 3 | M7: 0-20 | N7: 1
B8: 2 | C8: ='Data till Lathund, Kådgenererin'!P53 -> 49 | D8: ='Data till Lathund, Kådgenererin'!P98 -> 27 | E8: ='Data till Lathund, Kådgenererin'!P143 -> 21 | F8: ='Data till Lathund, Kådgenererin'!P188 -> 19 | G8: ='Data till Lathund, Kådgenererin'!P233 -> 19 | H8: ='Data till Lathund, Kådgenererin'!P278 -> 10 | I8: ='Data till Lathund, Kådgenererin'!P323 -> 10 | M8: 2-20 | N8: 3
A9: 15 | B9: 7 | C9: ='Data till Lathund, Kådgenererin'!P54 -> 49 | D9: ='Data till Lathund, Kådgenererin'!P99 -> 27 | E9: ='Data till Lathund, Kådgenererin'!P144 -> 27 | F9: ='Data till Lathund, Kådgenererin'!P189 -> 23 | G9: ='Data till Lathund, Kådgenererin'!P234 -> 19 | H9: ='Data till Lathund, Kådgenererin'!P279 -> 13 | I9: ='Data till Lathund, Kådgenererin'!P324 -> 10 | M9: 7-20 | N9: 6
B10: 12 | C10: ='Data till Lathund, Kådgenererin'!P55 -> 50 | D10: ='Data till Lathund, Kådgenererin'!P100 -> 27 | E10: ='Data till Lathund, Kådgenererin'!P145 -> 27 | F10: ='Data till Lathund, Kådgenererin'!P190 -> 23 | G10: ='Data till Lathund, Kådgenererin'!P235 -> 19 | H10: ='Data till Lathund, Kådgenererin'!P280 -> 13 | I10: ='Data till Lathund, Kådgenererin'!P325 -> 10 | M10: 12-20 | N10: 6
B11: 20 | C11: ='Data till Lathund, Kådgenererin'!P56 -> 50 | D11: ='Data till Lathund, Kådgenererin'!P101 -> 27 | E11: ='Data till Lathund, Kådgenererin'!P146 -> 27 | F11: ='Data till Lathund, Kådgenererin'!P191 -> 23 | G11: ='Data till Lathund, Kådgenererin'!P236 -> 19 | H11: ='Data till Lathund, Kådgenererin'!P281 -> 13 | I11: ='Data till Lathund, Kådgenererin'!P326 -> 12
B12: 0 | C12: ='Data till Lathund, Kådgenererin'!P57 -> 51 | D12: ='Data till Lathund, Kådgenererin'!P102 -> 37 | E12: ='Data till Lathund, Kådgenererin'!P147 -> 28 | F12: ='Data till Lathund, Kådgenererin'!P192 -> 28 | G12: ='Data till Lathund, Kådgenererin'!P237 -> 28 | H12: ='Data till Lathund, Kådgenererin'!P282 -> 18 | I12: ='Data till Lathund, Kådgenererin'!P327 -> 18 | M12: 0-20 | N12: 0
B13: 2 | C13: ='Data till Lathund, Kådgenererin'!P58 -> 52 | D13: ='Data till Lathund, Kådgenererin'!P103 -> 37 | E13: ='Data till Lathund, Kådgenererin'!P148 -> 37 | F13: ='Data till Lathund, Kådgenererin'!P193 -> 31 | G13: ='Data till Lathund, Kådgenererin'!P238 -> 28 | H13: ='Data till Lathund, Kådgenererin'!P283 -> 28 | I13: ='Data till Lathund, Kådgenererin'!P328 -> 22 | M13: 2-20 | N13: 2
A14: 10 | B14: 7 | C14: ='Data till Lathund, Kådgenererin'!P59 -> 44 | D14: ='Data till Lathund, Kådgenererin'!P104 -> 37 | E14: ='Data till Lathund, Kådgenererin'!P149 -> 37 | F14: ='Data till Lathund, Kådgenererin'!P194 -> 37 | G14: ='Data till Lathund, Kådgenererin'!P239 -> 31 | H14: ='Data till Lathund, Kådgenererin'!P284 -> 28 | I14: ='Data till Lathund, Kådgenererin'!P329 -> 28 | M14: 7-20 | N14: 6
B15: 12 | C15: ='Data till Lathund, Kådgenererin'!P60 -> 44 | D15: ='Data till Lathund, Kådgenererin'!P105 -> 38 | E15: ='Data till Lathund, Kådgenererin'!P150 -> 37 | F15: ='Data till Lathund, Kådgenererin'!P195 -> 37 | G15: ='Data till Lathund, Kådgenererin'!P240 -> 31 | H15: ='Data till Lathund, Kådgenererin'!P285 -> 28 | I15: ='Data till Lathund, Kådgenererin'!P330 -> 28 | M15: 12-20 | N15: 7
B16: 20 | C16: ='Data till Lathund, Kådgenererin'!P61 -> 44 | D16: ='Data till Lathund, Kådgenererin'!P106 -> 38 | E16: ='Data till Lathund, Kådgenererin'!P151 -> 37 | F16: ='Data till Lathund, Kådgenererin'!P196 -> 37 | G16: ='Data till Lathund, Kådgenererin'!P241 -> 31 | H16: ='Data till Lathund, Kådgenererin'!P286 -> 28 | I16: ='Data till Lathund, Kådgenererin'!P331 -> 28
B17: 0 | C17: ='Data till Lathund, Kådgenererin'!P62 -> 53 | D17: ='Data till Lathund, Kådgenererin'!P107 -> 7 | E17: ='Data till Lathund, Kådgenererin'!P152 -> 6 | F17: ='Data till Lathund, Kådgenererin'!P197 -> 6 | G17: ='Data till Lathund, Kådgenererin'!P242 -> 6 | H17: ='Data till Lathund, Kådgenererin'!P287 -> 6 | I17: ='Data till Lathund, Kådgenererin'!P332 -> 5 | M17: 0-20 | N17: 1 | O17: Betongvinter innan frys | P17: 0-20 | Q17: 1
B18: 2 | C18: ='Data till Lathund, Kådgenererin'!P63 -> 53 | D18: ='Data till Lathund, Kådgenererin'!P108 -> 7 | E18: ='Data till Lathund, Kådgenererin'!P153 -> 7 | F18: ='Data till Lathund, Kådgenererin'!P198 -> 6 | G18: ='Data till Lathund, Kådgenererin'!P243 -> 6 | H18: ='Data till Lathund, Kådgenererin'!P288 -> 6 | I18: ='Data till Lathund, Kådgenererin'!P333 -> 6 | M18: 2-20 | N18: 3 | P18: 2-20 | Q18: 2.6666667
A19: 5 | B19: 7 | C19: ='Data till Lathund, Kådgenererin'!P64 -> 54 | D19: ='Data till Lathund, Kådgenererin'!P109 -> 8 | E19: ='Data till Lathund, Kådgenererin'!P154 -> 7 | F19: ='Data till Lathund, Kådgenererin'!P199 -> 7 | G19: ='Data till Lathund, Kådgenererin'!P244 -> 6 | H19: ='Data till Lathund, Kådgenererin'!P289 -> 6 | I19: ='Data till Lathund, Kådgenererin'!P334 -> 6 | M19: 7-20 | N19: 6 | P19: 7-20 | Q19: 6 | R19: 0.85714286
B20: 12 | C20: ='Data till Lathund, Kådgenererin'!P65 -> 54 | D20: ='Data till Lathund, Kådgenererin'!P110 -> 8 | E20: ='Data till Lathund, Kådgenererin'!P155 -> 7 | F20: ='Data till Lathund, Kådgenererin'!P200 -> 7 | G20: ='Data till Lathund, Kådgenererin'!P245 -> 7 | H20: ='Data till Lathund, Kådgenererin'!P290 -> 6 | I20: ='Data till Lathund, Kådgenererin'!P335 -> 6 | M20: 12-20 | N20: 7 | P20: 12-20 | Q20: 6.3333333
B21: 20 | C21: ='Data till Lathund, Kådgenererin'!P66 -> 54 | D21: ='Data till Lathund, Kådgenererin'!P111 -> 8 | E21: ='Data till Lathund, Kådgenererin'!P156 -> 7 | F21: ='Data till Lathund, Kådgenererin'!P201 -> 7 | G21: ='Data till Lathund, Kådgenererin'!P246 -> 7 | H21: ='Data till Lathund, Kådgenererin'!P291 -> 6 | I21: ='Data till Lathund, Kådgenererin'!P336 -> 6
B22: 0 | C22: ='Data till Lathund, Kådgenererin'!P67 -> 55 | D22: ='Data till Lathund, Kådgenererin'!P112 -> 9 | E22: ='Data till Lathund, Kådgenererin'!P157 -> 7 | F22: ='Data till Lathund, Kådgenererin'!P202 -> 8 | G22: ='Data till Lathund, Kådgenererin'!P247 -> 7 | H22: ='Data till Lathund, Kådgenererin'!P292 -> 7 | I22: ='Data till Lathund, Kådgenererin'!P337 -> 7 | M22: 0-20 | N22: 1
B23: 2 | C23: ='Data till Lathund, Kådgenererin'!P68 -> 55 | D23: ='Data till Lathund, Kådgenererin'!P113 -> 16 | E23: ='Data till Lathund, Kådgenererin'!P158 -> 9 | F23: ='Data till Lathund, Kådgenererin'!P203 -> 8 | G23: ='Data till Lathund, Kådgenererin'!P248 -> 8 | H23: ='Data till Lathund, Kådgenererin'!P293 -> 7 | I23: ='Data till Lathund, Kådgenererin'!P338 -> 7 | M23: 2-20 | N23: 3
A24: 0 | B24: 7 | C24: ='Data till Lathund, Kådgenererin'!P69 -> 56 | D24: ='Data till Lathund, Kådgenererin'!P114 -> 17 | E24: ='Data till Lathund, Kådgenererin'!P159 -> 9 | F24: ='Data till Lathund, Kådgenererin'!P204 -> 9 | G24: ='Data till Lathund, Kådgenererin'!P249 -> 8 | H24: ='Data till Lathund, Kådgenererin'!P294 -> 8 | I24: ='Data till Lathund, Kådgenererin'!P339 -> 7 | M24: 7-20 | N24: 7
B25: 12 | C25: ='Data till Lathund, Kådgenererin'!P70 -> 56 | D25: ='Data till Lathund, Kådgenererin'!P115 -> 17 | E25: ='Data till Lathund, Kådgenererin'!P160 -> 9 | F25: ='Data till Lathund, Kådgenererin'!P205 -> 9 | G25: ='Data till Lathund, Kådgenererin'!P250 -> 8 | H25: ='Data till Lathund, Kådgenererin'!P295 -> 8 | I25: ='Data till Lathund, Kådgenererin'!P340 -> 7 | M25: 12-20 | N25: 7
B26: 20 | C26: ='Data till Lathund, Kådgenererin'!P71 -> 56 | D26: ='Data till Lathund, Kådgenererin'!P116 -> 15 | E26: ='Data till Lathund, Kådgenererin'!P161 -> 9 | F26: ='Data till Lathund, Kådgenererin'!P206 -> 9 | G26: ='Data till Lathund, Kådgenererin'!P251 -> 8 | H26: ='Data till Lathund, Kådgenererin'!P296 -> 8 | I26: ='Data till Lathund, Kådgenererin'!P341 -> 7
B27: 0 | C27: ='Data till Lathund, Kådgenererin'!P72 -> 57 | D27: ='Data till Lathund, Kådgenererin'!P117 -> 26 | E27: ='Data till Lathund, Kådgenererin'!P162 -> 17 | F27: ='Data till Lathund, Kådgenererin'!P207 -> 17 | G27: ='Data till Lathund, Kådgenererin'!P252 -> 16 | H27: ='Data till Lathund, Kådgenererin'!P297 -> 9 | I27: ='Data till Lathund, Kådgenererin'!P342 -> 9 | M27: 0-20 | N27: 1
B28: 2 | C28: ='Data till Lathund, Kådgenererin'!P73 -> 57 | D28: ='Data till Lathund, Kådgenererin'!P118 -> 26 | E28: ='Data till Lathund, Kådgenererin'!P163 -> 17 | F28: ='Data till Lathund, Kådgenererin'!P208 -> 17 | G28: ='Data till Lathund, Kådgenererin'!P253 -> 17 | H28: ='Data till Lathund, Kådgenererin'!P298 -> 9 | I28: ='Data till Lathund, Kådgenererin'!P343 -> 9 | M28: 2-20 | N28: 2
A29: -5 | B29: 7 | C29: ='Data till Lathund, Kådgenererin'!P74 -> 58 | D29: ='Data till Lathund, Kådgenererin'!P119 -> 32 | E29: ='Data till Lathund, Kådgenererin'!P164 -> 26 | F29: ='Data till Lathund, Kådgenererin'!P209 -> 17 | G29: ='Data till Lathund, Kådgenererin'!P254 -> 17 | H29: ='Data till Lathund, Kådgenererin'!P299 -> 16 | I29: ='Data till Lathund, Kådgenererin'!P344 -> 9 | M29: 7-20 | N29: 5
B30: 12 | C30: ='Data till Lathund, Kådgenererin'!P75 -> 58 | D30: ='Data till Lathund, Kådgenererin'!P120 -> 32 | E30: ='Data till Lathund, Kådgenererin'!P165 -> 26 | F30: ='Data till Lathund, Kådgenererin'!P210 -> 17 | G30: ='Data till Lathund, Kådgenererin'!P255 -> 17 | H30: ='Data till Lathund, Kådgenererin'!P300 -> 16 | I30: ='Data till Lathund, Kådgenererin'!P345 -> 9 | M30: 12-20 | N30: 5
B31: 20 | C31: ='Data till Lathund, Kådgenererin'!P76 -> 58 | D31: ='Data till Lathund, Kådgenererin'!P121 -> 32 | E31: ='Data till Lathund, Kådgenererin'!P166 -> 26 | F31: ='Data till Lathund, Kådgenererin'!P211 -> 25 | G31: ='Data till Lathund, Kådgenererin'!P256 -> 17 | H31: ='Data till Lathund, Kådgenererin'!P301 -> 25 | I31: ='Data till Lathund, Kådgenererin'!P346 -> 9
B32: 0 | C32: ='Data till Lathund, Kådgenererin'!P77 -> 59 | D32: ='Data till Lathund, Kådgenererin'!P122 -> 34 | E32: ='Data till Lathund, Kådgenererin'!P167 -> 32 | F32: ='Data till Lathund, Kådgenererin'!P212 -> 26 | G32: ='Data till Lathund, Kådgenererin'!P257 -> 26 | H32: ='Data till Lathund, Kådgenererin'!P302 -> 24 | I32: ='Data till Lathund, Kådgenererin'!P347 -> 17 | M32: 0-20 | N32: 0 | O32: När de börjar frysa | P32: 0-20 | Q32: 0
B33: 2 | C33: ='Data till Lathund, Kådgenererin'!P78 -> 59 | D33: ='Data till Lathund, Kådgenererin'!P123 -> 34 | E33: ='Data till Lathund, Kådgenererin'!P168 -> 32 | F33: ='Data till Lathund, Kådgenererin'!P213 -> 32 | G33: ='Data till Lathund, Kådgenererin'!P258 -> 26 | H33: ='Data till Lathund, Kådgenererin'!P303 -> 25 | I33: ='Data till Lathund, Kådgenererin'!P348 -> 17 | M33: 2-20 | N33: 0 | P33: 2-20 | Q33: 0
A34: -10 | B34: 7 | C34: ='Data till Lathund, Kådgenererin'!P79 -> 60 | D34: ='Data till Lathund, Kådgenererin'!P124 -> 39 | E34: ='Data till Lathund, Kådgenererin'!P169 -> 34 | F34: ='Data till Lathund, Kådgenererin'!P214 -> 32 | G34: ='Data till Lathund, Kådgenererin'!P259 -> 26 | H34: ='Data till Lathund, Kådgenererin'!P304 -> 26 | I34: ='Data till Lathund, Kådgenererin'!P349 -> 17 | M34: 7-20 | N34: 0 | P34: 7-20 | Q34: 4.6666667
B35: 12 | C35: ='Data till Lathund, Kådgenererin'!P80 -> 45 | D35: ='Data till Lathund, Kådgenererin'!P125 -> 45 | E35: ='Data till Lathund, Kådgenererin'!P170 -> 45 | F35: ='Data till Lathund, Kådgenererin'!P215 -> 45 | G35: ='Data till Lathund, Kådgenererin'!P260 -> 45 | H35: ='Data till Lathund, Kådgenererin'!P305 -> 45 | I35: ='Data till Lathund, Kådgenererin'!P350 -> 45 | M35: 12-20 | N35: 7 | P35: 12-20 | Q35: 7
B36: 20 | C36: ='Data till Lathund, Kådgenererin'!P81 -> 45 | D36: ='Data till Lathund, Kådgenererin'!P126 -> 45 | E36: ='Data till Lathund, Kådgenererin'!P171 -> 45 | F36: ='Data till Lathund, Kådgenererin'!P216 -> 45 | G36: ='Data till Lathund, Kådgenererin'!P261 -> 45 | H36: ='Data till Lathund, Kådgenererin'!P306 -> 45 | I36: ='Data till Lathund, Kådgenererin'!P351 -> 45
B37: 0 | C37: ='Data till Lathund, Kådgenererin'!P82 -> 44 | D37: ='Data till Lathund, Kådgenererin'!P127 -> 42 | E37: ='Data till Lathund, Kådgenererin'!P172 -> 42 | F37: ='Data till Lathund, Kådgenererin'!P217 -> 40 | G37: ='Data till Lathund, Kådgenererin'!P262 -> 35 | H37: ='Data till Lathund, Kådgenererin'!P307 -> 35 | I37: ='Data till Lathund, Kådgenererin'!P352 -> 33 | M37: 0-20 | N37: 0
B38: 2 | C38: ='Data till Lathund, Kådgenererin'!P83 -> 44 | D38: ='Data till Lathund, Kådgenererin'!P128 -> 44 | E38: ='Data till Lathund, Kådgenererin'!P173 -> 42 | F38: ='Data till Lathund, Kådgenererin'!P218 -> 42 | G38: ='Data till Lathund, Kådgenererin'!P263 -> 40 | H38: ='Data till Lathund, Kådgenererin'!P308 -> 35 | I38: ='Data till Lathund, Kådgenererin'!P353 -> 33 | M38: 2-20 | N38: 0
A39: -15 | B39: 7 | C39: ='Data till Lathund, Kådgenererin'!P84 -> 45 | D39: ='Data till Lathund, Kådgenererin'!P129 -> 45 | E39: ='Data till Lathund, Kådgenererin'!P174 -> 45 | F39: ='Data till Lathund, Kådgenererin'!P219 -> 45 | G39: ='Data till Lathund, Kådgenererin'!P264 -> 45 | H39: ='Data till Lathund, Kådgenererin'!P309 -> 45 | I39: ='Data till Lathund, Kådgenererin'!P354 -> 45 | M39: 7-20 | N39: 7
B40: 12 | C40: ='Data till Lathund, Kådgenererin'!P85 -> 45 | D40: ='Data till Lathund, Kådgenererin'!P130 -> 45 | E40: ='Data till Lathund, Kådgenererin'!P175 -> 45 | F40: ='Data till Lathund, Kådgenererin'!P220 -> 45 | G40: ='Data till Lathund, Kådgenererin'!P265 -> 45 | H40: ='Data till Lathund, Kådgenererin'!P310 -> 45 | I40: ='Data till Lathund, Kådgenererin'!P355 -> 45 | M40: 12-20 | N40: 7
B41: 20 | C41: ='Data till Lathund, Kådgenererin'!P86 -> 45 | D41: ='Data till Lathund, Kådgenererin'!P131 -> 45 | E41: ='Data till Lathund, Kådgenererin'!P176 -> 45 | F41: ='Data till Lathund, Kådgenererin'!P221 -> 45 | G41: ='Data till Lathund, Kådgenererin'!P266 -> 45 | H41: ='Data till Lathund, Kådgenererin'!P311 -> 45 | I41: ='Data till Lathund, Kådgenererin'!P356 -> 45
B42: 0 | C42: ='Data till Lathund, Kådgenererin'!P87 -> 44 | D42: ='Data till Lathund, Kådgenererin'!P132 -> 44 | E42: ='Data till Lathund, Kådgenererin'!P177 -> 44 | F42: ='Data till Lathund, Kådgenererin'!P222 -> 44 | G42: ='Data till Lathund, Kådgenererin'!P267 -> 44 | H42: ='Data till Lathund, Kådgenererin'!P312 -> 36 | I42: ='Data till Lathund, Kådgenererin'!P357 -> 43 | M42: 0-20 | N42: 0
B43: 2 | C43: ='Data till Lathund, Kådgenererin'!P88 -> 44 | D43: ='Data till Lathund, Kådgenererin'!P133 -> 44 | E43: ='Data till Lathund, Kådgenererin'!P178 -> 44 | F43: ='Data till Lathund, Kådgenererin'!P223 -> 44 | G43: ='Data till Lathund, Kådgenererin'!P268 -> 44 | H43: ='Data till Lathund, Kådgenererin'!P313 -> 44 | I43: ='Data till Lathund, Kådgenererin'!P358 -> 43 | M43: 2-20 | N43: 0
A44: -20 | B44: 7 | C44: ='Data till Lathund, Kådgenererin'!P89 -> 45 | D44: ='Data till Lathund, Kådgenererin'!P134 -> 45 | E44: ='Data till Lathund, Kådgenererin'!P179 -> 45 | F44: ='Data till Lathund, Kådgenererin'!P224 -> 45 | G44: ='Data till Lathund, Kådgenererin'!P269 -> 45 | H44: ='Data till Lathund, Kådgenererin'!P314 -> 45 | I44: ='Data till Lathund, Kådgenererin'!P359 -> 45 | M44: 7-20 | N44: 7
B45: 12 | C45: ='Data till Lathund, Kådgenererin'!P90 -> 45 | D45: ='Data till Lathund, Kådgenererin'!P135 -> 45 | E45: ='Data till Lathund, Kådgenererin'!P180 -> 45 | F45: ='Data till Lathund, Kådgenererin'!P225 -> 45 | G45: ='Data till Lathund, Kådgenererin'!P270 -> 45 | H45: ='Data till Lathund, Kådgenererin'!P315 -> 45 | I45: ='Data till Lathund, Kådgenererin'!P360 -> 45 | M45: 12-20 | N45: 7
B46: 20 | C46: ='Data till Lathund, Kådgenererin'!P91 -> 45 | D46: ='Data till Lathund, Kådgenererin'!P136 -> 45 | E46: ='Data till Lathund, Kådgenererin'!P181 -> 45 | F46: ='Data till Lathund, Kådgenererin'!P226 -> 45 | G46: ='Data till Lathund, Kådgenererin'!P271 -> 45 | H46: ='Data till Lathund, Kådgenererin'!P316 -> 45 | I46: ='Data till Lathund, Kådgenererin'!P361 -> 45
B47: Antal når ej 6Mpa | C47: =COUNTIF(Table13[C20/25],44) -> 7 | D47: =COUNTIF(Table13[C25/30],44) -> 3 | E47: =COUNTIF(Table13[C28/37],44) -> 2 | F47: =COUNTIF(Table13[C30/37],44) -> 2 | G47: =COUNTIF(Table13[C32/40],44) -> 2 | H47: =COUNTIF(Table13[C35/45],44) -> 1 | I47: =COUNTIF(Table13[C40/50],44) -> 0
B48: Antal frys | C48: =COUNTIF(Table13[C20/25],45) -> 8 | D48: =COUNTIF(Table13[C25/30],45) -> 8 | E48: =COUNTIF(Table13[C28/37],45) -> 8 | F48: =COUNTIF(Table13[C30/37],45) -> 8 | G48: =COUNTIF(Table13[C32/40],45) -> 8 | H48: =COUNTIF(Table13[C35/45],45) -> 8 | I48: =COUNTIF(Table13[C40/50],45) -> 8
B49: Procent 6 Mpa | C49: =C47/45 -> 0.15555556 | D49: =D47/45 -> 0.066666667 | E49: =E47/45 -> 0.044444444 | F49: =F47/45 -> 0.044444444 | G49: =G47/45 -> 0.044444444 | H49: =H47/45 -> 0.022222222 | I49: =I47/45 -> 0
B50: Procent frys | C50: =C48/45 -> 0.17777778 | D50: =D48/45 -> 0.17777778 | E50: =E48/45 -> 0.17777778 | F50: =F48/45 -> 0.17777778 | G50: =G48/45 -> 0.17777778 | H50: =H48/45 -> 0.17777778 | I50: =I48/45 -> 0.17777778 | K50: Paket | L50: Slagghalt | M50: Gjuttemperatur | N50: Temperatur motgjutningsyta | O50: Väderskydd med uppvärmning | P50: Täckning [mm] | Q50: OK<14D | R50: OK<21D
B51: Procent båda | C51: =(C47+C48)/45 -> 0.33333333 | D51: =(D47+D48)/45 -> 0.24444444 | E51: =(E47+E48)/45 -> 0.22222222 | F51: =(F47+F48)/45 -> 0.22222222 | G51: =(G47+G48)/45 -> 0.22222222 | H51: =(H47+H48)/45 -> 0.2 | I51: =(I47+I48)/45 -> 0.17777778 | K51: ='Data till lathund Åtgärder'!A2 -> 1 | L51: ='Data till lathund Åtgärder'!B2 -> 0.4 | M51: ='Data till lathund Åtgärder'!C2 -> 15 | N51: ='Data till lathund Åtgärder'!D2 -> 20 | O51: ='Data till lathund Åtgärder'!E2 -> - | P51: ='Data till lathund Åtgärder'!F2 -> - | Q51: ='Data till lathund Åtgärder'!G2 -> OK7
K52: ='Data till lathund Åtgärder'!A3 -> 2 | L52: ='Data till lathund Åtgärder'!B3 -> 0.4 | M52: ='Data till lathund Åtgärder'!C3 -> 15 | N52: ='Data till lathund Åtgärder'!D3 -> 20 | O52: ='Data till lathund Åtgärder'!E3 -> 0 | P52: ='Data till lathund Åtgärder'!F3 -> - | Q52: ='Data till lathund Åtgärder'!G3 -> OK7
K53: ='Data till lathund Åtgärder'!A4 -> 3 | L53: ='Data till lathund Åtgärder'!B4 -> 0.4 | M53: ='Data till lathund Åtgärder'!C4 -> 15 | N53: ='Data till lathund Åtgärder'!D4 -> 15 | O53: ='Data till lathund Åtgärder'!E4 -> 0 | P53: ='Data till lathund Åtgärder'!F4 -> Presenning | Q53: ='Data till lathund Åtgärder'!G4 -> OK7
K54: ='Data till lathund Åtgärder'!A5 -> 4 | L54: ='Data till lathund Åtgärder'!B5 -> 0.4 | M54: ='Data till lathund Åtgärder'!C5 -> 15 | N54: ='Data till lathund Åtgärder'!D5 -> 20 | O54: ='Data till lathund Åtgärder'!E5 -> 0 | P54: ='Data till lathund Åtgärder'!F5 -> Presenning | Q54: ='Data till lathund Åtgärder'!G5 -> OK7
K55: ='Data till lathund Åtgärder'!A6 -> 5 | L55: ='Data till lathund Åtgärder'!B6 -> 0.4 | M55: ='Data till lathund Åtgärder'!C6 -> 20 | N55: ='Data till lathund Åtgärder'!D6 -> 5 | O55: ='Data till lathund Åtgärder'!E6 -> 0 | P55: ='Data till lathund Åtgärder'!F6 -> 50 | Q55: ='Data till lathund Åtgärder'!G6 -> OK7
K56: ='Data till lathund Åtgärder'!A7 -> 6 | L56: ='Data till lathund Åtgärder'!B7 -> 0.4 | M56: ='Data till lathund Åtgärder'!C7 -> 20 | N56: ='Data till lathund Åtgärder'!D7 -> 5 | O56: ='Data till lathund Åtgärder'!E7 -> 20 | P56: ='Data till lathund Åtgärder'!F7 -> 10 | Q56: ='Data till lathund Åtgärder'!G7 -> OK7
K57: ='Data till lathund Åtgärder'!A8 -> 7 | L57: ='Data till lathund Åtgärder'!B8 -> 0.4 | M57: ='Data till lathund Åtgärder'!C8 -> 20 | N57: ='Data till lathund Åtgärder'!D8 -> 5 | O57: ='Data till lathund Åtgärder'!E8 -> 20 | P57: ='Data till lathund Åtgärder'!F8 -> 20 | Q57: ='Data till lathund Åtgärder'!G8 -> OK7
K58: ='Data till lathund Åtgärder'!A9 -> 8 | L58: ='Data till lathund Åtgärder'!B9 -> 0.4 | M58: ='Data till lathund Åtgärder'!C9 -> 20 | N58: ='Data till lathund Åtgärder'!D9 -> 5 | O58: ='Data till lathund Åtgärder'!E9 -> 20 | P58: ='Data till lathund Åtgärder'!F9 -> 30 | Q58: ='Data till lathund Åtgärder'!G9 -> OK7
K59: ='Data till lathund Åtgärder'!A10 -> 9 | L59: ='Data till lathund Åtgärder'!B10 -> 0.4 | M59: ='Data till lathund Åtgärder'!C10 -> 20 | N59: ='Data till lathund Åtgärder'!D10 -> 5 | O59: ='Data till lathund Åtgärder'!E10 -> 20 | P59: ='Data till lathund Åtgärder'!F10 -> 50 | Q59: ='Data till lathund Åtgärder'!G10 -> OK7
K60: ='Data till lathund Åtgärder'!A11 -> 10 | L60: ='Data till lathund Åtgärder'!B11 -> 0.3 | M60: ='Data till lathund Åtgärder'!C11 -> 15 | N60: ='Data till lathund Åtgärder'!D11 -> 15 | O60: ='Data till lathund Åtgärder'!E11 -> - | P60: ='Data till lathund Åtgärder'!F11 -> - | Q60: ='Data till lathund Åtgärder'!G11 -> OK7
K61: ='Data till lathund Åtgärder'!A12 -> 11 | L61: ='Data till lathund Åtgärder'!B12 -> 0.3 | M61: ='Data till lathund Åtgärder'!C12 -> 15 | N61: ='Data till lathund Åtgärder'!D12 -> 20 | O61: ='Data till lathund Åtgärder'!E12 -> - | P61: ='Data till lathund Åtgärder'!F12 -> - | Q61: ='Data till lathund Åtgärder'!G12 -> OK7
K62: ='Data till lathund Åtgärder'!A13 -> 12 | L62: ='Data till lathund Åtgärder'!B13 -> 0.3 | M62: ='Data till lathund Åtgärder'!C13 -> 15 | N62: ='Data till lathund Åtgärder'!D13 -> 15 | O62: ='Data till lathund Åtgärder'!E13 -> 0 | P62: ='Data till lathund Åtgärder'!F13 -> - | Q62: ='Data till lathund Åtgärder'!G13 -> OK7
K63: ='Data till lathund Åtgärder'!A14 -> 13 | L63: ='Data till lathund Åtgärder'!B14 -> 0.3 | M63: ='Data till lathund Åtgärder'!C14 -> 15 | N63: ='Data till lathund Åtgärder'!D14 -> 15 | O63: ='Data till lathund Åtgärder'!E14 -> 0 | P63: ='Data till lathund Åtgärder'!F14 -> Presenning | Q63: ='Data till lathund Åtgärder'!G14 -> OK7
... K69: ='Data till lathund Åtgärder'!A20 -> 19 | L69: ='Data till lathund Åtgärder'!B20 -> 0.2 | M69: ='Data till lathund Åtgärder'!C20 -> 15 | N69: ='Data till lathund Åtgärder'!D20 -> 15 | O69: ='Data till lathund Åtgärder'!E20 -> - | P69: ='Data till lathund Åtgärder'!F20 -> - | Q69: ='Data till lathund Åtgärder'!G20 -> OK7
K70: ='Data till lathund Åtgärder'!A22 -> 21 | L70: ='Data till lathund Åtgärder'!B22 -> 0.2 | M70: ='Data till lathund Åtgärder'!C22 -> 15 | N70: ='Data till lathund Åtgärder'!D22 -> 15 | O70: ='Data till lathund Åtgärder'!E22 -> 0 | P70: ='Data till lathund Åtgärder'!F22 -> - | Q70: ='Data till lathund Åtgärder'!G22 -> OK7
K71: ='Data till lathund Åtgärder'!A23 -> 22 | L71: ='Data till lathund Åtgärder'!B23 -> 0.2 | M71: ='Data till lathund Åtgärder'!C23 -> 15 | N71: ='Data till lathund Åtgärder'!D23 -> 10 | O71: ='Data till lathund Åtgärder'!E23 -> 0 | P71: ='Data till lathund Åtgärder'!F23 -> Presenning | Q71: ='Data till lathund Åtgärder'!G23 -> OK7
K72: ='Data till lathund Åtgärder'!A24 -> 23 | L72: ='Data till lathund Åtgärder'!B24 -> 0.2 | M72: ='Data till lathund Åtgärder'!C24 -> 15 | N72: ='Data till lathund Åtgärder'!D24 -> 15 | O72: ='Data till lathund Åtgärder'!E24 -> 0 | P72: ='Data till lathund Åtgärder'!F24 -> Presenning | Q72: ='Data till lathund Åtgärder'!G24 -> OK7
