Workbook

Sheet Bjälklag (C20-25)
A1: Slagg mängd | B1: Gjuttemperatur | C1: Temperatur motgjutningsyta | D1: Väderskydd, uppvärmning (ingen vind) | E1: Täckning [mm] | F1: Temperatur | G1: Vind | H1: <14 d och >70 % [Dagar] | I1: OK <14 Dagar | J1: <21 d och >70 % [Dagar] | K1: OK <21 Dagar | L1: Kommentar | M1: Åtgärdskåd
A2: 0.4 | B2: =Förutsättningar!M$18 -> 15 | C2: =Förutsättningar!N$18 -> 20 | D2: - | E2: - | F2: 20 | G2: 0 | H2: 7.7 | I2: OK14 | J2: 17.5 | M2: =Table141719202122[[#This Row],[Slagg mängd]]&Table141719202122[[#This Row],[Gjuttemperatur]]&Table141719202122[[#This Row],[Temperatur motgjutningsyta]]&Table141719202122[[#This Row],[Väderskydd, uppvärmning (ingen vind)]]&Table141719202122[[#This Row],[Täckning '[mm']]]&Table141719202122[[#This Row],[OK <14 Dagar]]&Table141719202122[[#This Row],[OK <21 Dagar]]&Table141719202122[[#This Row],[Kommentar]] -> 0,41520--OK14
A3: 0.4 | B3: =Förutsättningar!$M$18 -> 15 | C3: =Förutsättningar!N$18 -> 20 | D3: - | E3: - | F3: 20 | G3: 2 | H3: 8.1 | I3: OK14 | M3: =Table141719202122[[#This Row],[Slagg mängd]]&Table141719202122[[#This Row],[Gjuttemperatur]]&Table141719202122[[#This Row],[Temperatur motgjutningsyta]]&Table141719202122[[#This Row],[Väderskydd, uppvärmning (ingen vind)]]&Table141719202122[[#This Row],[Täckning '[mm']]]&Table141719202122[[#This Row],[OK <14 Dagar]]&Table141719202122[[#This Row],[OK <21 Dagar]]&Table141719202122[[#This Row],[Kommentar]] -> 0,41520--OK14
A4: 0.4 | B4: =Förutsättningar!$M$18 -> 15 | C4: =Förutsättningar!N$18 -> 20 | D4: - | E4: - | F4: 20 | G4: 7 | H4: 8.3 | I4: OK14 | M4: =Table141719202122[[#This Row],[Slagg mängd]]&Table141719202122[[#This Row],[Gjuttemperatur]]&Table141719202122[[#This Row],[Temperatur motgjutningsyta]]&Table141719202122[[#This Row],[Väderskydd, uppvärmning (ingen vind)]]&Table141719202122[[#This Row],[Täckning '[mm']]]&Table141719202122[[#This Row],[OK <14 Dagar]]&Table141719202122[[#This Row],[OK <21 Dagar]]&Table141719202122[[#This Row],[Kommentar]] -> 0,41520--OK14
A5: 0.4 | B5: =Förutsättningar!$M$18 -> 15 | C5: =Förutsättningar!N$18 -> 20 | D5: - | E5: - | F5: 20 | G5: 12 | H5: 8.4 | I5: OK14 | M5: =Table141719202122[[#This Row],[Slagg mängd]]&Table141719202122[[#This Row],[Gjuttemperatur]]&Table141719202122[[#This Row],[Temperatur motgjutningsyta]]&Table141719202122[[#This Row],[Väderskydd, uppvärmning (ingen vind)]]&Table141719202122[[#This Row],[Täckning '[mm']]]&Table141719202122[[#This Row],[OK <14 Dagar]]&Table141719202122[[#This Row],[OK <21 Dagar]]&Table141719202122[[#This Row],[Kommentar]] -> 0,41520--OK14
A6: 0.4 | B6: =Förutsättningar!$M$18 -> 15 | C6: =Förutsättningar!N$18 -> 20 | D6: - | E6: - | F6: 20 | G6: 20 | H6: 8.4 | I6: OK14 | M6: =Table141719202122[[#This Row],[Slagg mängd]]&Table141719202122[[#This Row],[Gjuttemperatur]]&Table141719202122[[#This Row],[Temperatur motgjutningsyta]]&Table141719202122[[#This Row],[Väderskydd, uppvärmning (ingen vind)]]&Table141719202122[[#This Row],[Täckning '[mm']]]&Table141719202122[[#This Row],[OK <14 Dagar]]&Table141719202122[[#This Row],[OK <21 Dagar]]&Table141719202122[[#This Row],[Kommentar]] -> 0,41520--OK14
A7: 0.4 | B7: =Förutsättningar!M$19 -> 15 | C7: =Förutsättningar!N$19 -> 15 | D7: - | E7: - | F7: 15 | G7: 0 | H7: 10.1 | I7: OK14 | M7: =Table141719202122[[#This Row],[Slagg mängd]]&Table141719202122[[#This Row],[Gjuttemperatur]]&Table141719202122[[#This Row],[Temperatur motgjutningsyta]]&Table141719202122[[#This Row],[Väderskydd, uppvärmning (ingen vind)]]&Table141719202122[[#This Row],[Täckning '[mm']]]&Table141719202122[[#This Row],[OK <14 Dagar]]&Table141719202122[[#This Row],[OK <21 Dagar]]&Table141719202122[[#This Row],[Kommentar]] -> 0,41515--OK14
A8: 0.4 | B8: =Förutsättningar!M$19 -> 15 | C8: =Förutsättningar!N$19 -> 15 | D8: - | E8: - | F8: 15 | G8: 2 | H8: 10.7 | I8: OK14 | M8: =Table141719202122[[#This Row],[Slagg mängd]]&Table141719202122[[#This Row],[Gjuttemperatur]]&Table141719202122[[#This Row],[Temperatur motgjutningsyta]]&Table141719202122[[#This Row],[Väderskydd, uppvärmning (ingen vind)]]&Table141719202122[[#This Row],[Täckning '[mm']]]&Table141719202122[[#This Row],[OK <14 Dagar]]&Table141719202122[[#This Row],[OK <21 Dagar]]&Table141719202122[[#This Row],[Kommentar]] -> 0,41515--OK14
A9: 0.4 | B9: =Förutsättningar!M$19 -> 15 | C9: =Förutsättningar!N$19 -> 15 | D9: - | E9: - | F9: 15 | G9: 7 | H9: 11 | I9: OK14 | M9: =Table141719202122[[#This Row],[Slagg mängd]]&Table141719202122[[#This Row],[Gjuttemperatur]]&Table141719202122[[#This Row],[Temperatur motgjutningsyta]]&Table141719202122[[#This Row],[Väderskydd, uppvärmning (ingen vind)]]&Table141719202122[[#This Row],[Täckning '[mm']]]&Table141719202122[[#This Row],[OK <14 Dagar]]&Table141719202122[[#This Row],[OK <21 Dagar]]&Table141719202122[[#This Row],[Kommentar]] -> 0,41515--OK14
A10: 0.4 | B10: =Förutsättningar!M$19 -> 15 | C10: =Förutsättningar!N$19 -> 15 | D10: - | E10: - | F10: 15 | G10: 12 | H10: 11 | I10: OK14 | M10: =Table141719202122[[#This Row],[Slagg mängd]]&Table141719202122[[#This Row],[Gjuttemperatur]]&Table141719202122[[#This Row],[Temperatur motgjutningsyta]]&Table141719202122[[#This Row],[Väderskydd, uppvärmning (ingen vind)]]&Table141719202122[[#This Row],[Täckning '[mm']]]&Table141719202122[[#This Row],[OK <14 Dagar]]&Table141719202122[[#This Row],[OK <21 Dagar]]&Table141719202122[[#This Row],[Kommentar]] -> 0,41515--OK14
A11: 0.4 | B11: =Förutsättningar!M$19 -> 15 | C11: =Förutsättningar!N$19 -> 15 | D11: - | E11: - | F11: 15 | G11: 20 | H11: 11.1 | I11: OK14 | M11: =Table141719202122[[#This Row],[Slagg mängd]]&Table141719202122[[#This Row],[Gjuttemperatur]]&Table141719202122[[#This Row],[Temperatur motgjutningsyta]]&Table141719202122[[#This Row],[Väderskydd, uppvärmning (ingen vind)]]&Table141719202122[[#This Row],[Täckning '[mm']]]&Table141719202122[[#This Row],[OK <14 Dagar]]&Table141719202122[[#This Row],[OK <21 Dagar]]&Table141719202122[[#This Row],[Kommentar]] -> 0,41515--OK14
A12: 0.4 | B12: =Förutsättningar!M$20 -> 15 | C12: =Förutsättningar!N$20 -> 10 | D12: - | E12: - | F12: 10 | G12: 0 | H12: 14 | I12: OK14 | M12: =Table141719202122[[#This Row],[Slagg mängd]]&Table141719202122[[#This Row],[Gjuttemperatur]]&Table141719202122[[#This Row],[Temperatur motgjutningsyta]]&Table141719202122[[#This Row],[Väderskydd, uppvärmning (ingen vind)]]&Table141719202122[[#This Row],[Täckning '[mm']]]&Table141719202122[[#This Row],[OK <14 Dagar]]&Table141719202122[[#This Row],[OK <21 Dagar]]&Table141719202122[[#This Row],[Kommentar]] -> 0,41510--OK14
A13: 0.4 | B13: =Förutsättningar!M$20 -> 15 | C13: =Förutsättningar!N$20 -> 10 | D13: 0 | E13: 10 | F13: 10 | G13: 2 | H13: 13.5 | I13: OK14 | M13: =Table141719202122[[#This Row],[Slagg mängd]]&Table141719202122[[#This Row],[Gjuttemperatur]]&Table141719202122[[#This Row],[Temperatur motgjutningsyta]]&Table141719202122[[#This Row],[Väderskydd, uppvärmning (ingen vind)]]&Table141719202122[[#This Row],[Täckning '[mm']]]&Table141719202122[[#This Row],[OK <14 Dagar]]&Table141719202122[[#This Row],[OK <21 Dagar]]&Table141719202122[[#This Row],[Kommentar]] -> 0,41510010OK14
A14: 0.4 | B14: =Förutsättningar!M$20 -> 15 | C14: =Förutsättningar!N$20 -> 10 | D14: 0 | E14: 10 | F14: 10 | G14: 7 | H14: 13.6 | I14: OK14 | M14: =Table141719202122[[#This Row],[Slagg mängd]]&Table141719202122[[#This Row],[Gjuttemperatur]]&Table141719202122[[#This Row],[Temperatur motgjutningsyta]]&Table141719202122[[#This Row],[Väderskydd, uppvärmning (ingen vind)]]&Table141719202122[[#This Row],[Täckning '[mm']]]&Table141719202122[[#This Row],[OK <14 Dagar]]&Table141719202122[[#This Row],[OK <21 Dagar]]&Table141719202122[[#This Row],[Kommentar]] -> 0,41510010OK14
A15: 0.4 | B15: =Förutsättningar!M$20 -> 15 | C15: =Förutsättningar!N$20 -> 10 | D15: 0 | E15: 10 | F15: 10 | G15: 12 | H15: 13.7 | I15: OK14 | M15: =Table141719202122[[#This Row],[Slagg mängd]]&Table141719202122[[#This Row],[Gjuttemperatur]]&Table141719202122[[#This Row],[Temperatur motgjutningsyta]]&Table141719202122[[#This Row],[Väderskydd, uppvärmning (ingen vind)]]&Table141719202122[[#This Row],[Täckning '[mm']]]&Table141719202122[[#This Row],[OK <14 Dagar]]&Table141719202122[[#This Row],[OK <21 Dagar]]&Table141719202122[[#This Row],[Kommentar]] -> 0,41510010OK14
A16: 0.4 | B16: =Förutsättningar!M$20 -> 15 | C16: =Förutsättningar!N$20 -> 10 | D16: 0 | E16: 10 | F16: 10 | G16: 20 | H16: 13.7 | I16: OK14 | M16: =Table141719202122[[#This Row],[Slagg mängd]]&Table141719202122[[#This Row],[Gjuttemperatur]]&Table141719202122[[#This Row],[Temperatur motgjutningsyta]]&Table141719202122[[#This Row],[Väderskydd, uppvärmning (ingen vind)]]&Table141719202122[[#This Row],[Täckning '[mm']]]&Table141719202122[[#This Row],[OK <14 Dagar]]&Table141719202122[[#This Row],[OK <21 Dagar]]&Table141719202122[[#This Row],[Kommentar]] -> 0,41510010OK14
A17: 0.4 | B17: =Förutsättningar!M$21 -> 20 | C17: =Förutsättningar!N$21 -> 5 | D17: 20 | E17: - | F17: 5 | G17: 0 | H17: 10.5 | I17: OK14 | M17: =Table141719202122[[#This Row],[Slagg mängd]]&Table141719202122[[#This Row],[Gjuttemperatur]]&Table141719202122[[#This Row],[Temperatur motgjutningsyta]]&Table141719202122[[#This Row],[Väderskydd, uppvärmning (ingen vind)]]&Table141719202122[[#This Row],[Täckning '[mm']]]&Table141719202122[[#This Row],[OK <14 Dagar]]&Table141719202122[[#This Row],[OK <21 Dagar]]&Table141719202122[[#This Row],[Kommentar]] -> 0,420520-OK14
A18: 0.4 | B18: =Förutsättningar!M$21 -> 20 | C18: =Förutsättningar!N$21 -> 5 | D18: 20 | E18: - | F18: 5 | G18: 2 | H18: 13.1 | I18: OK14 | M18: =Table141719202122[[#This Row],[Slagg mängd]]&Table141719202122[[#This Row],[Gjuttemperatur]]&Table141719202122[[#This Row],[Temperatur motgjutningsyta]]&Table141719202122[[#This Row],[Väderskydd, uppvärmning (ingen vind)]]&Table141719202122[[#This Row],[Täckning '[mm']]]&Table141719202122[[#This Row],[OK <14 Dagar]]&Table141719202122[[#This Row],[OK <21 Dagar]]&Table141719202122[[#This Row],[Kommentar]] -> 0,420520-OK14
A19: 0.4 | B19: =Förutsättningar!M$21 -> 20 | C19: =Förutsättningar!N$21 -> 5 | D19: 20 | E19: Presenning | F19: 5 | G19: 7 | H19: 9.3 | I19: OK14 | M19: =Table141719202122[[#This Row],[Slagg mängd]]&Table141719202122[[#This Row],[Gjuttemperatur]]&Table141719202122[[#This Row],[Temperatur motgjutningsyta]]&Table141719202122[[#This Row],[Väderskydd, uppvärmning (ingen vind)]]&Table141719202122[[#This Row],[Täckning '[mm']]]&Table141719202122[[#This Row],[OK <14 Dagar]]&Table141719202122[[#This Row],[OK <21 Dagar]]&Table141719202122[[#This Row],[Kommentar]] -> 0,420520PresenningOK14
A20: 0.4 | B20: =Förutsättningar!M$21 -> 20 | C20: =Förutsättningar!N$21 -> 5 | D20: 20 | E20: Presenning | F20: 5 | G20: 12 | H20: 9.5 | I20: OK14 | M20: =Table141719202122[[#This Row],[Slagg mängd]]&Table141719202122[[#This Row],[Gjuttemperatur]]&Table141719202122[[#This Row],[Temperatur motgjutningsyta]]&Table141719202122[[#This Row],[Väderskydd, uppvärmning (ingen vind)]]&Table141719202122[[#This Row],[Täckning '[mm']]]&Table141719202122[[#This Row],[OK <14 Dagar]]&Table141719202122[[#This Row],[OK <21 Dagar]]&Table141719202122[[#This Row],[Kommentar]] -> 0,420520PresenningOK14
A21: 0.4 | B21: =Förutsättningar!M$21 -> 20 | C21: =Förutsättningar!N$21 -> 5 | D21: 20 | E21: Presenning | F21: 5 | G21: 20 | H21: 9.5 | I21: OK14 | M21: =Table141719202122[[#This Row],[Slagg mängd]]&Table141719202122[[#This Row],[Gjuttemperatur]]&Table141719202122[[#This Row],[Temperatur motgjutningsyta]]&Table141719202122[[#This Row],[Väderskydd, uppvärmning (ingen vind)]]&Table141719202122[[#This Row],[Täckning '[mm']]]&Table141719202122[[#This Row],[OK <14 Dagar]]&Table141719202122[[#This Row],[OK <21 Dagar]]&Table141719202122[[#This Row],[Kommentar]] -> 0,420520PresenningOK14
A22: 0.4 | B22: =Förutsättningar!M$22 -> 20 | C22: =Förutsättningar!N$22 -> 5 | D22: 20 | E22: Presenning | F22: 0 | G22: 0 | H22: 13.6 | I22: OK14 | M22: =Table141719202122[[#This Row],[Slagg mängd]]&Table141719202122[[#This Row],[Gjuttemperatur]]&Table141719202122[[#This Row],[Temperatur motgjutningsyta]]&Table141719202122[[#This Row],[Väderskydd, uppvärmning (ingen vind)]]&Table141719202122[[#This Row],[Täckning '[mm']]]&Table141719202122[[#This Row],[OK <14 Dagar]]&Table141719202122[[#This Row],[OK <21 Dagar]]&Table141719202122[[#This Row],[Kommentar]] -> 0,420520PresenningOK14
A23: 0.4 | B23: =Förutsättningar!M$22 -> 20 | C23: =Förutsättningar!N$22 -> 5 | D23: 20 | E23: 10 | F23: 0 | G23: 2 | H23: 11.9 | I23: OK14 | M23: =Table141719202122[[#This Row],[Slagg mängd]]&Table141719202122[[#This Row],[Gjuttemperatur]]&Table141719202122[[#This Row],[Temperatur motgjutningsyta]]&Table141719202122[[#This Row],[Väderskydd, uppvärmning (ingen vind)]]&Table141719202122[[#This Row],[Täckning '[mm']]]&Table141719202122[[#This Row],[OK <14 Dagar]]&Table141719202122[[#This Row],[OK <21 Dagar]]&Table141719202122[[#This Row],[Kommentar]] -> 0,42052010OK14
A24: 0.4 | B24: =Förutsättningar!M$22 -> 20 | C24: =Förutsättningar!N$22 -> 5 | D24: 20 | E24: 10 | F24: 0 | G24: 7 | H24: 12.7 | I24: OK14 | M24: =Table141719202122[[#This Row],[Slagg mängd]]&Table141719202122[[#This Row],[Gjuttemperatur]]&Table141719202122[[#This Row],[Temperatur motgjutningsyta]]&Table141719202122[[#This Row],[Väderskydd, uppvärmning (ingen vind)]]&Table141719202122[[#This Row],[Täckning '[mm']]]&Table141719202122[[#This Row],[OK <14 Dagar]]&Table141719202122[[#This Row],[OK <21 Dagar]]&Table141719202122[[#This Row],[Kommentar]] -> 0,42052010OK14
A25: 0.4 | B25: =Förutsättningar!M$22 -> 20 | C25: =Förutsättningar!N$22 -> 5 | D25: 20 | E25: 10 | F25: 0 | G25: 12 | H25: 12.9 | I25: OK14 | M25: =Table141719202122[[#This Row],[Slagg mängd]]&Table141719202122[[#This Row],[Gjuttemperatur]]&Table141719202122[[#This Row],[Temperatur motgjutningsyta]]&Table141719202122[[#This Row],[Väderskydd, uppvärmning (ingen vind)]]&Table141719202122[[#This Row],[Täckning '[mm']]]&Table141719202122[[#This Row],[OK <14 Dagar]]&Table141719202122[[#This Row],[OK <21 Dagar]]&Table141719202122[[#This Row],[Kommentar]] -> 0,42052010OK14
A26: 0.4 | B26: =Förutsättningar!M$22 -> 20 | C26: =Förutsättningar!N$22 -> 5 | D26: 20 | E26: 10 | F26: 0 | G26: 20 | H26: 13 | I26: OK14 | M26: =Table141719202122[[#This Row],[Slagg mängd]]&Table141719202122[[#This Row],[Gjuttemperatur]]&Table141719202122[[#This Row],[Temperatur motgjutningsyta]]&Table141719202122[[#This Row],[Väderskydd, uppvärmning (ingen vind)]]&Table141719202122[[#This Row],[Täckning '[mm']]]&Table141719202122[[#This Row],[OK <14 Dagar]]&Table141719202122[[#This Row],[OK <21 Dagar]]&Table141719202122[[#This Row],[Kommentar]] -> 0,42052010OK14
A27: 0.4 | B27: =Förutsättningar!M$23 -> 20 | C27: =Förutsättningar!N$23 -> 5 | D27: 20 | E27: 20 | F27: -5 | G27: 0 | H27: 12.9 | I27: OK14 | M27: =Table141719202122[[#This Row],[Slagg mängd]]&Table141719202122[[#This Row],[Gjuttemperatur]]&Table141719202122[[#This Row],[Temperatur motgjutningsyta]]&Table141719202122[[#This Row],[Väderskydd, uppvärmning (ingen vind)]]&Table141719202122[[#This Row],[Täckning '[mm']]]&Table141719202122[[#This Row],[OK <14 Dagar]]&Table141719202122[[#This Row],[OK <21 Dagar]]&Table141719202122[[#This Row],[Kommentar]] -> 0,42052020OK14
A28: 0.4 | B28: =Förutsättningar!M$23 -> 20 | C28: =Förutsättningar!N$23 -> 5 | D28: 20 | E28: 20 | F28: -5 | G28: 2 | H28: 13.8 | I28: OK14 | M28: =Table141719202122[[#This Row],[Slagg mängd]]&Table141719202122[[#This Row],[Gjuttemperatur]]&Table141719202122[[#This Row],[Temperatur motgjutningsyta]]&Table141719202122[[#This Row],[Väderskydd, uppvärmning (ingen vind)]]&Table141719202122[[#This Row],[Täckning '[mm']]]&Table141719202122[[#This Row],[OK <14 Dagar]]&Table141719202122[[#This Row],[OK <21 Dagar]]&Table141719202122[[#This Row],[Kommentar]] -> 0,42052020OK14
A29: 0.4 | B29: =Förutsättningar!M$23 -> 20 | C29: =Förutsättningar!N$23 -> 5 | D29: 20 | E29: 30 | F29: -5 | G29: 7 | H29: 12.7 | I29: OK14 | M29: =Table141719202122[[#This Row],[Slagg mängd]]&Table141719202122[[#This Row],[Gjuttemperatur]]&Table141719202122[[#This Row],[Temperatur motgjutningsyta]]&Table141719202122[[#This Row],[Väderskydd, uppvärmning (ingen vind)]]&Table141719202122[[#This Row],[Täckning '[mm']]]&Table141719202122[[#This Row],[OK <14 Dagar]]&Table141719202122[[#This Row],[OK <21 Dagar]]&Table141719202122[[#This Row],[Kommentar]] -> 0,42052030OK14
A30: 0.4 | B30: =Förutsättningar!M$23 -> 20 | C30: =Förutsättningar!N$23 -> 5 | D30: 20 | E30: 30 | F30: -5 | G30: 12 | H30: 12.8 | I30: OK14 | M30: =Table141719202122[[#This Row],[Slagg mängd]]&Table141719202122[[#This Row],[Gjuttemperatur]]&Table141719202122[[#This Row],[Temperatur motgjutningsyta]]&Table141719202122[[#This Row],[Väderskydd, uppvärmning (ingen vind)]]&Table141719202122[[#This Row],[Täckning '[mm']]]&Table141719202122[[#This Row],[OK <14 Dagar]]&Table141719202122[[#This Row],[OK <21 Dagar]]&Table141719202122[[#This Row],[Kommentar]] -> 0,42052030OK14
A31: 0.4 | B31: =Förutsättningar!M$23 -> 20 | C31: =Förutsättningar!N$23 -> 5 | D31: 20 | E31: 30 | F31: -5 | G31: 20 | H31: 12.9 | I31: OK14 | M31: =Table141719202122[[#This Row],[Slagg mängd]]&Table141719202122[[#This Row],[Gjuttemperatur]]&Table141719202122[[#This Row],[Temperatur motgjutningsyta]]&Table141719202122[[#This Row],[Väderskydd, uppvärmning (ingen vind)]]&Table141719202122[[#This Row],[Täckning '[mm']]]&Table141719202122[[#This Row],[OK <14 Dagar]]&Table141719202122[[#This Row],[OK <21 Dagar]]&Table141719202122[[#This Row],[Kommentar]] -> 0,42052030OK14
A32: 0.3 | B32: =Förutsättningar!M$24 -> 20 | C32: =Förutsättningar!N$24 -> 5 | D32: 20 | E32: 50 | F32: -10 | G32: 0 | H32: 12.9 | I32: OK14 | M32: =Table141719202122[[#This Row],[Slagg mängd]]&Table141719202122[[#This Row],[Gjuttemperatur]]&Table141719202122[[#This Row],[Temperatur motgjutningsyta]]&Table141719202122[[#This Row],[Väderskydd, uppvärmning (ingen vind)]]&Table141719202122[[#This Row],[Täckning '[mm']]]&Table141719202122[[#This Row],[OK <14 Dagar]]&Table141719202122[[#This Row],[OK <21 Dagar]]&Table141719202122[[#This Row],[Kommentar]] -> 0,32052050OK14
A33: 0.3 | B33: =Förutsättningar!M$24 -> 20 | C33: =Förutsättningar!N$24 -> 5 | D33: 20 | E33: 50 | F33: -10 | G33: 2 | H33: 13.3 | I33: OK14 | M33: =Table141719202122[[#This Row],[Slagg mängd]]&Table141719202122[[#This Row],[Gjuttemperatur]]&Table141719202122[[#This Row],[Temperatur motgjutningsyta]]&Table141719202122[[#This Row],[Väderskydd, uppvärmning (ingen vind)]]&Table141719202122[[#This Row],[Täckning '[mm']]]&Table141719202122[[#This Row],[OK <14 Dagar]]&Table141719202122[[#This Row],[OK <21 Dagar]]&Table141719202122[[#This Row],[Kommentar]] -> 0,32052050OK14
A34: 0.3 | B34: =Förutsättningar!M$24 -> 20 | C34: =Förutsättningar!N$24 -> 5 | D34: 20 | E34: 50 | F34: -10 | G34: 7 | H34: 13.7 | I34: OK14 | M34: =Table141719202122[[#This Row],[Slagg mängd]]&Table141719202122[[#This Row],[Gjuttemperatur]]&Table141719202122[[#This Row],[Temperatur motgjutningsyta]]&Table141719202122[[#This Row],[Väderskydd, uppvärmning (ingen vind)]]&Table141719202122[[#This Row],[Täckning '[mm']]]&Table141719202122[[#This Row],[OK <14 Dagar]]&Table141719202122[[#This Row],[OK <21 Dagar]]&Table141719202122[[#This Row],[Kommentar]] -> 0,32052050OK14
A35: - | B35: - | C35: - | D35: - | E35: - | F35: -10 | G35: 12 | L35: Frys innan täck | M35: =Table141719202122[[#This Row],[Slagg mängd]]&Table141719202122[[#This Row],[Gjuttemperatur]]&Table141719202122[[#This Row],[Temperatur motgjutningsyta]]&Table141719202122[[#This Row],[Väderskydd, uppvärmning (ingen vind)]]&Table141719202122[[#This Row],[Täckning '[mm']]]&Table141719202122[[#This Row],[OK <14 Dagar]]&Table141719202122[[#This Row],[OK <21 Dagar]]&Table141719202122[[#This Row],[Kommentar]] -> -----Frys innan täck
A36: - | B36: - | C36: - | D36: - | E36: - | F36: -10 | G36: 20 | L36: Frys innan täck | M36: =Table141719202122[[#This Row],[Slagg mängd]]&Table141719202122[[#This Row],[Gjuttemperatur]]&Table141719202122[[#This Row],[Temperatur motgjutningsyta]]&Table141719202122[[#This Row],[Väderskydd, uppvärmning (ingen vind)]]&Table141719202122[[#This Row],[Täckning '[mm']]]&Table141719202122[[#This Row],[OK <14 Dagar]]&Table141719202122[[#This Row],[OK <21 Dagar]]&Table141719202122[[#This Row],[Kommentar]] -> -----Frys innan täck
A37: 0.1 | B37: =Förutsättningar!M$25 -> 15 | C37: =Förutsättningar!N$25 -> 5 | D37: 20 | E37: 50 | F37: -15 | G37: 0 | H37: 13 | I37: OK14 | M37: =Table141719202122[[#This Row],[Slagg mängd]]&Table141719202122[[#This Row],[Gjuttemperatur]]&Table141719202122[[#This Row],[Temperatur motgjutningsyta]]&Table141719202122[[#This Row],[Väderskydd, uppvärmning (ingen vind)]]&Table141719202122[[#This Row],[Täckning '[mm']]]&Table141719202122[[#This Row],[OK <14 Dagar]]&Table141719202122[[#This Row],[OK <21 Dagar]]&Table141719202122[[#This Row],[Kommentar]] -> 0,11552050OK14
A38: 0.1 | B38: =Förutsättningar!M$25 -> 15 | C38: =Förutsättningar!N$25 -> 5 | D38: 20 | E38: 50 | F38: -15 | G38: 2 | H38: 13.5 | I38: OK14 | M38: =Table141719202122[[#This Row],[Slagg mängd]]&Table141719202122[[#This Row],[Gjuttemperatur]]&Table141719202122[[#This Row],[Temperatur motgjutningsyta]]&Table141719202122[[#This Row],[Väderskydd, uppvärmning (ingen vind)]]&Table141719202122[[#This Row],[Täckning '[mm']]]&Table141719202122[[#This Row],[OK <14 Dagar]]&Table141719202122[[#This Row],[OK <21 Dagar]]&Table141719202122[[#This Row],[Kommentar]] -> 0,11552050OK14
A39: - | B39: - | C39: - | D39: - | E39: - | F39: -15 | G39: 7 | L39: Frys innan täck | M39: =Table141719202122[[#This Row],[Slagg mängd]]&Table141719202122[[#This Row],[Gjuttemperatur]]&Table141719202122[[#This Row],[Temperatur motgjutningsyta]]&Table141719202122[[#This Row],[Väderskydd, uppvärmning (ingen vind)]]&Table141719202122[[#This Row],[Täckning '[mm']]]&Table141719202122[[#This Row],[OK <14 Dagar]]&Table141719202122[[#This Row],[OK <21 Dagar]]&Table141719202122[[#This Row],[Kommentar]] -> -----Frys innan täck
A40: - | B40: - | C40: - | D40: - | E40: - | F40: -15 | G40: 12 | L40: Frys innan täck | M40: =Table141719202122[[#This Row],[Slagg mängd]]&Table141719202122[[#This Row],[Gjuttemperatur]]&Table141719202122[[#This Row],[Temperatur motgjutningsyta]]&Table141719202122[[#This Row],[Väderskydd, uppvärmning (ingen vind)]]&Table141719202122[[#This Row],[Täckning '[mm']]]&Table141719202122[[#This Row],[OK <14 Dagar]]&Table141719202122[[#This Row],[OK <21 Dagar]]&Table141719202122[[#This Row],[Kommentar]] -> -----Frys innan täck
A41: - | B41: - | C41: - | D41: - | E41: - | F41: -15 | G41: 20 | L41: Frys innan täck | M41: =Table141719202122[[#This Row],[Slagg mängd]]&Table141719202122[[#This Row],[Gjuttemperatur]]&Table141719202122[[#This Row],[Temperatur motgjutningsyta]]&Table141719202122[[#This Row],[Väderskydd, uppvärmning (ingen vind)]]&Table141719202122[[#This Row],[Täckning '[mm']]]&Table141719202122[[#This Row],[OK <14 Dagar]]&Table141719202122[[#This Row],[OK <21 Dagar]]&Table141719202122[[#This Row],[Kommentar]] -> -----Frys innan täck
A42: - | B42: - | C42: - | D42: - | E42: - | F42: -20 | G42: 0 | L42: Når ej 70% | M42: =Table141719202122[[#This Row],[Slagg mängd]]&Table141719202122[[#This Row],[Gjuttemperatur]]&Table141719202122[[#This Row],[Temperatur motgjutningsyta]]&Table141719202122[[#This Row],[Väderskydd, uppvärmning (ingen vind)]]&Table141719202122[[#This Row],[Täckning '[mm']]]&Table141719202122[[#This Row],[OK <14 Dagar]]&Table141719202122[[#This Row],[OK <21 Dagar]]&Table141719202122[[#This Row],[Kommentar]] -> -----Når ej 70%
A43: - | B43: - | C43: - | D43: - | E43: - | F43: -20 | G43: 2 | L43: Når ej 70% | M43: =Table141719202122[[#This Row],[Slagg mängd]]&Table141719202122[[#This Row],[Gjuttemperatur]]&Table141719202122[[#This Row],[Temperatur motgjutningsyta]]&Table141719202122[[#This Row],[Väderskydd, uppvärmning (ingen vind)]]&Table141719202122[[#This Row],[Täckning '[mm']]]&Table141719202122[[#This Row],[OK <14 Dagar]]&Table141719202122[[#This Row],[OK <21 Dagar]]&Table141719202122[[#This Row],[Kommentar]] -> -----Når ej 70%
A44: - | B44: - | C44: - | D44: - | E44: - | F44: -20 | G44: 7 | L44: Frys innan täck | M44: =Table141719202122[[#This Row],[Slagg mängd]]&Table141719202122[[#This Row],[Gjuttemperatur]]&Table141719202122[[#This Row],[Temperatur motgjutningsyta]]&Table141719202122[[#This Row],[Väderskydd, uppvärmning (ingen vind)]]&Table141719202122[[#This Row],[Täckning '[mm']]]&Table141719202122[[#This Row],[OK <14 Dagar]]&Table141719202122[[#This Row],[OK <21 Dagar]]&Table141719202122[[#This Row],[Kommentar]] -> -----Frys innan täck
A45: - | B45: - | C45: - | D45: - | E45: - | F45: -20 | G45: 12 | L45: Frys innan täck | M45: =Table141719202122[[#This Row],[Slagg mängd]]&Table141719202122[[#This Row],[Gjuttemperatur]]&Table141719202122[[#This Row],[Temperatur motgjutningsyta]]&Table141719202122[[#This Row],[Väderskydd, uppvärmning (ingen vind)]]&Table141719202122[[#This Row],[Täckning '[mm']]]&Table141719202122[[#This Row],[OK <14 Dagar]]&Table141719202122[[#This Row],[OK <21 Dagar]]&Table141719202122[[#This Row],[Kommentar]] -> -----Frys innan täck
A46: - | B46: - | C46: - | D46: - | E46: - | F46: -20 | G46: 20 | L46: Frys innan täck | M46: =Table141719202122[[#This Row],[Slagg mängd]]&Table141719202122[[#This Row],[Gjuttemperatur]]&Table141719202122[[#This Row],[Temperatur motgjutningsyta]]&Table141719202122[[#This Row],[Väderskydd, uppvärmning (ingen vind)]]&Table141719202122[[#This Row],[Täckning '[mm']]]&Table141719202122[[#This Row],[OK <14 Dagar]]&Table141719202122[[#This Row],[OK <21 Dagar]]&Table141719202122[[#This Row],[Kommentar]] -> -----Frys innan täck

Sheet Bjälklag (C25-30)
A1: Slagg mängd | B1: Gjuttemperatur | C1: Temperatur motgjutningsyta | D1: Väderskydd, uppvärmning (ingen vind) | E1: Täckning [mm] | F1: Temperatur | G1: Vind | H1: <14 d och >70 % [Dagar] | I1: OK <14 Dagar | J1: <21 d och >70 % [Dagar] | K1: OK <21 Dagar | L1: Kommentar | M1: Åtgärdskåd
A2: 0.4 | B2: =Förutsättningar!M$18 -> 15 | C2: =Förutsättningar!N$18 -> 20 | D2: - | E2: - | F2: 20 | G2: 0 | H2: 7.1 | I2: OK14 | J2: 21 | M2: =Table1417192021[[#This Row],[Slagg mängd]]&Table1417192021[[#This Row],[Gjuttemperatur]]&Table1417192021[[#This Row],[Temperatur motgjutningsyta]]&Table1417192021[[#This Row],[Väderskydd, uppvärmning (ingen vind)]]&Table1417192021[[#This Row],[Täckning '[mm']]]&Table1417192021[[#This Row],[OK <14 Dagar]]&Table1417192021[[#This Row],[OK <21 Dagar]]&Table1417192021[[#This Row],[Kommentar]] -> 0,41520--OK14
A3: 0.4 | B3: =Förutsättningar!$M$18 -> 15 | C3: =Förutsättningar!N$18 -> 20 | D3: - | E3: - | F3: 20 | G3: 2 | H3: 7.5 | I3: OK14 | M3: =Table1417192021[[#This Row],[Slagg mängd]]&Table1417192021[[#This Row],[Gjuttemperatur]]&Table1417192021[[#This Row],[Temperatur motgjutningsyta]]&Table1417192021[[#This Row],[Väderskydd, uppvärmning (ingen vind)]]&Table1417192021[[#This Row],[Täckning '[mm']]]&Table1417192021[[#This Row],[OK <14 Dagar]]&Table1417192021[[#This Row],[OK <21 Dagar]]&Table1417192021[[#This Row],[Kommentar]] -> 0,41520--OK14
A4: 0.4 | B4: =Förutsättningar!$M$18 -> 15 | C4: =Förutsättningar!N$18 -> 20 | D4: - | E4: - | F4: 20 | G4: 7 | H4: 7.8 | I4: OK14 | M4: =Table1417192021[[#This Row],[Slagg mängd]]&Table1417192021[[#This Row],[Gjuttemperatur]]&Table1417192021[[#This Row],[Temperatur motgjutningsyta]]&Table1417192021[[#This Row],[Väderskydd, uppvärmning (ingen vind)]]&Table1417192021[[#This Row],[Täckning '[mm']]]&Table1417192021[[#This Row],[OK <14 Dagar]]&Table1417192021[[#This Row],[OK <21 Dagar]]&Table1417192021[[#This Row],[Kommentar]] -> 0,41520--OK14
A5: 0.4 | B5: =Förutsättningar!$M$18 -> 15 | C5: =Förutsättningar!N$18 -> 20 | D5: - | E5: - | F5: 20 | G5: 12 | H5: 7.8 | I5: OK14 | M5: =Table1417192021[[#This Row],[Slagg mängd]]&Table1417192021[[#This Row],[Gjuttemperatur]]&Table1417192021[[#This Row],[Temperatur motgjutningsyta]]&Table1417192021[[#This Row],[Väderskydd, uppvärmning (ingen vind)]]&Table1417192021[[#This Row],[Täckning '[mm']]]&Table1417192021[[#This Row],[OK <14 Dagar]]&Table1417192021[[#This Row],[OK <21 Dagar]]&Table1417192021[[#This Row],[Kommentar]] -> 0,41520--OK14
A6: 0.4 | B6: =Förutsättningar!$M$18 -> 15 | C6: =Förutsättningar!N$18 -> 20 | D6: - | E6: - | F6: 20 | G6: 20 | H6: 7.8 | I6: OK14 | M6: =Table1417192021[[#This Row],[Slagg mängd]]&Table1417192021[[#This Row],[Gjuttemperatur]]&Table1417192021[[#This Row],[Temperatur motgjutningsyta]]&Table1417192021[[#This Row],[Väderskydd, uppvärmning (ingen vind)]]&Table1417192021[[#This Row],[Täckning '[mm']]]&Table1417192021[[#This Row],[OK <14 Dagar]]&Table1417192021[[#This Row],[OK <21 Dagar]]&Table1417192021[[#This Row],[Kommentar]] -> 0,41520--OK14
A7: 0.4 | B7: =Förutsättningar!M$19 -> 15 | C7: =Förutsättningar!N$19 -> 15 | D7: - | E7: - | F7: 15 | G7: 0 | H7: 9.3 | I7: OK14 | M7: =Table1417192021[[#This Row],[Slagg mängd]]&Table1417192021[[#This Row],[Gjuttemperatur]]&Table1417192021[[#This Row],[Temperatur motgjutningsyta]]&Table1417192021[[#This Row],[Väderskydd, uppvärmning (ingen vind)]]&Table1417192021[[#This Row],[Täckning '[mm']]]&Table1417192021[[#This Row],[OK <14 Dagar]]&Table1417192021[[#This Row],[OK <21 Dagar]]&Table1417192021[[#This Row],[Kommentar]] -> 0,41515--OK14
A8: 0.4 | B8: =Förutsättningar!M$19 -> 15 | C8: =Förutsättningar!N$19 -> 15 | D8: - | E8: - | F8: 15 | G8: 2 | H8: 10 | I8: OK14 | M8: =Table1417192021[[#This Row],[Slagg mängd]]&Table1417192021[[#This Row],[Gjuttemperatur]]&Table1417192021[[#This Row],[Temperatur motgjutningsyta]]&Table1417192021[[#This Row],[Väderskydd, uppvärmning (ingen vind)]]&Table1417192021[[#This Row],[Täckning '[mm']]]&Table1417192021[[#This Row],[OK <14 Dagar]]&Table1417192021[[#This Row],[OK <21 Dagar]]&Table1417192021[[#This Row],[Kommentar]] -> 0,41515--OK14
A9: 0.4 | B9: =Förutsättningar!M$19 -> 15 | C9: =Förutsättningar!N$19 -> 15 | D9: - | E9: - | F9: 15 | G9: 7 | H9: 10.2 | I9: OK14 | M9: =Table1417192021[[#This Row],[Slagg mängd]]&Table1417192021[[#This Row],[Gjuttemperatur]]&Table1417192021[[#This Row],[Temperatur motgjutningsyta]]&Table1417192021[[#This Row],[Väderskydd, uppvärmning (ingen vind)]]&Table1417192021[[#This Row],[Täckning '[mm']]]&Table1417192021[[#This Row],[OK <14 Dagar]]&Table1417192021[[#This Row],[OK <21 Dagar]]&Table1417192021[[#This Row],[Kommentar]] -> 0,41515--OK14
A10: 0.4 | B10: =Förutsättningar!M$19 -> 15 | C10: =Förutsättningar!N$19 -> 15 | D10: - | E10: - | F10: 15 | G10: 12 | H10: 10.3 | I10: OK14 | M10: =Table1417192021[[#This Row],[Slagg mängd]]&Table1417192021[[#This Row],[Gjuttemperatur]]&Table1417192021[[#This Row],[Temperatur motgjutningsyta]]&Table1417192021[[#This Row],[Väderskydd, uppvärmning (ingen vind)]]&Table1417192021[[#This Row],[Täckning '[mm']]]&Table1417192021[[#This Row],[OK <14 Dagar]]&Table1417192021[[#This Row],[OK <21 Dagar]]&Table1417192021[[#This Row],[Kommentar]] -> 0,41515--OK14
A11: 0.4 | B11: =Förutsättningar!M$19 -> 15 | C11: =Förutsättningar!N$19 -> 15 | D11: - | E11: - | F11: 15 | G11: 20 | H11: 10.3 | I11: OK14 | M11: =Table1417192021[[#This Row],[Slagg mängd]]&Table1417192021[[#This Row],[Gjuttemperatur]]&Table1417192021[[#This Row],[Temperatur motgjutningsyta]]&Table1417192021[[#This Row],[Väderskydd, uppvärmning (ingen vind)]]&Table1417192021[[#This Row],[Täckning '[mm']]]&Table1417192021[[#This Row],[OK <14 Dagar]]&Table1417192021[[#This Row],[OK <21 Dagar]]&Table1417192021[[#This Row],[Kommentar]] -> 0,41515--OK14
A12: 0.4 | B12: =Förutsättningar!M$20 -> 15 | C12: =Förutsättningar!N$20 -> 10 | D12: - | E12: - | F12: 10 | G12: 0 | H12: 12.8 | I12: OK14 | M12: =Table1417192021[[#This Row],[Slagg mängd]]&Table1417192021[[#This Row],[Gjuttemperatur]]&Table1417192021[[#This Row],[Temperatur motgjutningsyta]]&Table1417192021[[#This Row],[Väderskydd, uppvärmning (ingen vind)]]&Table1417192021[[#This Row],[Täckning '[mm']]]&Table1417192021[[#This Row],[OK <14 Dagar]]&Table1417192021[[#This Row],[OK <21 Dagar]]&Table1417192021[[#This Row],[Kommentar]] -> 0,41510--OK14
A13: 0.4 | B13: =Förutsättningar!M$20 -> 15 | C13: =Förutsättningar!N$20 -> 10 | D13: - | E13: - | F13: 10 | G13: 2 | H13: 13.7 | I13: OK14 | M13: =Table1417192021[[#This Row],[Slagg mängd]]&Table1417192021[[#This Row],[Gjuttemperatur]]&Table1417192021[[#This Row],[Temperatur motgjutningsyta]]&Table1417192021[[#This Row],[Väderskydd, uppvärmning (ingen vind)]]&Table1417192021[[#This Row],[Täckning '[mm']]]&Table1417192021[[#This Row],[OK <14 Dagar]]&Table1417192021[[#This Row],[OK <21 Dagar]]&Table1417192021[[#This Row],[Kommentar]] -> 0,41510--OK14
A14: 0.4 | B14: =Förutsättningar!M$20 -> 15 | C14: =Förutsättningar!N$20 -> 10 | D14: - | E14: - | F14: 10 | G14: 7 | H14: 14 | I14: OK14 | M14: =Table1417192021[[#This Row],[Slagg mängd]]&Table1417192021[[#This Row],[Gjuttemperatur]]&Table1417192021[[#This Row],[Temperatur motgjutningsyta]]&Table1417192021[[#This Row],[Väderskydd, uppvärmning (ingen vind)]]&Table1417192021[[#This Row],[Täckning '[mm']]]&Table1417192021[[#This Row],[OK <14 Dagar]]&Table1417192021[[#This Row],[OK <21 Dagar]]&Table1417192021[[#This Row],[Kommentar]] -> 0,41510--OK14
A15: 0.4 | B15: =Förutsättningar!M$20 -> 15 | C15: =Förutsättningar!N$20 -> 10 | D15: - | E15: - | F15: 10 | G15: 12 | H15: 14 | I15: OK14 | M15: =Table1417192021[[#This Row],[Slagg mängd]]&Table1417192021[[#This Row],[Gjuttemperatur]]&Table1417192021[[#This Row],[Temperatur motgjutningsyta]]&Table1417192021[[#This Row],[Väderskydd, uppvärmning (ingen vind)]]&Table1417192021[[#This Row],[Täckning '[mm']]]&Table1417192021[[#This Row],[OK <14 Dagar]]&Table1417192021[[#This Row],[OK <21 Dagar]]&Table1417192021[[#This Row],[Kommentar]] -> 0,41510--OK14
A16: 0.4 | B16: =Förutsättningar!M$20 -> 15 | C16: =Förutsättningar!N$20 -> 10 | D16: 0 | E16: - | F16: 10 | G16: 20 | H16: 13.9 | I16: OK14 | M16: =Table1417192021[[#This Row],[Slagg mängd]]&Table1417192021[[#This Row],[Gjuttemperatur]]&Table1417192021[[#This Row],[Temperatur motgjutningsyta]]&Table1417192021[[#This Row],[Väderskydd, uppvärmning (ingen vind)]]&Table1417192021[[#This Row],[Täckning '[mm']]]&Table1417192021[[#This Row],[OK <14 Dagar]]&Table1417192021[[#This Row],[OK <21 Dagar]]&Table1417192021[[#This Row],[Kommentar]] -> 0,415100-OK14
A17: 0.4 | B17: =Förutsättningar!M$21 -> 20 | C17: =Förutsättningar!N$21 -> 5 | D17: 20 | E17: - | F17: 5 | G17: 0 | H17: 9.6 | I17: OK14 | M17: =Table1417192021[[#This Row],[Slagg mängd]]&Table1417192021[[#This Row],[Gjuttemperatur]]&Table1417192021[[#This Row],[Temperatur motgjutningsyta]]&Table1417192021[[#This Row],[Väderskydd, uppvärmning (ingen vind)]]&Table1417192021[[#This Row],[Täckning '[mm']]]&Table1417192021[[#This Row],[OK <14 Dagar]]&Table1417192021[[#This Row],[OK <21 Dagar]]&Table1417192021[[#This Row],[Kommentar]] -> 0,420520-OK14
A18: 0.4 | B18: =Förutsättningar!M$21 -> 20 | C18: =Förutsättningar!N$21 -> 5 | D18: 20 | E18: - | F18: 5 | G18: 2 | H18: 12.1 | I18: OK14 | M18: =Table1417192021[[#This Row],[Slagg mängd]]&Table1417192021[[#This Row],[Gjuttemperatur]]&Table1417192021[[#This Row],[Temperatur motgjutningsyta]]&Table1417192021[[#This Row],[Väderskydd, uppvärmning (ingen vind)]]&Table1417192021[[#This Row],[Täckning '[mm']]]&Table1417192021[[#This Row],[OK <14 Dagar]]&Table1417192021[[#This Row],[OK <21 Dagar]]&Table1417192021[[#This Row],[Kommentar]] -> 0,420520-OK14
A19: 0.4 | B19: =Förutsättningar!M$21 -> 20 | C19: =Förutsättningar!N$21 -> 5 | D19: 20 | E19: Presenning | F19: 5 | G19: 7 | H19: 12.6 | I19: OK14 | M19: =Table1417192021[[#This Row],[Slagg mängd]]&Table1417192021[[#This Row],[Gjuttemperatur]]&Table1417192021[[#This Row],[Temperatur motgjutningsyta]]&Table1417192021[[#This Row],[Väderskydd, uppvärmning (ingen vind)]]&Table1417192021[[#This Row],[Täckning '[mm']]]&Table1417192021[[#This Row],[OK <14 Dagar]]&Table1417192021[[#This Row],[OK <21 Dagar]]&Table1417192021[[#This Row],[Kommentar]] -> 0,420520PresenningOK14
A20: 0.4 | B20: =Förutsättningar!M$21 -> 20 | C20: =Förutsättningar!N$21 -> 5 | D20: 20 | E20: Presenning | F20: 5 | G20: 12 | H20: 13 | I20: OK14 | M20: =Table1417192021[[#This Row],[Slagg mängd]]&Table1417192021[[#This Row],[Gjuttemperatur]]&Table1417192021[[#This Row],[Temperatur motgjutningsyta]]&Table1417192021[[#This Row],[Väderskydd, uppvärmning (ingen vind)]]&Table1417192021[[#This Row],[Täckning '[mm']]]&Table1417192021[[#This Row],[OK <14 Dagar]]&Table1417192021[[#This Row],[OK <21 Dagar]]&Table1417192021[[#This Row],[Kommentar]] -> 0,420520PresenningOK14
A21: 0.4 | B21: =Förutsättningar!M$21 -> 20 | C21: =Förutsättningar!N$21 -> 5 | D21: 20 | E21: Presenning | F21: 5 | G21: 20 | H21: 13.3 | I21: OK14 | M21: =Table1417192021[[#This Row],[Slagg mängd]]&Table1417192021[[#This Row],[Gjuttemperatur]]&Table1417192021[[#This Row],[Temperatur motgjutningsyta]]&Table1417192021[[#This Row],[Väderskydd, uppvärmning (ingen vind)]]&Table1417192021[[#This Row],[Täckning '[mm']]]&Table1417192021[[#This Row],[OK <14 Dagar]]&Table1417192021[[#This Row],[OK <21 Dagar]]&Table1417192021[[#This Row],[Kommentar]] -> 0,420520PresenningOK14
A22: 0.4 | B22: =Förutsättningar!M$22 -> 20 | C22: =Förutsättningar!N$22 -> 5 | D22: 20 | E22: - | F22: 0 | G22: 0 | H22: 13.3 | I22: OK14 | M22: =Table1417192021[[#This Row],[Slagg mängd]]&Table1417192021[[#This Row],[Gjuttemperatur]]&Table1417192021[[#This Row],[Temperatur motgjutningsyta]]&Table1417192021[[#This Row],[Väderskydd, uppvärmning (ingen vind)]]&Table1417192021[[#This Row],[Täckning '[mm']]]&Table1417192021[[#This Row],[OK <14 Dagar]]&Table1417192021[[#This Row],[OK <21 Dagar]]&Table1417192021[[#This Row],[Kommentar]] -> 0,420520-OK14
A23: 0.4 | B23: =Förutsättningar!M$22 -> 20 | C23: =Förutsättningar!N$22 -> 5 | D23: 20 | E23: 10 | F23: 0 | G23: 2 | H23: 10.9 | I23: OK14 | M23: =Table1417192021[[#This Row],[Slagg mängd]]&Table1417192021[[#This Row],[Gjuttemperatur]]&Table1417192021[[#This Row],[Temperatur motgjutningsyta]]&Table1417192021[[#This Row],[Väderskydd, uppvärmning (ingen vind)]]&Table1417192021[[#This Row],[Täckning '[mm']]]&Table1417192021[[#This Row],[OK <14 Dagar]]&Table1417192021[[#This Row],[OK <21 Dagar]]&Table1417192021[[#This Row],[Kommentar]] -> 0,42052010OK14
A24: 0.4 | B24: =Förutsättningar!M$22 -> 20 | C24: =Förutsättningar!N$22 -> 5 | D24: 20 | E24: 10 | F24: 0 | G24: 7 | H24: 11.6 | I24: OK14 | M24: =Table1417192021[[#This Row],[Slagg mängd]]&Table1417192021[[#This Row],[Gjuttemperatur]]&Table1417192021[[#This Row],[Temperatur motgjutningsyta]]&Table1417192021[[#This Row],[Väderskydd, uppvärmning (ingen vind)]]&Table1417192021[[#This Row],[Täckning '[mm']]]&Table1417192021[[#This Row],[OK <14 Dagar]]&Table1417192021[[#This Row],[OK <21 Dagar]]&Table1417192021[[#This Row],[Kommentar]] -> 0,42052010OK14
A25: 0.4 | B25: =Förutsättningar!M$22 -> 20 | C25: =Förutsättningar!N$22 -> 5 | D25: 20 | E25: 10 | F25: 0 | G25: 12 | H25: 11.8 | I25: OK14 | M25: =Table1417192021[[#This Row],[Slagg mängd]]&Table1417192021[[#This Row],[Gjuttemperatur]]&Table1417192021[[#This Row],[Temperatur motgjutningsyta]]&Table1417192021[[#This Row],[Väderskydd, uppvärmning (ingen vind)]]&Table1417192021[[#This Row],[Täckning '[mm']]]&Table1417192021[[#This Row],[OK <14 Dagar]]&Table1417192021[[#This Row],[OK <21 Dagar]]&Table1417192021[[#This Row],[Kommentar]] -> 0,42052010OK14
A26: 0.4 | B26: =Förutsättningar!M$22 -> 20 | C26: =Förutsättningar!N$22 -> 5 | D26: 20 | E26: 10 | F26: 0 | G26: 20 | H26: 12 | I26: OK14 | M26: =Table1417192021[[#This Row],[Slagg mängd]]&Table1417192021[[#This Row],[Gjuttemperatur]]&Table1417192021[[#This Row],[Temperatur motgjutningsyta]]&Table1417192021[[#This Row],[Väderskydd, uppvärmning (ingen vind)]]&Table1417192021[[#This Row],[Täckning '[mm']]]&Table1417192021[[#This Row],[OK <14 Dagar]]&Table1417192021[[#This Row],[OK <21 Dagar]]&Table1417192021[[#This Row],[Kommentar]] -> 0,42052010OK14
A27: 0.4 | B27: =Förutsättningar!M$23 -> 20 | C27: =Förutsättningar!N$23 -> 5 | D27: 20 | E27: 10 | F27: -5 | G27: 0 | H27: 13.8 | I27: OK14 | M27: =Table1417192021[[#This Row],[Slagg mängd]]&Table1417192021[[#This Row],[Gjuttemperatur]]&Table1417192021[[#This Row],[Temperatur motgjutningsyta]]&Table1417192021[[#This Row],[Väderskydd, uppvärmning (ingen vind)]]&Table1417192021[[#This Row],[Täckning '[mm']]]&Table1417192021[[#This Row],[OK <14 Dagar]]&Table1417192021[[#This Row],[OK <21 Dagar]]&Table1417192021[[#This Row],[Kommentar]] -> 0,42052010OK14
A28: 0.4 | B28: =Förutsättningar!M$23 -> 20 | C28: =Förutsättningar!N$23 -> 5 | D28: 20 | E28: 20 | F28: -5 | G28: 2 | H28: 12.6 | I28: OK14 | M28: =Table1417192021[[#This Row],[Slagg mängd]]&Table1417192021[[#This Row],[Gjuttemperatur]]&Table1417192021[[#This Row],[Temperatur motgjutningsyta]]&Table1417192021[[#This Row],[Väderskydd, uppvärmning (ingen vind)]]&Table1417192021[[#This Row],[Täckning '[mm']]]&Table1417192021[[#This Row],[OK <14 Dagar]]&Table1417192021[[#This Row],[OK <21 Dagar]]&Table1417192021[[#This Row],[Kommentar]] -> 0,42052020OK14
A29: 0.4 | B29: =Förutsättningar!M$23 -> 20 | C29: =Förutsättningar!N$23 -> 5 | D29: 20 | E29: 20 | F29: -5 | G29: 7 | H29: 13.1 | I29: OK14 | M29: =Table1417192021[[#This Row],[Slagg mängd]]&Table1417192021[[#This Row],[Gjuttemperatur]]&Table1417192021[[#This Row],[Temperatur motgjutningsyta]]&Table1417192021[[#This Row],[Väderskydd, uppvärmning (ingen vind)]]&Table1417192021[[#This Row],[Täckning '[mm']]]&Table1417192021[[#This Row],[OK <14 Dagar]]&Table1417192021[[#This Row],[OK <21 Dagar]]&Table1417192021[[#This Row],[Kommentar]] -> 0,42052020OK14
A30: 0.4 | B30: =Förutsättningar!M$23 -> 20 | C30: =Förutsättningar!N$23 -> 5 | D30: 20 | E30: 20 | F30: -5 | G30: 12 | H30: 13.3 | I30: OK14 | M30: =Table1417192021[[#This Row],[Slagg mängd]]&Table1417192021[[#This Row],[Gjuttemperatur]]&Table1417192021[[#This Row],[Temperatur motgjutningsyta]]&Table1417192021[[#This Row],[Väderskydd, uppvärmning (ingen vind)]]&Table1417192021[[#This Row],[Täckning '[mm']]]&Table1417192021[[#This Row],[OK <14 Dagar]]&Table1417192021[[#This Row],[OK <21 Dagar]]&Table1417192021[[#This Row],[Kommentar]] -> 0,42052020OK14
A31: 0.4 | B31: =Förutsättningar!M$23 -> 20 | C31: =Förutsättningar!N$23 -> 5 | D31: 20 | E31: 20 | F31: -5 | G31: 20 | H31: 13.5 | I31: OK14 | M31: =Table1417192021[[#This Row],[Slagg mängd]]&Table1417192021[[#This Row],[Gjuttemperatur]]&Table1417192021[[#This Row],[Temperatur motgjutningsyta]]&Table1417192021[[#This Row],[Väderskydd, uppvärmning (ingen vind)]]&Table1417192021[[#This Row],[Täckning '[mm']]]&Table1417192021[[#This Row],[OK <14 Dagar]]&Table1417192021[[#This Row],[OK <21 Dagar]]&Table1417192021[[#This Row],[Kommentar]] -> 0,42052020OK14
A32: 0.4 | B32: =Förutsättningar!M$24 -> 20 | C32: =Förutsättningar!N$24 -> 5 | D32: 20 | E32: 50 | F32: -10 | G32: 0 | H32: 13.1 | I32: OK14 | M32: =Table1417192021[[#This Row],[Slagg mängd]]&Table1417192021[[#This Row],[Gjuttemperatur]]&Table1417192021[[#This Row],[Temperatur motgjutningsyta]]&Table1417192021[[#This Row],[Väderskydd, uppvärmning (ingen vind)]]&Table1417192021[[#This Row],[Täckning '[mm']]]&Table1417192021[[#This Row],[OK <14 Dagar]]&Table1417192021[[#This Row],[OK <21 Dagar]]&Table1417192021[[#This Row],[Kommentar]] -> 0,42052050OK14
A33: 0.4 | B33: =Förutsättningar!M$24 -> 20 | C33: =Förutsättningar!N$24 -> 5 | D33: 20 | E33: 50 | F33: -10 | G33: 2 | H33: 13.5 | I33: OK14 | M33: =Table1417192021[[#This Row],[Slagg mängd]]&Table1417192021[[#This Row],[Gjuttemperatur]]&Table1417192021[[#This Row],[Temperatur motgjutningsyta]]&Table1417192021[[#This Row],[Väderskydd, uppvärmning (ingen vind)]]&Table1417192021[[#This Row],[Täckning '[mm']]]&Table1417192021[[#This Row],[OK <14 Dagar]]&Table1417192021[[#This Row],[OK <21 Dagar]]&Table1417192021[[#This Row],[Kommentar]] -> 0,42052050OK14
A34: 0.4 | B34: =Förutsättningar!M$24 -> 20 | C34: =Förutsättningar!N$24 -> 5 | D34: 20 | E34: 50 | F34: -10 | G34: 7 | H34: 13.9 | I34: OK14 | M34: =Table1417192021[[#This Row],[Slagg mängd]]&Table1417192021[[#This Row],[Gjuttemperatur]]&Table1417192021[[#This Row],[Temperatur motgjutningsyta]]&Table1417192021[[#This Row],[Väderskydd, uppvärmning (ingen vind)]]&Table1417192021[[#This Row],[Täckning '[mm']]]&Table1417192021[[#This Row],[OK <14 Dagar]]&Table1417192021[[#This Row],[OK <21 Dagar]]&Table1417192021[[#This Row],[Kommentar]] -> 0,42052050OK14
A35: - | B35: - | C35: - | D35: - | E35: - | F35: -10 | G35: 12 | L35: Frys innan täck | M35: =Table1417192021[[#This Row],[Slagg mängd]]&Table1417192021[[#This Row],[Gjuttemperatur]]&Table1417192021[[#This Row],[Temperatur motgjutningsyta]]&Table1417192021[[#This Row],[Väderskydd, uppvärmning (ingen vind)]]&Table1417192021[[#This Row],[Täckning '[mm']]]&Table1417192021[[#This Row],[OK <14 Dagar]]&Table1417192021[[#This Row],[OK <21 Dagar]]&Table1417192021[[#This Row],[Kommentar]] -> -----Frys innan täck
A36: - | B36: - | C36: - | D36: - | E36: - | F36: -10 | G36: 20 | L36: Frys innan täck | M36: =Table1417192021[[#This Row],[Slagg mängd]]&Table1417192021[[#This Row],[Gjuttemperatur]]&Table1417192021[[#This Row],[Temperatur motgjutningsyta]]&Table1417192021[[#This Row],[Väderskydd, uppvärmning (ingen vind)]]&Table1417192021[[#This Row],[Täckning '[mm']]]&Table1417192021[[#This Row],[OK <14 Dagar]]&Table1417192021[[#This Row],[OK <21 Dagar]]&Table1417192021[[#This Row],[Kommentar]] -> -----Frys innan täck
A37: 0.1 | B37: =Förutsättningar!M$25 -> 15 | C37: =Förutsättningar!N$25 -> 5 | D37: 20 | E37: 50 | F37: -15 | G37: 0 | H37: 11.3 | I37: OK14 | M37: =Table1417192021[[#This Row],[Slagg mängd]]&Table1417192021[[#This Row],[Gjuttemperatur]]&Table1417192021[[#This Row],[Temperatur motgjutningsyta]]&Table1417192021[[#This Row],[Väderskydd, uppvärmning (ingen vind)]]&Table1417192021[[#This Row],[Täckning '[mm']]]&Table1417192021[[#This Row],[OK <14 Dagar]]&Table1417192021[[#This Row],[OK <21 Dagar]]&Table1417192021[[#This Row],[Kommentar]] -> 0,11552050OK14
A38: 0.1 | B38: =Förutsättningar!M$25 -> 15 | C38: =Förutsättningar!N$25 -> 5 | D38: 20 | E38: 50 | F38: -15 | G38: 2 | H38: 11.8 | I38: OK14 | M38: =Table1417192021[[#This Row],[Slagg mängd]]&Table1417192021[[#This Row],[Gjuttemperatur]]&Table1417192021[[#This Row],[Temperatur motgjutningsyta]]&Table1417192021[[#This Row],[Väderskydd, uppvärmning (ingen vind)]]&Table1417192021[[#This Row],[Täckning '[mm']]]&Table1417192021[[#This Row],[OK <14 Dagar]]&Table1417192021[[#This Row],[OK <21 Dagar]]&Table1417192021[[#This Row],[Kommentar]] -> 0,11552050OK14
A39: - | B39: - | C39: - | D39: - | E39: - | F39: -15 | G39: 7 | L39: Frys innan täck | M39: =Table1417192021[[#This Row],[Slagg mängd]]&Table1417192021[[#This Row],[Gjuttemperatur]]&Table1417192021[[#This Row],[Temperatur motgjutningsyta]]&Table1417192021[[#This Row],[Väderskydd, uppvärmning (ingen vind)]]&Table1417192021[[#This Row],[Täckning '[mm']]]&Table1417192021[[#This Row],[OK <14 Dagar]]&Table1417192021[[#This Row],[OK <21 Dagar]]&Table1417192021[[#This Row],[Kommentar]] -> -----Frys innan täck
A40: - | B40: - | C40: - | D40: - | E40: - | F40: -15 | G40: 12 | L40: Frys innan täck | M40: =Table1417192021[[#This Row],[Slagg mängd]]&Table1417192021[[#This Row],[Gjuttemperatur]]&Table1417192021[[#This Row],[Temperatur motgjutningsyta]]&Table1417192021[[#This Row],[Väderskydd, uppvärmning (ingen vind)]]&Table1417192021[[#This Row],[Täckning '[mm']]]&Table1417192021[[#This Row],[OK <14 Dagar]]&Table1417192021[[#This Row],[OK <21 Dagar]]&Table1417192021[[#This Row],[Kommentar]] -> -----Frys innan täck
A41: - | B41: - | C41: - | D41: - | E41: - | F41: -15 | G41: 20 | L41: Frys innan täck | M41: =Table1417192021[[#This Row],[Slagg mängd]]&Table1417192021[[#This Row],[Gjuttemperatur]]&Table1417192021[[#This Row],[Temperatur motgjutningsyta]]&Table1417192021[[#This Row],[Väderskydd, uppvärmning (ingen vind)]]&Table1417192021[[#This Row],[Täckning '[mm']]]&Table1417192021[[#This Row],[OK <14 Dagar]]&Table1417192021[[#This Row],[OK <21 Dagar]]&Table1417192021[[#This Row],[Kommentar]] -> -----Frys innan täck
A42: - | B42: - | C42: - | D42: - | E42: - | F42: -20 | G42: 0 | L42: Når ej 70% | M42: =Table1417192021[[#This Row],[Slagg mängd]]&Table1417192021[[#This Row],[Gjuttemperatur]]&Table1417192021[[#This Row],[Temperatur motgjutningsyta]]&Table1417192021[[#This Row],[Väderskydd, uppvärmning (ingen vind)]]&Table1417192021[[#This Row],[Täckning '[mm']]]&Table1417192021[[#This Row],[OK <14 Dagar]]&Table1417192021[[#This Row],[OK <21 Dagar]]&Table1417192021[[#This Row],[Kommentar]] -> -----Når ej 70%
A43: - | B43: - | C43: - | D43: - | E43: - | F43: -20 | G43: 2 | L43: Når ej 70% | M43: =Table1417192021[[#This Row],[Slagg mängd]]&Table1417192021[[#This Row],[Gjuttemperatur]]&Table1417192021[[#This Row],[Temperatur motgjutningsyta]]&Table1417192021[[#This Row],[Väderskydd, uppvärmning (ingen vind)]]&Table1417192021[[#This Row],[Täckning '[mm']]]&Table1417192021[[#This Row],[OK <14 Dagar]]&Table1417192021[[#This Row],[OK <21 Dagar]]&Table1417192021[[#This Row],[Kommentar]] -> -----Når ej 70%
A44: - | B44: - | C44: - | D44: - | E44: - | F44: -20 | G44: 7 | L44: Frys innan täck | M44: =Table1417192021[[#This Row],[Slagg mängd]]&Table1417192021[[#This Row],[Gjuttemperatur]]&Table1417192021[[#This Row],[Temperatur motgjutningsyta]]&Table1417192021[[#This Row],[Väderskydd, uppvärmning (ingen vind)]]&Table1417192021[[#This Row],[Täckning '[mm']]]&Table1417192021[[#This Row],[OK <14 Dagar]]&Table1417192021[[#This Row],[OK <21 Dagar]]&Table1417192021[[#This Row],[Kommentar]] -> -----Frys innan täck
A45: - | B45: - | C45: - | D45: - | E45: - | F45: -20 | G45: 12 | L45: Frys innan täck | M45: =Table1417192021[[#This Row],[Slagg mängd]]&Table1417192021[[#This Row],[Gjuttemperatur]]&Table1417192021[[#This Row],[Temperatur motgjutningsyta]]&Table1417192021[[#This Row],[Väderskydd, uppvärmning (ingen vind)]]&Table1417192021[[#This Row],[Täckning '[mm']]]&Table1417192021[[#This Row],[OK <14 Dagar]]&Table1417192021[[#This Row],[OK <21 Dagar]]&Table1417192021[[#This Row],[Kommentar]] -> -----Frys innan täck
A46: - | B46: - | C46: - | D46: - | E46: - | F46: -20 | G46: 20 | L46: Frys innan täck | M46: =Table1417192021[[#This Row],[Slagg mängd]]&Table1417192021[[#This Row],[Gjuttemperatur]]&Table1417192021[[#This Row],[Temperatur motgjutningsyta]]&Table1417192021[[#This Row],[Väderskydd, uppvärmning (ingen vind)]]&Table1417192021[[#This Row],[Täckning '[mm']]]&Table1417192021[[#This Row],[OK <14 Dagar]]&Table1417192021[[#This Row],[OK <21 Dagar]]&Table1417192021[[#This Row],[Kommentar]] -> -----Frys innan täck

Sheet Bjälklag (C28-35)
A1: Slagg mängd | B1: Gjuttemperatur | C1: Temperatur motgjutningsyta | D1: Väderskydd, uppvärmning (ingen vind) | E1: Täckning [mm] | F1: Temperatur | G1: Vind | H1: <14 d och >70 % [Dagar] | I1: OK <14 Dagar | J1: <21 d och >70 % [Dagar] | K1: OK <21 Dagar | L1: Kommentar | M1: Åtgärdskåd
A2: 0.4 | B2: =Förutsättningar!M$18 -> 15 | C2: =Förutsättningar!N$18 -> 20 | D2: - | E2: - | F2: 20 | G2: 0 | H2: 6.5 | I2: OK14 | J2: 24.5 | M2: =Table14171920[[#This Row],[Slagg mängd]]&Table14171920[[#This Row],[Gjuttemperatur]]&Table14171920[[#This Row],[Temperatur motgjutningsyta]]&Table14171920[[#This Row],[Väderskydd, uppvärmning (ingen vind)]]&Table14171920[[#This Row],[Täckning '[mm']]]&Table14171920[[#This Row],[OK <14 Dagar]]&Table14171920[[#This Row],[OK <21 Dagar]]&Table14171920[[#This Row],[Kommentar]] -> 0,41520--OK14
A3: 0.4 | B3: =Förutsättningar!$M$18 -> 15 | C3: =Förutsättningar!N$18 -> 20 | D3: - | E3: - | F3: 20 | G3: 2 | H3: 7 | I3: OK14 | M3: =Table14171920[[#This Row],[Slagg mängd]]&Table14171920[[#This Row],[Gjuttemperatur]]&Table14171920[[#This Row],[Temperatur motgjutningsyta]]&Table14171920[[#This Row],[Väderskydd, uppvärmning (ingen vind)]]&Table14171920[[#This Row],[Täckning '[mm']]]&Table14171920[[#This Row],[OK <14 Dagar]]&Table14171920[[#This Row],[OK <21 Dagar]]&Table14171920[[#This Row],[Kommentar]] -> 0,41520--OK14
A4: 0.4 | B4: =Förutsättningar!$M$18 -> 15 | C4: =Förutsättningar!N$18 -> 20 | D4: - | E4: - | F4: 20 | G4: 7 | H4: 7.2 | I4: OK14 | M4: =Table14171920[[#This Row],[Slagg mängd]]&Table14171920[[#This Row],[Gjuttemperatur]]&Table14171920[[#This Row],[Temperatur motgjutningsyta]]&Table14171920[[#This Row],[Väderskydd, uppvärmning (ingen vind)]]&Table14171920[[#This Row],[Täckning '[mm']]]&Table14171920[[#This Row],[OK <14 Dagar]]&Table14171920[[#This Row],[OK <21 Dagar]]&Table14171920[[#This Row],[Kommentar]] -> 0,41520--OK14
A5: 0.4 | B5: =Förutsättningar!$M$18 -> 15 | C5: =Förutsättningar!N$18 -> 20 | D5: - | E5: - | F5: 20 | G5: 12 | H5: 7.3 | I5: OK14 | M5: =Table14171920[[#This Row],[Slagg mängd]]&Table14171920[[#This Row],[Gjuttemperatur]]&Table14171920[[#This Row],[Temperatur motgjutningsyta]]&Table14171920[[#This Row],[Väderskydd, uppvärmning (ingen vind)]]&Table14171920[[#This Row],[Täckning '[mm']]]&Table14171920[[#This Row],[OK <14 Dagar]]&Table14171920[[#This Row],[OK <21 Dagar]]&Table14171920[[#This Row],[Kommentar]] -> 0,41520--OK14
A6: 0.4 | B6: =Förutsättningar!$M$18 -> 15 | C6: =Förutsättningar!N$18 -> 20 | D6: - | E6: - | F6: 20 | G6: 20 | H6: 7.3 | I6: OK14 | M6: =Table14171920[[#This Row],[Slagg mängd]]&Table14171920[[#This Row],[Gjuttemperatur]]&Table14171920[[#This Row],[Temperatur motgjutningsyta]]&Table14171920[[#This Row],[Väderskydd, uppvärmning (ingen vind)]]&Table14171920[[#This Row],[Täckning '[mm']]]&Table14171920[[#This Row],[OK <14 Dagar]]&Table14171920[[#This Row],[OK <21 Dagar]]&Table14171920[[#This Row],[Kommentar]] -> 0,41520--OK14
A7: 0.4 | B7: =Förutsättningar!M$19 -> 15 | C7: =Förutsättningar!N$19 -> 15 | D7: - | E7: - | F7: 15 | G7: 0 | H7: 8.5 | I7: OK14 | M7: =Table14171920[[#This Row],[Slagg mängd]]&Table14171920[[#This Row],[Gjuttemperatur]]&Table14171920[[#This Row],[Temperatur motgjutningsyta]]&Table14171920[[#This Row],[Väderskydd, uppvärmning (ingen vind)]]&Table14171920[[#This Row],[Täckning '[mm']]]&Table14171920[[#This Row],[OK <14 Dagar]]&Table14171920[[#This Row],[OK <21 Dagar]]&Table14171920[[#This Row],[Kommentar]] -> 0,41515--OK14
A8: 0.4 | B8: =Förutsättningar!M$19 -> 15 | C8: =Förutsättningar!N$19 -> 15 | D8: - | E8: - | F8: 15 | G8: 2 | H8: 9.2 | I8: OK14 | M8: =Table14171920[[#This Row],[Slagg mängd]]&Table14171920[[#This Row],[Gjuttemperatur]]&Table14171920[[#This Row],[Temperatur motgjutningsyta]]&Table14171920[[#This Row],[Väderskydd, uppvärmning (ingen vind)]]&Table14171920[[#This Row],[Täckning '[mm']]]&Table14171920[[#This Row],[OK <14 Dagar]]&Table14171920[[#This Row],[OK <21 Dagar]]&Table14171920[[#This Row],[Kommentar]] -> 0,41515--OK14
A9: 0.4 | B9: =Förutsättningar!M$19 -> 15 | C9: =Förutsättningar!N$19 -> 15 | D9: - | E9: - | F9: 15 | G9: 7 | H9: 9.5 | I9: OK14 | M9: =Table14171920[[#This Row],[Slagg mängd]]&Table14171920[[#This Row],[Gjuttemperatur]]&Table14171920[[#This Row],[Temperatur motgjutningsyta]]&Table14171920[[#This Row],[Väderskydd, uppvärmning (ingen vind)]]&Table14171920[[#This Row],[Täckning '[mm']]]&Table14171920[[#This Row],[OK <14 Dagar]]&Table14171920[[#This Row],[OK <21 Dagar]]&Table14171920[[#This Row],[Kommentar]] -> 0,41515--OK14
A10: 0.4 | B10: =Förutsättningar!M$19 -> 15 | C10: =Förutsättningar!N$19 -> 15 | D10: - | E10: - | F10: 15 | G10: 12 | H10: 9.5 | I10: OK14 | M10: =Table14171920[[#This Row],[Slagg mängd]]&Table14171920[[#This Row],[Gjuttemperatur]]&Table14171920[[#This Row],[Temperatur motgjutningsyta]]&Table14171920[[#This Row],[Väderskydd, uppvärmning (ingen vind)]]&Table14171920[[#This Row],[Täckning '[mm']]]&Table14171920[[#This Row],[OK <14 Dagar]]&Table14171920[[#This Row],[OK <21 Dagar]]&Table14171920[[#This Row],[Kommentar]] -> 0,41515--OK14
A11: 0.4 | B11: =Förutsättningar!M$19 -> 15 | C11: =Förutsättningar!N$19 -> 15 | D11: - | E11: - | F11: 15 | G11: 20 | H11: 9.6 | I11: OK14 | M11: =Table14171920[[#This Row],[Slagg mängd]]&Table14171920[[#This Row],[Gjuttemperatur]]&Table14171920[[#This Row],[Temperatur motgjutningsyta]]&Table14171920[[#This Row],[Väderskydd, uppvärmning (ingen vind)]]&Table14171920[[#This Row],[Täckning '[mm']]]&Table14171920[[#This Row],[OK <14 Dagar]]&Table14171920[[#This Row],[OK <21 Dagar]]&Table14171920[[#This Row],[Kommentar]] -> 0,41515--OK14
A12: 0.4 | B12: =Förutsättningar!M$20 -> 15 | C12: =Förutsättningar!N$20 -> 10 | D12: - | E12: - | F12: 10 | G12: 0 | H12: 11.8 | I12: OK14 | M12: =Table14171920[[#This Row],[Slagg mängd]]&Table14171920[[#This Row],[Gjuttemperatur]]&Table14171920[[#This Row],[Temperatur motgjutningsyta]]&Table14171920[[#This Row],[Väderskydd, uppvärmning (ingen vind)]]&Table14171920[[#This Row],[Täckning '[mm']]]&Table14171920[[#This Row],[OK <14 Dagar]]&Table14171920[[#This Row],[OK <21 Dagar]]&Table14171920[[#This Row],[Kommentar]] -> 0,41510--OK14
A13: 0.4 | B13: =Förutsättningar!M$20 -> 15 | C13: =Förutsättningar!N$20 -> 10 | D13: - | E13: - | F13: 10 | G13: 2 | H13: 12.7 | I13: OK14 | M13: =Table14171920[[#This Row],[Slagg mängd]]&Table14171920[[#This Row],[Gjuttemperatur]]&Table14171920[[#This Row],[Temperatur motgjutningsyta]]&Table14171920[[#This Row],[Väderskydd, uppvärmning (ingen vind)]]&Table14171920[[#This Row],[Täckning '[mm']]]&Table14171920[[#This Row],[OK <14 Dagar]]&Table14171920[[#This Row],[OK <21 Dagar]]&Table14171920[[#This Row],[Kommentar]] -> 0,41510--OK14
A14: 0.4 | B14: =Förutsättningar!M$20 -> 15 | C14: =Förutsättningar!N$20 -> 10 | D14: - | E14: - | F14: 10 | G14: 7 | H14: 13 | I14: OK14 | M14: =Table14171920[[#This Row],[Slagg mängd]]&Table14171920[[#This Row],[Gjuttemperatur]]&Table14171920[[#This Row],[Temperatur motgjutningsyta]]&Table14171920[[#This Row],[Väderskydd, uppvärmning (ingen vind)]]&Table14171920[[#This Row],[Täckning '[mm']]]&Table14171920[[#This Row],[OK <14 Dagar]]&Table14171920[[#This Row],[OK <21 Dagar]]&Table14171920[[#This Row],[Kommentar]] -> 0,41510--OK14
A15: 0.4 | B15: =Förutsättningar!M$20 -> 15 | C15: =Förutsättningar!N$20 -> 10 | D15: - | E15: - | F15: 10 | G15: 12 | H15: 13.1 | I15: OK14 | M15: =Table14171920[[#This Row],[Slagg mängd]]&Table14171920[[#This Row],[Gjuttemperatur]]&Table14171920[[#This Row],[Temperatur motgjutningsyta]]&Table14171920[[#This Row],[Väderskydd, uppvärmning (ingen vind)]]&Table14171920[[#This Row],[Täckning '[mm']]]&Table14171920[[#This Row],[OK <14 Dagar]]&Table14171920[[#This Row],[OK <21 Dagar]]&Table14171920[[#This Row],[Kommentar]] -> 0,41510--OK14
A16: 0.4 | B16: =Förutsättningar!M$20 -> 15 | C16: =Förutsättningar!N$20 -> 10 | D16: - | E16: - | F16: 10 | G16: 20 | H16: 13.2 | I16: OK14 | M16: =Table14171920[[#This Row],[Slagg mängd]]&Table14171920[[#This Row],[Gjuttemperatur]]&Table14171920[[#This Row],[Temperatur motgjutningsyta]]&Table14171920[[#This Row],[Väderskydd, uppvärmning (ingen vind)]]&Table14171920[[#This Row],[Täckning '[mm']]]&Table14171920[[#This Row],[OK <14 Dagar]]&Table14171920[[#This Row],[OK <21 Dagar]]&Table14171920[[#This Row],[Kommentar]] -> 0,41510--OK14
A17: 0.4 | B17: =Förutsättningar!M$21 -> 20 | C17: =Förutsättningar!N$21 -> 5 | D17: 0 | E17: 50 | F17: 5 | G17: 0 | H17: 14 | I17: OK14 | M17: =Table14171920[[#This Row],[Slagg mängd]]&Table14171920[[#This Row],[Gjuttemperatur]]&Table14171920[[#This Row],[Temperatur motgjutningsyta]]&Table14171920[[#This Row],[Väderskydd, uppvärmning (ingen vind)]]&Table14171920[[#This Row],[Täckning '[mm']]]&Table14171920[[#This Row],[OK <14 Dagar]]&Table14171920[[#This Row],[OK <21 Dagar]]&Table14171920[[#This Row],[Kommentar]] -> 0,4205050OK14
A18: 0.4 | B18: =Förutsättningar!M$21 -> 20 | C18: =Förutsättningar!N$21 -> 5 | D18: 20 | E18: - | F18: 5 | G18: 2 | H18: 11.2 | I18: OK14 | M18: =Table14171920[[#This Row],[Slagg mängd]]&Table14171920[[#This Row],[Gjuttemperatur]]&Table14171920[[#This Row],[Temperatur motgjutningsyta]]&Table14171920[[#This Row],[Väderskydd, uppvärmning (ingen vind)]]&Table14171920[[#This Row],[Täckning '[mm']]]&Table14171920[[#This Row],[OK <14 Dagar]]&Table14171920[[#This Row],[OK <21 Dagar]]&Table14171920[[#This Row],[Kommentar]] -> 0,420520-OK14
A19: 0.4 | B19: =Förutsättningar!M$21 -> 20 | C19: =Förutsättningar!N$21 -> 5 | D19: 20 | E19: - | F19: 5 | G19: 7 | H19: 13.2 | I19: OK14 | M19: =Table14171920[[#This Row],[Slagg mängd]]&Table14171920[[#This Row],[Gjuttemperatur]]&Table14171920[[#This Row],[Temperatur motgjutningsyta]]&Table14171920[[#This Row],[Väderskydd, uppvärmning (ingen vind)]]&Table14171920[[#This Row],[Täckning '[mm']]]&Table14171920[[#This Row],[OK <14 Dagar]]&Table14171920[[#This Row],[OK <21 Dagar]]&Table14171920[[#This Row],[Kommentar]] -> 0,420520-OK14
A20: 0.4 | B20: =Förutsättningar!M$21 -> 20 | C20: =Förutsättningar!N$21 -> 5 | D20: 20 | E20: - | F20: 5 | G20: 12 | H20: 13.8 | I20: OK14 | M20: =Table14171920[[#This Row],[Slagg mängd]]&Table14171920[[#This Row],[Gjuttemperatur]]&Table14171920[[#This Row],[Temperatur motgjutningsyta]]&Table14171920[[#This Row],[Väderskydd, uppvärmning (ingen vind)]]&Table14171920[[#This Row],[Täckning '[mm']]]&Table14171920[[#This Row],[OK <14 Dagar]]&Table14171920[[#This Row],[OK <21 Dagar]]&Table14171920[[#This Row],[Kommentar]] -> 0,420520-OK14
A21: 0.4 | B21: =Förutsättningar!M$21 -> 20 | C21: =Förutsättningar!N$21 -> 5 | D21: 20 | E21: Presenning | F21: 5 | G21: 20 | H21: 12.4 | I21: OK14 | M21: =Table14171920[[#This Row],[Slagg mängd]]&Table14171920[[#This Row],[Gjuttemperatur]]&Table14171920[[#This Row],[Temperatur motgjutningsyta]]&Table14171920[[#This Row],[Väderskydd, uppvärmning (ingen vind)]]&Table14171920[[#This Row],[Täckning '[mm']]]&Table14171920[[#This Row],[OK <14 Dagar]]&Table14171920[[#This Row],[OK <21 Dagar]]&Table14171920[[#This Row],[Kommentar]] -> 0,420520PresenningOK14
A22: 0.4 | B22: =Förutsättningar!M$22 -> 20 | C22: =Förutsättningar!N$22 -> 5 | D22: 20 | E22: - | F22: 0 | G22: 0 | H22: 13.5 | I22: OK14 | M22: =Table14171920[[#This Row],[Slagg mängd]]&Table14171920[[#This Row],[Gjuttemperatur]]&Table14171920[[#This Row],[Temperatur motgjutningsyta]]&Table14171920[[#This Row],[Väderskydd, uppvärmning (ingen vind)]]&Table14171920[[#This Row],[Täckning '[mm']]]&Table14171920[[#This Row],[OK <14 Dagar]]&Table14171920[[#This Row],[OK <21 Dagar]]&Table14171920[[#This Row],[Kommentar]] -> 0,420520-OK14
A23: 0.4 | B23: =Förutsättningar!M$22 -> 20 | C23: =Förutsättningar!N$22 -> 5 | D23: 20 | E23: 10 | F23: 0 | G23: 2 | H23: 9.9 | I23: OK14 | M23: =Table14171920[[#This Row],[Slagg mängd]]&Table14171920[[#This Row],[Gjuttemperatur]]&Table14171920[[#This Row],[Temperatur motgjutningsyta]]&Table14171920[[#This Row],[Väderskydd, uppvärmning (ingen vind)]]&Table14171920[[#This Row],[Täckning '[mm']]]&Table14171920[[#This Row],[OK <14 Dagar]]&Table14171920[[#This Row],[OK <21 Dagar]]&Table14171920[[#This Row],[Kommentar]] -> 0,42052010OK14
A24: 0.4 | B24: =Förutsättningar!M$22 -> 20 | C24: =Förutsättningar!N$22 -> 5 | D24: 20 | E24: 10 | F24: 0 | G24: 7 | H24: 10.6 | I24: OK14 | M24: =Table14171920[[#This Row],[Slagg mängd]]&Table14171920[[#This Row],[Gjuttemperatur]]&Table14171920[[#This Row],[Temperatur motgjutningsyta]]&Table14171920[[#This Row],[Väderskydd, uppvärmning (ingen vind)]]&Table14171920[[#This Row],[Täckning '[mm']]]&Table14171920[[#This Row],[OK <14 Dagar]]&Table14171920[[#This Row],[OK <21 Dagar]]&Table14171920[[#This Row],[Kommentar]] -> 0,42052010OK14
A25: 0.4 | B25: =Förutsättningar!M$22 -> 20 | C25: =Förutsättningar!N$22 -> 5 | D25: 20 | E25: 10 | F25: 0 | G25: 12 | H25: 10.8 | I25: OK14 | M25: =Table14171920[[#This Row],[Slagg mängd]]&Table14171920[[#This Row],[Gjuttemperatur]]&Table14171920[[#This Row],[Temperatur motgjutningsyta]]&Table14171920[[#This Row],[Väderskydd, uppvärmning (ingen vind)]]&Table14171920[[#This Row],[Täckning '[mm']]]&Table14171920[[#This Row],[OK <14 Dagar]]&Table14171920[[#This Row],[OK <21 Dagar]]&Table14171920[[#This Row],[Kommentar]] -> 0,42052010OK14
A26: 0.4 | B26: =Förutsättningar!M$22 -> 20 | C26: =Förutsättningar!N$22 -> 5 | D26: 20 | E26: 10 | F26: 0 | G26: 20 | H26: 10.9 | I26: OK14 | M26: =Table14171920[[#This Row],[Slagg mängd]]&Table14171920[[#This Row],[Gjuttemperatur]]&Table14171920[[#This Row],[Temperatur motgjutningsyta]]&Table14171920[[#This Row],[Väderskydd, uppvärmning (ingen vind)]]&Table14171920[[#This Row],[Täckning '[mm']]]&Table14171920[[#This Row],[OK <14 Dagar]]&Table14171920[[#This Row],[OK <21 Dagar]]&Table14171920[[#This Row],[Kommentar]] -> 0,42052010OK14
A27: 0.4 | B27: =Förutsättningar!M$23 -> 20 | C27: =Förutsättningar!N$23 -> 5 | D27: 20 | E27: 10 | F27: -5 | G27: 0 | H27: 12.5 | I27: OK14 | M27: =Table14171920[[#This Row],[Slagg mängd]]&Table14171920[[#This Row],[Gjuttemperatur]]&Table14171920[[#This Row],[Temperatur motgjutningsyta]]&Table14171920[[#This Row],[Väderskydd, uppvärmning (ingen vind)]]&Table14171920[[#This Row],[Täckning '[mm']]]&Table14171920[[#This Row],[OK <14 Dagar]]&Table14171920[[#This Row],[OK <21 Dagar]]&Table14171920[[#This Row],[Kommentar]] -> 0,42052010OK14
A28: 0.4 | B28: =Förutsättningar!M$23 -> 20 | C28: =Förutsättningar!N$23 -> 5 | D28: 20 | E28: 20 | F28: -5 | G28: 2 | H28: 11.3 | I28: OK14 | M28: =Table14171920[[#This Row],[Slagg mängd]]&Table14171920[[#This Row],[Gjuttemperatur]]&Table14171920[[#This Row],[Temperatur motgjutningsyta]]&Table14171920[[#This Row],[Väderskydd, uppvärmning (ingen vind)]]&Table14171920[[#This Row],[Täckning '[mm']]]&Table14171920[[#This Row],[OK <14 Dagar]]&Table14171920[[#This Row],[OK <21 Dagar]]&Table14171920[[#This Row],[Kommentar]] -> 0,42052020OK14
A29: 0.4 | B29: =Förutsättningar!M$23 -> 20 | C29: =Förutsättningar!N$23 -> 5 | D29: 20 | E29: 20 | F29: -5 | G29: 7 | H29: 11.9 | I29: OK14 | M29: =Table14171920[[#This Row],[Slagg mängd]]&Table14171920[[#This Row],[Gjuttemperatur]]&Table14171920[[#This Row],[Temperatur motgjutningsyta]]&Table14171920[[#This Row],[Väderskydd, uppvärmning (ingen vind)]]&Table14171920[[#This Row],[Täckning '[mm']]]&Table14171920[[#This Row],[OK <14 Dagar]]&Table14171920[[#This Row],[OK <21 Dagar]]&Table14171920[[#This Row],[Kommentar]] -> 0,42052020OK14
A30: 0.4 | B30: =Förutsättningar!M$23 -> 20 | C30: =Förutsättningar!N$23 -> 5 | D30: 20 | E30: 20 | F30: -5 | G30: 12 | H30: 12 | I30: OK14 | M30: =Table14171920[[#This Row],[Slagg mängd]]&Table14171920[[#This Row],[Gjuttemperatur]]&Table14171920[[#This Row],[Temperatur motgjutningsyta]]&Table14171920[[#This Row],[Väderskydd, uppvärmning (ingen vind)]]&Table14171920[[#This Row],[Täckning '[mm']]]&Table14171920[[#This Row],[OK <14 Dagar]]&Table14171920[[#This Row],[OK <21 Dagar]]&Table14171920[[#This Row],[Kommentar]] -> 0,42052020OK14
A31: 0.4 | B31: =Förutsättningar!M$23 -> 20 | C31: =Förutsättningar!N$23 -> 5 | D31: 20 | E31: 20 | F31: -5 | G31: 20 | H31: 12.2 | I31: OK14 | M31: =Table14171920[[#This Row],[Slagg mängd]]&Table14171920[[#This Row],[Gjuttemperatur]]&Table14171920[[#This Row],[Temperatur motgjutningsyta]]&Table14171920[[#This Row],[Väderskydd, uppvärmning (ingen vind)]]&Table14171920[[#This Row],[Täckning '[mm']]]&Table14171920[[#This Row],[OK <14 Dagar]]&Table14171920[[#This Row],[OK <21 Dagar]]&Table14171920[[#This Row],[Kommentar]] -> 0,42052020OK14
A32: 0.4 | B32: =Förutsättningar!M$24 -> 20 | C32: =Förutsättningar!N$24 -> 5 | D32: 20 | E32: 30 | F32: -10 | G32: 0 | H32: 13.9 | I32: OK14 | M32: =Table14171920[[#This Row],[Slagg mängd]]&Table14171920[[#This Row],[Gjuttemperatur]]&Table14171920[[#This Row],[Temperatur motgjutningsyta]]&Table14171920[[#This Row],[Väderskydd, uppvärmning (ingen vind)]]&Table14171920[[#This Row],[Täckning '[mm']]]&Table14171920[[#This Row],[OK <14 Dagar]]&Table14171920[[#This Row],[OK <21 Dagar]]&Table14171920[[#This Row],[Kommentar]] -> 0,42052030OK14
A33: 0.4 | B33: =Förutsättningar!M$24 -> 20 | C33: =Förutsättningar!N$24 -> 5 | D33: 20 | E33: 50 | F33: -10 | G33: 2 | H33: 12 | I33: OK14 | M33: =Table14171920[[#This Row],[Slagg mängd]]&Table14171920[[#This Row],[Gjuttemperatur]]&Table14171920[[#This Row],[Temperatur motgjutningsyta]]&Table14171920[[#This Row],[Väderskydd, uppvärmning (ingen vind)]]&Table14171920[[#This Row],[Täckning '[mm']]]&Table14171920[[#This Row],[OK <14 Dagar]]&Table14171920[[#This Row],[OK <21 Dagar]]&Table14171920[[#This Row],[Kommentar]] -> 0,42052050OK14
A34: 0.4 | B34: =Förutsättningar!M$24 -> 20 | C34: =Förutsättningar!N$24 -> 5 | D34: 20 | E34: 50 | F34: -10 | G34: 7 | H34: 12.4 | I34: OK14 | M34: =Table14171920[[#This Row],[Slagg mängd]]&Table14171920[[#This Row],[Gjuttemperatur]]&Table14171920[[#This Row],[Temperatur motgjutningsyta]]&Table14171920[[#This Row],[Väderskydd, uppvärmning (ingen vind)]]&Table14171920[[#This Row],[Täckning '[mm']]]&Table14171920[[#This Row],[OK <14 Dagar]]&Table14171920[[#This Row],[OK <21 Dagar]]&Table14171920[[#This Row],[Kommentar]] -> 0,42052050OK14
A35: - | B35: - | C35: - | D35: - | E35: - | F35: -10 | G35: 12 | L35: Frys innan täck | M35: =Table14171920[[#This Row],[Slagg mängd]]&Table14171920[[#This Row],[Gjuttemperatur]]&Table14171920[[#This Row],[Temperatur motgjutningsyta]]&Table14171920[[#This Row],[Väderskydd, uppvärmning (ingen vind)]]&Table14171920[[#This Row],[Täckning '[mm']]]&Table14171920[[#This Row],[OK <14 Dagar]]&Table14171920[[#This Row],[OK <21 Dagar]]&Table14171920[[#This Row],[Kommentar]] -> -----Frys innan täck
A36: - | B36: - | C36: - | D36: - | E36: - | F36: -10 | G36: 20 | L36: Frys innan täck | M36: =Table14171920[[#This Row],[Slagg mängd]]&Table14171920[[#This Row],[Gjuttemperatur]]&Table14171920[[#This Row],[Temperatur motgjutningsyta]]&Table14171920[[#This Row],[Väderskydd, uppvärmning (ingen vind)]]&Table14171920[[#This Row],[Täckning '[mm']]]&Table14171920[[#This Row],[OK <14 Dagar]]&Table14171920[[#This Row],[OK <21 Dagar]]&Table14171920[[#This Row],[Kommentar]] -> -----Frys innan täck
A37: 0.2 | B37: =Förutsättningar!M$25 -> 15 | C37: =Förutsättningar!N$25 -> 5 | D37: 20 | E37: 50 | F37: -15 | G37: 0 | H37: 13 | I37: OK14 | M37: =Table14171920[[#This Row],[Slagg mängd]]&Table14171920[[#This Row],[Gjuttemperatur]]&Table14171920[[#This Row],[Temperatur motgjutningsyta]]&Table14171920[[#This Row],[Väderskydd, uppvärmning (ingen vind)]]&Table14171920[[#This Row],[Täckning '[mm']]]&Table14171920[[#This Row],[OK <14 Dagar]]&Table14171920[[#This Row],[OK <21 Dagar]]&Table14171920[[#This Row],[Kommentar]] -> 0,21552050OK14
A38: 0.2 | B38: =Förutsättningar!M$25 -> 15 | C38: =Förutsättningar!N$25 -> 5 | D38: 20 | E38: 50 | F38: -15 | G38: 2 | H38: 13.6 | I38: OK14 | M38: =Table14171920[[#This Row],[Slagg mängd]]&Table14171920[[#This Row],[Gjuttemperatur]]&Table14171920[[#This Row],[Temperatur motgjutningsyta]]&Table14171920[[#This Row],[Väderskydd, uppvärmning (ingen vind)]]&Table14171920[[#This Row],[Täckning '[mm']]]&Table14171920[[#This Row],[OK <14 Dagar]]&Table14171920[[#This Row],[OK <21 Dagar]]&Table14171920[[#This Row],[Kommentar]] -> 0,21552050OK14
A39: - | B39: - | C39: - | D39: - | E39: - | F39: -15 | G39: 7 | L39: Frys innan täck | M39: =Table14171920[[#This Row],[Slagg mängd]]&Table14171920[[#This Row],[Gjuttemperatur]]&Table14171920[[#This Row],[Temperatur motgjutningsyta]]&Table14171920[[#This Row],[Väderskydd, uppvärmning (ingen vind)]]&Table14171920[[#This Row],[Täckning '[mm']]]&Table14171920[[#This Row],[OK <14 Dagar]]&Table14171920[[#This Row],[OK <21 Dagar]]&Table14171920[[#This Row],[Kommentar]] -> -----Frys innan täck
A40: - | B40: - | C40: - | D40: - | E40: - | F40: -15 | G40: 12 | L40: Frys innan täck | M40: =Table14171920[[#This Row],[Slagg mängd]]&Table14171920[[#This Row],[Gjuttemperatur]]&Table14171920[[#This Row],[Temperatur motgjutningsyta]]&Table14171920[[#This Row],[Väderskydd, uppvärmning (ingen vind)]]&Table14171920[[#This Row],[Täckning '[mm']]]&Table14171920[[#This Row],[OK <14 Dagar]]&Table14171920[[#This Row],[OK <21 Dagar]]&Table14171920[[#This Row],[Kommentar]] -> -----Frys innan täck
A41: - | B41: - | C41: - | D41: - | E41: - | F41: -15 | G41: 20 | L41: Frys innan täck | M41: =Table14171920[[#This Row],[Slagg mängd]]&Table14171920[[#This Row],[Gjuttemperatur]]&Table14171920[[#This Row],[Temperatur motgjutningsyta]]&Table14171920[[#This Row],[Väderskydd, uppvärmning (ingen vind)]]&Table14171920[[#This Row],[Täckning '[mm']]]&Table14171920[[#This Row],[OK <14 Dagar]]&Table14171920[[#This Row],[OK <21 Dagar]]&Table14171920[[#This Row],[Kommentar]] -> -----Frys innan täck
A42: - | B42: - | C42: - | D42: - | E42: - | F42: -20 | G42: 0 | L42: Når ej 70% | M42: =Table14171920[[#This Row],[Slagg mängd]]&Table14171920[[#This Row],[Gjuttemperatur]]&Table14171920[[#This Row],[Temperatur motgjutningsyta]]&Table14171920[[#This Row],[Väderskydd, uppvärmning (ingen vind)]]&Table14171920[[#This Row],[Täckning '[mm']]]&Table14171920[[#This Row],[OK <14 Dagar]]&Table14171920[[#This Row],[OK <21 Dagar]]&Table14171920[[#This Row],[Kommentar]] -> -----Når ej 70%
A43: - | B43: - | C43: - | D43: - | E43: - | F43: -20 | G43: 2 | L43: Når ej 70% | M43: =Table14171920[[#This Row],[Slagg mängd]]&Table14171920[[#This Row],[Gjuttemperatur]]&Table14171920[[#This Row],[Temperatur motgjutningsyta]]&Table14171920[[#This Row],[Väderskydd, uppvärmning (ingen vind)]]&Table14171920[[#This Row],[Täckning '[mm']]]&Table14171920[[#This Row],[OK <14 Dagar]]&Table14171920[[#This Row],[OK <21 Dagar]]&Table14171920[[#This Row],[Kommentar]] -> -----Når ej 70%
A44: - | B44: - | C44: - | D44: - | E44: - | F44: -20 | G44: 7 | L44: Frys innan täck | M44: =Table14171920[[#This Row],[Slagg mängd]]&Table14171920[[#This Row],[Gjuttemperatur]]&Table14171920[[#This Row],[Temperatur motgjutningsyta]]&Table14171920[[#This Row],[Väderskydd, uppvärmning (ingen vind)]]&Table14171920[[#This Row],[Täckning '[mm']]]&Table14171920[[#This Row],[OK <14 Dagar]]&Table14171920[[#This Row],[OK <21 Dagar]]&Table14171920[[#This Row],[Kommentar]] -> -----Frys innan täck
A45: - | B45: - | C45: - | D45: - | E45: - | F45: -20 | G45: 12 | L45: Frys innan täck | M45: =Table14171920[[#This Row],[Slagg mängd]]&Table14171920[[#This Row],[Gjuttemperatur]]&Table14171920[[#This Row],[Temperatur motgjutningsyta]]&Table14171920[[#This Row],[Väderskydd, uppvärmning (ingen vind)]]&Table14171920[[#This Row],[Täckning '[mm']]]&Table14171920[[#This Row],[OK <14 Dagar]]&Table14171920[[#This Row],[OK <21 Dagar]]&Table14171920[[#This Row],[Kommentar]] -> -----Frys innan täck
A46: - | B46: - | C46: - | D46: - | E46: - | F46: -20 | G46: 20 | L46: Frys innan täck | M46: =Table14171920[[#This Row],[Slagg mängd]]&Table14171920[[#This Row],[Gjuttemperatur]]&Table14171920[[#This Row],[Temperatur motgjutningsyta]]&Table14171920[[#This Row],[Väderskydd, uppvärmning (ingen vind)]]&Table14171920[[#This Row],[Täckning '[mm']]]&Table14171920[[#This Row],[OK <14 Dagar]]&Table14171920[[#This Row],[OK <21 Dagar]]&Table14171920[[#This Row],[Kommentar]] -> -----Frys innan täck

Sheet Bjälklag (C30-37)
A1: Slagg mängd | B1: Gjuttemperatur | C1: Temperatur motgjutningsyta | D1: Väderskydd, uppvärmning (ingen vind) | E1: Täckning [mm] | F1: Temperatur | G1: Vind | H1: <14 d och >70 % [Dagar] | I1: OK <14 Dagar | J1: <21 d och >70 % [Dagar] | K1: OK <21 Dagar | L1: Kommentar | M1: Åtgärdskåd
A2: 0.4 | B2: =Förutsättningar!M$18 -> 15 | C2: =Förutsättningar!N$18 -> 20 | D2: - | E2: - | F2: 20 | G2: 0 | H2: 6.3 | I2: OK14 | J2: 25.9 | M2: =Table141719[[#This Row],[Slagg mängd]]&Table141719[[#This Row],[Gjuttemperatur]]&Table141719[[#This Row],[Temperatur motgjutningsyta]]&Table141719[[#This Row],[Väderskydd, uppvärmning (ingen vind)]]&Table141719[[#This Row],[Täckning '[mm']]]&Table141719[[#This Row],[OK <14 Dagar]]&Table141719[[#This Row],[OK <21 Dagar]]&Table141719[[#This Row],[Kommentar]] -> 0,41520--OK14
A3: 0.4 | B3: =Förutsättningar!$M$18 -> 15 | C3: =Förutsättningar!N$18 -> 20 | D3: - | E3: - | F3: 20 | G3: 2 | H3: 6.8 | I3: OK14 | M3: =Table141719[[#This Row],[Slagg mängd]]&Table141719[[#This Row],[Gjuttemperatur]]&Table141719[[#This Row],[Temperatur motgjutningsyta]]&Table141719[[#This Row],[Väderskydd, uppvärmning (ingen vind)]]&Table141719[[#This Row],[Täckning '[mm']]]&Table141719[[#This Row],[OK <14 Dagar]]&Table141719[[#This Row],[OK <21 Dagar]]&Table141719[[#This Row],[Kommentar]] -> 0,41520--OK14
A4: 0.4 | B4: =Förutsättningar!$M$18 -> 15 | C4: =Förutsättningar!N$18 -> 20 | D4: - | E4: - | F4: 20 | G4: 7 | H4: 7 | I4: OK14 | M4: =Table141719[[#This Row],[Slagg mängd]]&Table141719[[#This Row],[Gjuttemperatur]]&Table141719[[#This Row],[Temperatur motgjutningsyta]]&Table141719[[#This Row],[Väderskydd, uppvärmning (ingen vind)]]&Table141719[[#This Row],[Täckning '[mm']]]&Table141719[[#This Row],[OK <14 Dagar]]&Table141719[[#This Row],[OK <21 Dagar]]&Table141719[[#This Row],[Kommentar]] -> 0,41520--OK14
A5: 0.4 | B5: =Förutsättningar!$M$18 -> 15 | C5: =Förutsättningar!N$18 -> 20 | D5: - | E5: - | F5: 20 | G5: 12 | H5: 7 | I5: OK14 | M5: =Table141719[[#This Row],[Slagg mängd]]&Table141719[[#This Row],[Gjuttemperatur]]&Table141719[[#This Row],[Temperatur motgjutningsyta]]&Table141719[[#This Row],[Väderskydd, uppvärmning (ingen vind)]]&Table141719[[#This Row],[Täckning '[mm']]]&Table141719[[#This Row],[OK <14 Dagar]]&Table141719[[#This Row],[OK <21 Dagar]]&Table141719[[#This Row],[Kommentar]] -> 0,41520--OK14
A6: 0.4 | B6: =Förutsättningar!$M$18 -> 15 | C6: =Förutsättningar!N$18 -> 20 | D6: - | E6: - | F6: 20 | G6: 20 | H6: 7.1 | I6: OK14 | M6: =Table141719[[#This Row],[Slagg mängd]]&Table141719[[#This Row],[Gjuttemperatur]]&Table141719[[#This Row],[Temperatur motgjutningsyta]]&Table141719[[#This Row],[Väderskydd, uppvärmning (ingen vind)]]&Table141719[[#This Row],[Täckning '[mm']]]&Table141719[[#This Row],[OK <14 Dagar]]&Table141719[[#This Row],[OK <21 Dagar]]&Table141719[[#This Row],[Kommentar]] -> 0,41520--OK14
A7: 0.4 | B7: =Förutsättningar!M$19 -> 15 | C7: =Förutsättningar!N$19 -> 15 | D7: - | E7: - | F7: 15 | G7: 0 | H7: 8.2 | I7: OK14 | M7: =Table141719[[#This Row],[Slagg mängd]]&Table141719[[#This Row],[Gjuttemperatur]]&Table141719[[#This Row],[Temperatur motgjutningsyta]]&Table141719[[#This Row],[Väderskydd, uppvärmning (ingen vind)]]&Table141719[[#This Row],[Täckning '[mm']]]&Table141719[[#This Row],[OK <14 Dagar]]&Table141719[[#This Row],[OK <21 Dagar]]&Table141719[[#This Row],[Kommentar]] -> 0,41515--OK14
A8: 0.4 | B8: =Förutsättningar!M$19 -> 15 | C8: =Förutsättningar!N$19 -> 15 | D8: - | E8: - | F8: 15 | G8: 2 | H8: 8.9 | I8: OK14 | M8: =Table141719[[#This Row],[Slagg mängd]]&Table141719[[#This Row],[Gjuttemperatur]]&Table141719[[#This Row],[Temperatur motgjutningsyta]]&Table141719[[#This Row],[Väderskydd, uppvärmning (ingen vind)]]&Table141719[[#This Row],[Täckning '[mm']]]&Table141719[[#This Row],[OK <14 Dagar]]&Table141719[[#This Row],[OK <21 Dagar]]&Table141719[[#This Row],[Kommentar]] -> 0,41515--OK14
A9: 0.4 | B9: =Förutsättningar!M$19 -> 15 | C9: =Förutsättningar!N$19 -> 15 | D9: - | E9: - | F9: 15 | G9: 7 | H9: 9.2 | I9: OK14 | M9: =Table141719[[#This Row],[Slagg mängd]]&Table141719[[#This Row],[Gjuttemperatur]]&Table141719[[#This Row],[Temperatur motgjutningsyta]]&Table141719[[#This Row],[Väderskydd, uppvärmning (ingen vind)]]&Table141719[[#This Row],[Täckning '[mm']]]&Table141719[[#This Row],[OK <14 Dagar]]&Table141719[[#This Row],[OK <21 Dagar]]&Table141719[[#This Row],[Kommentar]] -> 0,41515--OK14
A10: 0.4 | B10: =Förutsättningar!M$19 -> 15 | C10: =Förutsättningar!N$19 -> 15 | D10: - | E10: - | F10: 15 | G10: 12 | H10: 9.3 | I10: OK14 | M10: =Table141719[[#This Row],[Slagg mängd]]&Table141719[[#This Row],[Gjuttemperatur]]&Table141719[[#This Row],[Temperatur motgjutningsyta]]&Table141719[[#This Row],[Väderskydd, uppvärmning (ingen vind)]]&Table141719[[#This Row],[Täckning '[mm']]]&Table141719[[#This Row],[OK <14 Dagar]]&Table141719[[#This Row],[OK <21 Dagar]]&Table141719[[#This Row],[Kommentar]] -> 0,41515--OK14
A11: 0.4 | B11: =Förutsättningar!M$19 -> 15 | C11: =Förutsättningar!N$19 -> 15 | D11: - | E11: - | F11: 15 | G11: 20 | H11: 9.3 | I11: OK14 | M11: =Table141719[[#This Row],[Slagg mängd]]&Table141719[[#This Row],[Gjuttemperatur]]&Table141719[[#This Row],[Temperatur motgjutningsyta]]&Table141719[[#This Row],[Väderskydd, uppvärmning (ingen vind)]]&Table141719[[#This Row],[Täckning '[mm']]]&Table141719[[#This Row],[OK <14 Dagar]]&Table141719[[#This Row],[OK <21 Dagar]]&Table141719[[#This Row],[Kommentar]] -> 0,41515--OK14
A12: 0.4 | B12: =Förutsättningar!M$20 -> 15 | C12: =Förutsättningar!N$20 -> 10 | D12: - | E12: - | F12: 10 | G12: 0 | H12: 11.3 | I12: OK14 | M12: =Table141719[[#This Row],[Slagg mängd]]&Table141719[[#This Row],[Gjuttemperatur]]&Table141719[[#This Row],[Temperatur motgjutningsyta]]&Table141719[[#This Row],[Väderskydd, uppvärmning (ingen vind)]]&Table141719[[#This Row],[Täckning '[mm']]]&Table141719[[#This Row],[OK <14 Dagar]]&Table141719[[#This Row],[OK <21 Dagar]]&Table141719[[#This Row],[Kommentar]] -> 0,41510--OK14
A13: 0.4 | B13: =Förutsättningar!M$20 -> 15 | C13: =Förutsättningar!N$20 -> 10 | D13: - | E13: - | F13: 10 | G13: 2 | H13: 12.2 | I13: OK14 | M13: =Table141719[[#This Row],[Slagg mängd]]&Table141719[[#This Row],[Gjuttemperatur]]&Table141719[[#This Row],[Temperatur motgjutningsyta]]&Table141719[[#This Row],[Väderskydd, uppvärmning (ingen vind)]]&Table141719[[#This Row],[Täckning '[mm']]]&Table141719[[#This Row],[OK <14 Dagar]]&Table141719[[#This Row],[OK <21 Dagar]]&Table141719[[#This Row],[Kommentar]] -> 0,41510--OK14
A14: 0.4 | B14: =Förutsättningar!M$20 -> 15 | C14: =Förutsättningar!N$20 -> 10 | D14: - | E14: - | F14: 10 | G14: 7 | H14: 12.6 | I14: OK14 | M14: =Table141719[[#This Row],[Slagg mängd]]&Table141719[[#This Row],[Gjuttemperatur]]&Table141719[[#This Row],[Temperatur motgjutningsyta]]&Table141719[[#This Row],[Väderskydd, uppvärmning (ingen vind)]]&Table141719[[#This Row],[Täckning '[mm']]]&Table141719[[#This Row],[OK <14 Dagar]]&Table141719[[#This Row],[OK <21 Dagar]]&Table141719[[#This Row],[Kommentar]] -> 0,41510--OK14
A15: 0.4 | B15: =Förutsättningar!M$20 -> 15 | C15: =Förutsättningar!N$20 -> 10 | D15: - | E15: - | F15: 10 | G15: 12 | H15: 12.7 | I15: OK14 | M15: =Table141719[[#This Row],[Slagg mängd]]&Table141719[[#This Row],[Gjuttemperatur]]&Table141719[[#This Row],[Temperatur motgjutningsyta]]&Table141719[[#This Row],[Väderskydd, uppvärmning (ingen vind)]]&Table141719[[#This Row],[Täckning '[mm']]]&Table141719[[#This Row],[OK <14 Dagar]]&Table141719[[#This Row],[OK <21 Dagar]]&Table141719[[#This Row],[Kommentar]] -> 0,41510--OK14
A16: 0.4 | B16: =Förutsättningar!M$20 -> 15 | C16: =Förutsättningar!N$20 -> 10 | D16: - | E16: - | F16: 10 | G16: 20 | H16: 12.8 | I16: OK14 | M16: =Table141719[[#This Row],[Slagg mängd]]&Table141719[[#This Row],[Gjuttemperatur]]&Table141719[[#This Row],[Temperatur motgjutningsyta]]&Table141719[[#This Row],[Väderskydd, uppvärmning (ingen vind)]]&Table141719[[#This Row],[Täckning '[mm']]]&Table141719[[#This Row],[OK <14 Dagar]]&Table141719[[#This Row],[OK <21 Dagar]]&Table141719[[#This Row],[Kommentar]] -> 0,41510--OK14
A17: 0.4 | B17: =Förutsättningar!M$21 -> 20 | C17: =Förutsättningar!N$21 -> 5 | D17: 0 | E17: 30 | F17: 5 | G17: 0 | H17: 14 | I17: OK14 | M17: =Table141719[[#This Row],[Slagg mängd]]&Table141719[[#This Row],[Gjuttemperatur]]&Table141719[[#This Row],[Temperatur motgjutningsyta]]&Table141719[[#This Row],[Väderskydd, uppvärmning (ingen vind)]]&Table141719[[#This Row],[Täckning '[mm']]]&Table141719[[#This Row],[OK <14 Dagar]]&Table141719[[#This Row],[OK <21 Dagar]]&Table141719[[#This Row],[Kommentar]] -> 0,4205030OK14
A18: 0.4 | B18: =Förutsättningar!M$21 -> 20 | C18: =Förutsättningar!N$21 -> 5 | D18: 0 | E18: 50 | F18: 5 | G18: 2 | H18: 13.5 | I18: OK14 | M18: =Table141719[[#This Row],[Slagg mängd]]&Table141719[[#This Row],[Gjuttemperatur]]&Table141719[[#This Row],[Temperatur motgjutningsyta]]&Table141719[[#This Row],[Väderskydd, uppvärmning (ingen vind)]]&Table141719[[#This Row],[Täckning '[mm']]]&Table141719[[#This Row],[OK <14 Dagar]]&Table141719[[#This Row],[OK <21 Dagar]]&Table141719[[#This Row],[Kommentar]] -> 0,4205050OK14
A19: 0.4 | B19: =Förutsättningar!M$21 -> 20 | C19: =Förutsättningar!N$21 -> 5 | D19: 0 | E19: 50 | F19: 5 | G19: 7 | H19: 13.7 | I19: OK14 | M19: =Table141719[[#This Row],[Slagg mängd]]&Table141719[[#This Row],[Gjuttemperatur]]&Table141719[[#This Row],[Temperatur motgjutningsyta]]&Table141719[[#This Row],[Väderskydd, uppvärmning (ingen vind)]]&Table141719[[#This Row],[Täckning '[mm']]]&Table141719[[#This Row],[OK <14 Dagar]]&Table141719[[#This Row],[OK <21 Dagar]]&Table141719[[#This Row],[Kommentar]] -> 0,4205050OK14
A20: 0.4 | B20: =Förutsättningar!M$21 -> 20 | C20: =Förutsättningar!N$21 -> 5 | D20: 0 | E20: 50 | F20: 5 | G20: 12 | H20: 13.8 | I20: OK14 | M20: =Table141719[[#This Row],[Slagg mängd]]&Table141719[[#This Row],[Gjuttemperatur]]&Table141719[[#This Row],[Temperatur motgjutningsyta]]&Table141719[[#This Row],[Väderskydd, uppvärmning (ingen vind)]]&Table141719[[#This Row],[Täckning '[mm']]]&Table141719[[#This Row],[OK <14 Dagar]]&Table141719[[#This Row],[OK <21 Dagar]]&Table141719[[#This Row],[Kommentar]] -> 0,4205050OK14
A21: 0.4 | B21: =Förutsättningar!M$21 -> 20 | C21: =Förutsättningar!N$21 -> 5 | D21: 0 | E21: 50 | F21: 5 | G21: 20 | H21: 13.8 | I21: OK14 | M21: =Table141719[[#This Row],[Slagg mängd]]&Table141719[[#This Row],[Gjuttemperatur]]&Table141719[[#This Row],[Temperatur motgjutningsyta]]&Table141719[[#This Row],[Väderskydd, uppvärmning (ingen vind)]]&Table141719[[#This Row],[Täckning '[mm']]]&Table141719[[#This Row],[OK <14 Dagar]]&Table141719[[#This Row],[OK <21 Dagar]]&Table141719[[#This Row],[Kommentar]] -> 0,4205050OK14
A22: 0.4 | B22: =Förutsättningar!M$22 -> 20 | C22: =Förutsättningar!N$22 -> 5 | D22: 20 | E22: - | F22: 0 | G22: 0 | H22: 11.7 | I22: OK14 | M22: =Table141719[[#This Row],[Slagg mängd]]&Table141719[[#This Row],[Gjuttemperatur]]&Table141719[[#This Row],[Temperatur motgjutningsyta]]&Table141719[[#This Row],[Väderskydd, uppvärmning (ingen vind)]]&Table141719[[#This Row],[Täckning '[mm']]]&Table141719[[#This Row],[OK <14 Dagar]]&Table141719[[#This Row],[OK <21 Dagar]]&Table141719[[#This Row],[Kommentar]] -> 0,420520-OK14
A23: 0.4 | B23: =Förutsättningar!M$22 -> 20 | C23: =Förutsättningar!N$22 -> 5 | D23: 20 | E23: Presenning | F23: 0 | G23: 2 | H23: 14 | I23: OK14 | M23: =Table141719[[#This Row],[Slagg mängd]]&Table141719[[#This Row],[Gjuttemperatur]]&Table141719[[#This Row],[Temperatur motgjutningsyta]]&Table141719[[#This Row],[Väderskydd, uppvärmning (ingen vind)]]&Table141719[[#This Row],[Täckning '[mm']]]&Table141719[[#This Row],[OK <14 Dagar]]&Table141719[[#This Row],[OK <21 Dagar]]&Table141719[[#This Row],[Kommentar]] -> 0,420520PresenningOK14
A24: 0.4 | B24: =Förutsättningar!M$22 -> 20 | C24: =Förutsättningar!N$22 -> 5 | D24: 20 | E24: 10 | F24: 0 | G24: 7 | H24: 10.2 | I24: OK14 | M24: =Table141719[[#This Row],[Slagg mängd]]&Table141719[[#This Row],[Gjuttemperatur]]&Table141719[[#This Row],[Temperatur motgjutningsyta]]&Table141719[[#This Row],[Väderskydd, uppvärmning (ingen vind)]]&Table141719[[#This Row],[Täckning '[mm']]]&Table141719[[#This Row],[OK <14 Dagar]]&Table141719[[#This Row],[OK <21 Dagar]]&Table141719[[#This Row],[Kommentar]] -> 0,42052010OK14
A25: 0.4 | B25: =Förutsättningar!M$22 -> 20 | C25: =Förutsättningar!N$22 -> 5 | D25: 20 | E25: 10 | F25: 0 | G25: 12 | H25: 10.3 | I25: OK14 | M25: =Table141719[[#This Row],[Slagg mängd]]&Table141719[[#This Row],[Gjuttemperatur]]&Table141719[[#This Row],[Temperatur motgjutningsyta]]&Table141719[[#This Row],[Väderskydd, uppvärmning (ingen vind)]]&Table141719[[#This Row],[Täckning '[mm']]]&Table141719[[#This Row],[OK <14 Dagar]]&Table141719[[#This Row],[OK <21 Dagar]]&Table141719[[#This Row],[Kommentar]] -> 0,42052010OK14
A26: 0.4 | B26: =Förutsättningar!M$22 -> 20 | C26: =Förutsättningar!N$22 -> 5 | D26: 20 | E26: 10 | F26: 0 | G26: 20 | H26: 10.5 | I26: OK14 | M26: =Table141719[[#This Row],[Slagg mängd]]&Table141719[[#This Row],[Gjuttemperatur]]&Table141719[[#This Row],[Temperatur motgjutningsyta]]&Table141719[[#This Row],[Väderskydd, uppvärmning (ingen vind)]]&Table141719[[#This Row],[Täckning '[mm']]]&Table141719[[#This Row],[OK <14 Dagar]]&Table141719[[#This Row],[OK <21 Dagar]]&Table141719[[#This Row],[Kommentar]] -> 0,42052010OK14
A27: 0.4 | B27: =Förutsättningar!M$23 -> 20 | C27: =Förutsättningar!N$23 -> 5 | D27: 20 | E27: 10 | F27: -5 | G27: 0 | H27: 12 | I27: OK14 | M27: =Table141719[[#This Row],[Slagg mängd]]&Table141719[[#This Row],[Gjuttemperatur]]&Table141719[[#This Row],[Temperatur motgjutningsyta]]&Table141719[[#This Row],[Väderskydd, uppvärmning (ingen vind)]]&Table141719[[#This Row],[Täckning '[mm']]]&Table141719[[#This Row],[OK <14 Dagar]]&Table141719[[#This Row],[OK <21 Dagar]]&Table141719[[#This Row],[Kommentar]] -> 0,42052010OK14
A28: 0.4 | B28: =Förutsättningar!M$23 -> 20 | C28: =Förutsättningar!N$23 -> 5 | D28: 20 | E28: 10 | F28: -5 | G28: 2 | H28: 13.6 | I28: OK14 | M28: =Table141719[[#This Row],[Slagg mängd]]&Table141719[[#This Row],[Gjuttemperatur]]&Table141719[[#This Row],[Temperatur motgjutningsyta]]&Table141719[[#This Row],[Väderskydd, uppvärmning (ingen vind)]]&Table141719[[#This Row],[Täckning '[mm']]]&Table141719[[#This Row],[OK <14 Dagar]]&Table141719[[#This Row],[OK <21 Dagar]]&Table141719[[#This Row],[Kommentar]] -> 0,42052010OK14
A29: 0.4 | B29: =Förutsättningar!M$23 -> 20 | C29: =Förutsättningar!N$23 -> 5 | D29: 20 | E29: 20 | F29: -5 | G29: 7 | H29: 11.3 | I29: OK14 | M29: =Table141719[[#This Row],[Slagg mängd]]&Table141719[[#This Row],[Gjuttemperatur]]&Table141719[[#This Row],[Temperatur motgjutningsyta]]&Table141719[[#This Row],[Väderskydd, uppvärmning (ingen vind)]]&Table141719[[#This Row],[Täckning '[mm']]]&Table141719[[#This Row],[OK <14 Dagar]]&Table141719[[#This Row],[OK <21 Dagar]]&Table141719[[#This Row],[Kommentar]] -> 0,42052020OK14
A30: 0.4 | B30: =Förutsättningar!M$23 -> 20 | C30: =Förutsättningar!N$23 -> 5 | D30: 20 | E30: 20 | F30: -5 | G30: 12 | H30: 11.5 | I30: OK14 | M30: =Table141719[[#This Row],[Slagg mängd]]&Table141719[[#This Row],[Gjuttemperatur]]&Table141719[[#This Row],[Temperatur motgjutningsyta]]&Table141719[[#This Row],[Väderskydd, uppvärmning (ingen vind)]]&Table141719[[#This Row],[Täckning '[mm']]]&Table141719[[#This Row],[OK <14 Dagar]]&Table141719[[#This Row],[OK <21 Dagar]]&Table141719[[#This Row],[Kommentar]] -> 0,42052020OK14
A31: 0.4 | B31: =Förutsättningar!M$23 -> 20 | C31: =Förutsättningar!N$23 -> 5 | D31: 20 | E31: 20 | F31: -5 | G31: 20 | H31: 11.6 | I31: OK14 | M31: =Table141719[[#This Row],[Slagg mängd]]&Table141719[[#This Row],[Gjuttemperatur]]&Table141719[[#This Row],[Temperatur motgjutningsyta]]&Table141719[[#This Row],[Väderskydd, uppvärmning (ingen vind)]]&Table141719[[#This Row],[Täckning '[mm']]]&Table141719[[#This Row],[OK <14 Dagar]]&Table141719[[#This Row],[OK <21 Dagar]]&Table141719[[#This Row],[Kommentar]] -> 0,42052020OK14
A32: 0.4 | B32: =Förutsättningar!M$24 -> 20 | C32: =Förutsättningar!N$24 -> 5 | D32: 20 | E32: 30 | F32: -10 | G32: 0 | H32: 13.2 | I32: OK14 | M32: =Table141719[[#This Row],[Slagg mängd]]&Table141719[[#This Row],[Gjuttemperatur]]&Table141719[[#This Row],[Temperatur motgjutningsyta]]&Table141719[[#This Row],[Väderskydd, uppvärmning (ingen vind)]]&Table141719[[#This Row],[Täckning '[mm']]]&Table141719[[#This Row],[OK <14 Dagar]]&Table141719[[#This Row],[OK <21 Dagar]]&Table141719[[#This Row],[Kommentar]] -> 0,42052030OK14
A33: 0.4 | B33: =Förutsättningar!M$24 -> 20 | C33: =Förutsättningar!N$24 -> 5 | D33: 20 | E33: 30 | F33: -10 | G33: 2 | H33: 14 | I33: OK14 | M33: =Table141719[[#This Row],[Slagg mängd]]&Table141719[[#This Row],[Gjuttemperatur]]&Table141719[[#This Row],[Temperatur motgjutningsyta]]&Table141719[[#This Row],[Väderskydd, uppvärmning (ingen vind)]]&Table141719[[#This Row],[Täckning '[mm']]]&Table141719[[#This Row],[OK <14 Dagar]]&Table141719[[#This Row],[OK <21 Dagar]]&Table141719[[#This Row],[Kommentar]] -> 0,42052030OK14
A34: 0.4 | B34: =Förutsättningar!M$24 -> 20 | C34: =Förutsättningar!N$24 -> 5 | D34: 20 | E34: 50 | F34: -10 | G34: 7 | H34: 11.8 | I34: OK14 | M34: =Table141719[[#This Row],[Slagg mängd]]&Table141719[[#This Row],[Gjuttemperatur]]&Table141719[[#This Row],[Temperatur motgjutningsyta]]&Table141719[[#This Row],[Väderskydd, uppvärmning (ingen vind)]]&Table141719[[#This Row],[Täckning '[mm']]]&Table141719[[#This Row],[OK <14 Dagar]]&Table141719[[#This Row],[OK <21 Dagar]]&Table141719[[#This Row],[Kommentar]] -> 0,42052050OK14
A35: - | B35: - | C35: - | D35: - | E35: - | F35: -10 | G35: 12 | L35: Frys innan täck | M35: =Table141719[[#This Row],[Slagg mängd]]&Table141719[[#This Row],[Gjuttemperatur]]&Table141719[[#This Row],[Temperatur motgjutningsyta]]&Table141719[[#This Row],[Väderskydd, uppvärmning (ingen vind)]]&Table141719[[#This Row],[Täckning '[mm']]]&Table141719[[#This Row],[OK <14 Dagar]]&Table141719[[#This Row],[OK <21 Dagar]]&Table141719[[#This Row],[Kommentar]] -> -----Frys innan täck
A36: - | B36: - | C36: - | D36: - | E36: - | F36: -10 | G36: 20 | L36: Frys innan täck | M36: =Table141719[[#This Row],[Slagg mängd]]&Table141719[[#This Row],[Gjuttemperatur]]&Table141719[[#This Row],[Temperatur motgjutningsyta]]&Table141719[[#This Row],[Väderskydd, uppvärmning (ingen vind)]]&Table141719[[#This Row],[Täckning '[mm']]]&Table141719[[#This Row],[OK <14 Dagar]]&Table141719[[#This Row],[OK <21 Dagar]]&Table141719[[#This Row],[Kommentar]] -> -----Frys innan täck
A37: 0.2 | B37: =Förutsättningar!M$25 -> 15 | C37: =Förutsättningar!N$25 -> 5 | D37: 20 | E37: 50 | F37: -15 | G37: 0 | H37: 12.1 | I37: OK14 | M37: =Table141719[[#This Row],[Slagg mängd]]&Table141719[[#This Row],[Gjuttemperatur]]&Table141719[[#This Row],[Temperatur motgjutningsyta]]&Table141719[[#This Row],[Väderskydd, uppvärmning (ingen vind)]]&Table141719[[#This Row],[Täckning '[mm']]]&Table141719[[#This Row],[OK <14 Dagar]]&Table141719[[#This Row],[OK <21 Dagar]]&Table141719[[#This Row],[Kommentar]] -> 0,21552050OK14
A38: 0.1 | B38: =Förutsättningar!M$25 -> 15 | C38: =Förutsättningar!N$25 -> 5 | D38: 20 | E38: 50 | F38: -15 | G38: 2 | H38: 12.7 | I38: OK14 | M38: =Table141719[[#This Row],[Slagg mängd]]&Table141719[[#This Row],[Gjuttemperatur]]&Table141719[[#This Row],[Temperatur motgjutningsyta]]&Table141719[[#This Row],[Väderskydd, uppvärmning (ingen vind)]]&Table141719[[#This Row],[Täckning '[mm']]]&Table141719[[#This Row],[OK <14 Dagar]]&Table141719[[#This Row],[OK <21 Dagar]]&Table141719[[#This Row],[Kommentar]] -> 0,11552050OK14
A39: - | B39: - | C39: - | D39: - | E39: - | F39: -15 | G39: 7 | L39: Frys innan täck | M39: =Table141719[[#This Row],[Slagg mängd]]&Table141719[[#This Row],[Gjuttemperatur]]&Table141719[[#This Row],[Temperatur motgjutningsyta]]&Table141719[[#This Row],[Väderskydd, uppvärmning (ingen vind)]]&Table141719[[#This Row],[Täckning '[mm']]]&Table141719[[#This Row],[OK <14 Dagar]]&Table141719[[#This Row],[OK <21 Dagar]]&Table141719[[#This Row],[Kommentar]] -> -----Frys innan täck
A40: - | B40: - | C40: - | D40: - | E40: - | F40: -15 | G40: 12 | L40: Frys innan täck | M40: =Table141719[[#This Row],[Slagg mängd]]&Table141719[[#This Row],[Gjuttemperatur]]&Table141719[[#This Row],[Temperatur motgjutningsyta]]&Table141719[[#This Row],[Väderskydd, uppvärmning (ingen vind)]]&Table141719[[#This Row],[Täckning '[mm']]]&Table141719[[#This Row],[OK <14 Dagar]]&Table141719[[#This Row],[OK <21 Dagar]]&Table141719[[#This Row],[Kommentar]] -> -----Frys innan täck
A41: - | B41: - | C41: - | D41: - | E41: - | F41: -15 | G41: 20 | L41: Frys innan täck | M41: =Table141719[[#This Row],[Slagg mängd]]&Table141719[[#This Row],[Gjuttemperatur]]&Table141719[[#This Row],[Temperatur motgjutningsyta]]&Table141719[[#This Row],[Väderskydd, uppvärmning (ingen vind)]]&Table141719[[#This Row],[Täckning '[mm']]]&Table141719[[#This Row],[OK <14 Dagar]]&Table141719[[#This Row],[OK <21 Dagar]]&Table141719[[#This Row],[Kommentar]] -> -----Frys innan täck
A42: - | B42: - | C42: - | D42: - | E42: - | F42: -20 | G42: 0 | L42: Når ej 70% | M42: =Table141719[[#This Row],[Slagg mängd]]&Table141719[[#This Row],[Gjuttemperatur]]&Table141719[[#This Row],[Temperatur motgjutningsyta]]&Table141719[[#This Row],[Väderskydd, uppvärmning (ingen vind)]]&Table141719[[#This Row],[Täckning '[mm']]]&Table141719[[#This Row],[OK <14 Dagar]]&Table141719[[#This Row],[OK <21 Dagar]]&Table141719[[#This Row],[Kommentar]] -> -----Når ej 70%
A43: - | B43: - | C43: - | D43: - | E43: - | F43: -20 | G43: 2 | L43: Når ej 70% | M43: =Table141719[[#This Row],[Slagg mängd]]&Table141719[[#This Row],[Gjuttemperatur]]&Table141719[[#This Row],[Temperatur motgjutningsyta]]&Table141719[[#This Row],[Väderskydd, uppvärmning (ingen vind)]]&Table141719[[#This Row],[Täckning '[mm']]]&Table141719[[#This Row],[OK <14 Dagar]]&Table141719[[#This Row],[OK <21 Dagar]]&Table141719[[#This Row],[Kommentar]] -> -----Når ej 70%
A44: - | B44: - | C44: - | D44: - | E44: - | F44: -20 | G44: 7 | L44: Frys innan täck | M44: =Table141719[[#This Row],[Slagg mängd]]&Table141719[[#This Row],[Gjuttemperatur]]&Table141719[[#This Row],[Temperatur motgjutningsyta]]&Table141719[[#This Row],[Väderskydd, uppvärmning (ingen vind)]]&Table141719[[#This Row],[Täckning '[mm']]]&Table141719[[#This Row],[OK <14 Dagar]]&Table141719[[#This Row],[OK <21 Dagar]]&Table141719[[#This Row],[Kommentar]] -> -----Frys innan täck
A45: - | B45: - | C45: - | D45: - | E45: - | F45: -20 | G45: 12 | L45: Frys innan täck | M45: =Table141719[[#This Row],[Slagg mängd]]&Table141719[[#This Row],[Gjuttemperatur]]&Table141719[[#This Row],[Temperatur motgjutningsyta]]&Table141719[[#This Row],[Väderskydd, uppvärmning (ingen vind)]]&Table141719[[#This Row],[Täckning '[mm']]]&Table141719[[#This Row],[OK <14 Dagar]]&Table141719[[#This Row],[OK <21 Dagar]]&Table141719[[#This Row],[Kommentar]] -> -----Frys innan täck
A46: - | B46: - | C46: - | D46: - | E46: - | F46: -20 | G46: 20 | L46: Frys innan täck | M46: =Table141719[[#This Row],[Slagg mängd]]&Table141719[[#This Row],[Gjuttemperatur]]&Table141719[[#This Row],[Temperatur motgjutningsyta]]&Table141719[[#This Row],[Väderskydd, uppvärmning (ingen vind)]]&Table141719[[#This Row],[Täckning '[mm']]]&Table141719[[#This Row],[OK <14 Dagar]]&Table141719[[#This Row],[OK <21 Dagar]]&Table141719[[#This Row],[Kommentar]] -> -----Frys innan täck

Sheet Bjälklag (C32-40)
A1: Slagg mängd | B1: Gjuttemperatur | C1: Temperatur motgjutningsyta | D1: Väderskydd, uppvärmning (ingen vind) | E1: Täckning [mm] | F1: Temperatur | G1: Vind | H1: <14 d och >70 % [Dagar] | I1: OK <14 Dagar | J1: <21 d och >70 % [Dagar] | K1: OK <21 Dagar | L1: Kommentar | M1: Åtgärdskåd
A2: 0.4 | B2: =Förutsättningar!M$18 -> 15 | C2: =Förutsättningar!N$18 -> 20 | D2: - | E2: - | F2: 20 | G2: 0 | H2: 6 | I2: OK14 | M2: =Table1417[[#This Row],[Slagg mängd]]&Table1417[[#This Row],[Gjuttemperatur]]&Table1417[[#This Row],[Temperatur motgjutningsyta]]&Table1417[[#This Row],[Väderskydd, uppvärmning (ingen vind)]]&Table1417[[#This Row],[Täckning '[mm']]]&Table1417[[#This Row],[OK <14 Dagar]]&Table1417[[#This Row],[OK <21 Dagar]]&Table1417[[#This Row],[Kommentar]] -> 0,41520--OK14
A3: 0.4 | B3: =Förutsättningar!$M$18 -> 15 | C3: =Förutsättningar!N$18 -> 20 | D3: - | E3: - | F3: 20 | G3: 2 | H3: 6.5 | I3: OK14 | M3: =Table1417[[#This Row],[Slagg mängd]]&Table1417[[#This Row],[Gjuttemperatur]]&Table1417[[#This Row],[Temperatur motgjutningsyta]]&Table1417[[#This Row],[Väderskydd, uppvärmning (ingen vind)]]&Table1417[[#This Row],[Täckning '[mm']]]&Table1417[[#This Row],[OK <14 Dagar]]&Table1417[[#This Row],[OK <21 Dagar]]&Table1417[[#This Row],[Kommentar]] -> 0,41520--OK14
A4: 0.4 | B4: =Förutsättningar!$M$18 -> 15 | C4: =Förutsättningar!N$18 -> 20 | D4: - | E4: - | F4: 20 | G4: 7 | H4: 6.7 | I4: OK14 | M4: =Table1417[[#This Row],[Slagg mängd]]&Table1417[[#This Row],[Gjuttemperatur]]&Table1417[[#This Row],[Temperatur motgjutningsyta]]&Table1417[[#This Row],[Väderskydd, uppvärmning (ingen vind)]]&Table1417[[#This Row],[Täckning '[mm']]]&Table1417[[#This Row],[OK <14 Dagar]]&Table1417[[#This Row],[OK <21 Dagar]]&Table1417[[#This Row],[Kommentar]] -> 0,41520--OK14
A5: 0.4 | B5: =Förutsättningar!$M$18 -> 15 | C5: =Förutsättningar!N$18 -> 20 | D5: - | E5: - | F5: 20 | G5: 12 | H5: 6.8 | I5: OK14 | M5: =Table1417[[#This Row],[Slagg mängd]]&Table1417[[#This Row],[Gjuttemperatur]]&Table1417[[#This Row],[Temperatur motgjutningsyta]]&Table1417[[#This Row],[Väderskydd, uppvärmning (ingen vind)]]&Table1417[[#This Row],[Täckning '[mm']]]&Table1417[[#This Row],[OK <14 Dagar]]&Table1417[[#This Row],[OK <21 Dagar]]&Table1417[[#This Row],[Kommentar]] -> 0,41520--OK14
A6: 0.4 | B6: =Förutsättningar!$M$18 -> 15 | C6: =Förutsättningar!N$18 -> 20 | D6: - | E6: - | F6: 20 | G6: 20 | H6: 6.8 | I6: OK14 | M6: =Table1417[[#This Row],[Slagg mängd]]&Table1417[[#This Row],[Gjuttemperatur]]&Table1417[[#This Row],[Temperatur motgjutningsyta]]&Table1417[[#This Row],[Väderskydd, uppvärmning (ingen vind)]]&Table1417[[#This Row],[Täckning '[mm']]]&Table1417[[#This Row],[OK <14 Dagar]]&Table1417[[#This Row],[OK <21 Dagar]]&Table1417[[#This Row],[Kommentar]] -> 0,41520--OK14
A7: 0.4 | B7: =Förutsättningar!M$19 -> 15 | C7: =Förutsättningar!N$19 -> 15 | D7: - | E7: - | F7: 15 | G7: 0 | H7: 7.8 | I7: OK14 | M7: =Table1417[[#This Row],[Slagg mängd]]&Table1417[[#This Row],[Gjuttemperatur]]&Table1417[[#This Row],[Temperatur motgjutningsyta]]&Table1417[[#This Row],[Väderskydd, uppvärmning (ingen vind)]]&Table1417[[#This Row],[Täckning '[mm']]]&Table1417[[#This Row],[OK <14 Dagar]]&Table1417[[#This Row],[OK <21 Dagar]]&Table1417[[#This Row],[Kommentar]] -> 0,41515--OK14
A8: 0.4 | B8: =Förutsättningar!M$19 -> 15 | C8: =Förutsättningar!N$19 -> 15 | D8: - | E8: - | F8: 15 | G8: 2 | H8: 8.5 | I8: OK14 | M8: =Table1417[[#This Row],[Slagg mängd]]&Table1417[[#This Row],[Gjuttemperatur]]&Table1417[[#This Row],[Temperatur motgjutningsyta]]&Table1417[[#This Row],[Väderskydd, uppvärmning (ingen vind)]]&Table1417[[#This Row],[Täckning '[mm']]]&Table1417[[#This Row],[OK <14 Dagar]]&Table1417[[#This Row],[OK <21 Dagar]]&Table1417[[#This Row],[Kommentar]] -> 0,41515--OK14
A9: 0.4 | B9: =Förutsättningar!M$19 -> 15 | C9: =Förutsättningar!N$19 -> 15 | D9: - | E9: - | F9: 15 | G9: 7 | H9: 8.9 | I9: OK14 | M9: =Table1417[[#This Row],[Slagg mängd]]&Table1417[[#This Row],[Gjuttemperatur]]&Table1417[[#This Row],[Temperatur motgjutningsyta]]&Table1417[[#This Row],[Väderskydd, uppvärmning (ingen vind)]]&Table1417[[#This Row],[Täckning '[mm']]]&Table1417[[#This Row],[OK <14 Dagar]]&Table1417[[#This Row],[OK <21 Dagar]]&Table1417[[#This Row],[Kommentar]] -> 0,41515--OK14
A10: 0.4 | B10: =Förutsättningar!M$19 -> 15 | C10: =Förutsättningar!N$19 -> 15 | D10: - | E10: - | F10: 15 | G10: 12 | H10: 8.9 | I10: OK14 | M10: =Table1417[[#This Row],[Slagg mängd]]&Table1417[[#This Row],[Gjuttemperatur]]&Table1417[[#This Row],[Temperatur motgjutningsyta]]&Table1417[[#This Row],[Väderskydd, uppvärmning (ingen vind)]]&Table1417[[#This Row],[Täckning '[mm']]]&Table1417[[#This Row],[OK <14 Dagar]]&Table1417[[#This Row],[OK <21 Dagar]]&Table1417[[#This Row],[Kommentar]] -> 0,41515--OK14
A11: 0.4 | B11: =Förutsättningar!M$19 -> 15 | C11: =Förutsättningar!N$19 -> 15 | D11: - | E11: - | F11: 15 | G11: 20 | H11: 8.9 | I11: OK14 | M11: =Table1417[[#This Row],[Slagg mängd]]&Table1417[[#This Row],[Gjuttemperatur]]&Table1417[[#This Row],[Temperatur motgjutningsyta]]&Table1417[[#This Row],[Väderskydd, uppvärmning (ingen vind)]]&Table1417[[#This Row],[Täckning '[mm']]]&Table1417[[#This Row],[OK <14 Dagar]]&Table1417[[#This Row],[OK <21 Dagar]]&Table1417[[#This Row],[Kommentar]] -> 0,41515--OK14
A12: 0.4 | B12: =Förutsättningar!M$20 -> 15 | C12: =Förutsättningar!N$20 -> 10 | D12: - | E12: - | F12: 10 | G12: 0 | H12: 10.8 | I12: OK14 | M12: =Table1417[[#This Row],[Slagg mängd]]&Table1417[[#This Row],[Gjuttemperatur]]&Table1417[[#This Row],[Temperatur motgjutningsyta]]&Table1417[[#This Row],[Väderskydd, uppvärmning (ingen vind)]]&Table1417[[#This Row],[Täckning '[mm']]]&Table1417[[#This Row],[OK <14 Dagar]]&Table1417[[#This Row],[OK <21 Dagar]]&Table1417[[#This Row],[Kommentar]] -> 0,41510--OK14
A13: 0.4 | B13: =Förutsättningar!M$20 -> 15 | C13: =Förutsättningar!N$20 -> 10 | D13: - | E13: - | F13: 10 | G13: 2 | H13: 11.7 | I13: OK14 | M13: =Table1417[[#This Row],[Slagg mängd]]&Table1417[[#This Row],[Gjuttemperatur]]&Table1417[[#This Row],[Temperatur motgjutningsyta]]&Table1417[[#This Row],[Väderskydd, uppvärmning (ingen vind)]]&Table1417[[#This Row],[Täckning '[mm']]]&Table1417[[#This Row],[OK <14 Dagar]]&Table1417[[#This Row],[OK <21 Dagar]]&Table1417[[#This Row],[Kommentar]] -> 0,41510--OK14
A14: 0.4 | B14: =Förutsättningar!M$20 -> 15 | C14: =Förutsättningar!N$20 -> 10 | D14: - | E14: - | F14: 10 | G14: 7 | H14: 12.1 | I14: OK14 | M14: =Table1417[[#This Row],[Slagg mängd]]&Table1417[[#This Row],[Gjuttemperatur]]&Table1417[[#This Row],[Temperatur motgjutningsyta]]&Table1417[[#This Row],[Väderskydd, uppvärmning (ingen vind)]]&Table1417[[#This Row],[Täckning '[mm']]]&Table1417[[#This Row],[OK <14 Dagar]]&Table1417[[#This Row],[OK <21 Dagar]]&Table1417[[#This Row],[Kommentar]] -> 0,41510--OK14
A15: 0.4 | B15: =Förutsättningar!M$20 -> 15 | C15: =Förutsättningar!N$20 -> 10 | D15: - | E15: - | F15: 10 | G15: 12 | H15: 12.2 | I15: OK14 | M15: =Table1417[[#This Row],[Slagg mängd]]&Table1417[[#This Row],[Gjuttemperatur]]&Table1417[[#This Row],[Temperatur motgjutningsyta]]&Table1417[[#This Row],[Väderskydd, uppvärmning (ingen vind)]]&Table1417[[#This Row],[Täckning '[mm']]]&Table1417[[#This Row],[OK <14 Dagar]]&Table1417[[#This Row],[OK <21 Dagar]]&Table1417[[#This Row],[Kommentar]] -> 0,41510--OK14
A16: 0.4 | B16: =Förutsättningar!M$20 -> 15 | C16: =Förutsättningar!N$20 -> 10 | D16: - | E16: - | F16: 10 | G16: 20 | H16: 12.2 | I16: OK14 | M16: =Table1417[[#This Row],[Slagg mängd]]&Table1417[[#This Row],[Gjuttemperatur]]&Table1417[[#This Row],[Temperatur motgjutningsyta]]&Table1417[[#This Row],[Väderskydd, uppvärmning (ingen vind)]]&Table1417[[#This Row],[Täckning '[mm']]]&Table1417[[#This Row],[OK <14 Dagar]]&Table1417[[#This Row],[OK <21 Dagar]]&Table1417[[#This Row],[Kommentar]] -> 0,41510--OK14
A17: 0.4 | B17: =Förutsättningar!M$21 -> 20 | C17: =Förutsättningar!N$21 -> 5 | D17: 0 | E17: 20 | F17: 5 | G17: 0 | H17: 13.4 | I17: OK14 | M17: =Table1417[[#This Row],[Slagg mängd]]&Table1417[[#This Row],[Gjuttemperatur]]&Table1417[[#This Row],[Temperatur motgjutningsyta]]&Table1417[[#This Row],[Väderskydd, uppvärmning (ingen vind)]]&Table1417[[#This Row],[Täckning '[mm']]]&Table1417[[#This Row],[OK <14 Dagar]]&Table1417[[#This Row],[OK <21 Dagar]]&Table1417[[#This Row],[Kommentar]] -> 0,4205020OK14
A18: 0.4 | B18: =Förutsättningar!M$21 -> 20 | C18: =Förutsättningar!N$21 -> 5 | D18: 0 | E18: 20 | F18: 5 | G18: 2 | H18: 13.8 | I18: OK14 | M18: =Table1417[[#This Row],[Slagg mängd]]&Table1417[[#This Row],[Gjuttemperatur]]&Table1417[[#This Row],[Temperatur motgjutningsyta]]&Table1417[[#This Row],[Väderskydd, uppvärmning (ingen vind)]]&Table1417[[#This Row],[Täckning '[mm']]]&Table1417[[#This Row],[OK <14 Dagar]]&Table1417[[#This Row],[OK <21 Dagar]]&Table1417[[#This Row],[Kommentar]] -> 0,4205020OK14
A19: 0.4 | B19: =Förutsättningar!M$21 -> 20 | C19: =Förutsättningar!N$21 -> 5 | D19: 0 | E19: 20 | F19: 5 | G19: 7 | H19: 14 | I19: OK14 | M19: =Table1417[[#This Row],[Slagg mängd]]&Table1417[[#This Row],[Gjuttemperatur]]&Table1417[[#This Row],[Temperatur motgjutningsyta]]&Table1417[[#This Row],[Väderskydd, uppvärmning (ingen vind)]]&Table1417[[#This Row],[Täckning '[mm']]]&Table1417[[#This Row],[OK <14 Dagar]]&Table1417[[#This Row],[OK <21 Dagar]]&Table1417[[#This Row],[Kommentar]] -> 0,4205020OK14
A20: 0.4 | B20: =Förutsättningar!M$21 -> 20 | C20: =Förutsättningar!N$21 -> 5 | D20: 0 | E20: 30 | F20: 5 | G20: 12 | H20: 13.5 | I20: OK14 | M20: =Table1417[[#This Row],[Slagg mängd]]&Table1417[[#This Row],[Gjuttemperatur]]&Table1417[[#This Row],[Temperatur motgjutningsyta]]&Table1417[[#This Row],[Väderskydd, uppvärmning (ingen vind)]]&Table1417[[#This Row],[Täckning '[mm']]]&Table1417[[#This Row],[OK <14 Dagar]]&Table1417[[#This Row],[OK <21 Dagar]]&Table1417[[#This Row],[Kommentar]] -> 0,4205030OK14
A21: 0.4 | B21: =Förutsättningar!M$21 -> 20 | C21: =Förutsättningar!N$21 -> 5 | D21: 0 | E21: 30 | F21: 5 | G21: 20 | H21: 13.6 | I21: OK14 | M21: =Table1417[[#This Row],[Slagg mängd]]&Table1417[[#This Row],[Gjuttemperatur]]&Table1417[[#This Row],[Temperatur motgjutningsyta]]&Table1417[[#This Row],[Väderskydd, uppvärmning (ingen vind)]]&Table1417[[#This Row],[Täckning '[mm']]]&Table1417[[#This Row],[OK <14 Dagar]]&Table1417[[#This Row],[OK <21 Dagar]]&Table1417[[#This Row],[Kommentar]] -> 0,4205030OK14
A22: 0.4 | B22: =Förutsättningar!M$22 -> 20 | C22: =Förutsättningar!N$22 -> 5 | D22: 20 | E22: - | F22: 0 | G22: 0 | H22: 11 | I22: OK14 | M22: =Table1417[[#This Row],[Slagg mängd]]&Table1417[[#This Row],[Gjuttemperatur]]&Table1417[[#This Row],[Temperatur motgjutningsyta]]&Table1417[[#This Row],[Väderskydd, uppvärmning (ingen vind)]]&Table1417[[#This Row],[Täckning '[mm']]]&Table1417[[#This Row],[OK <14 Dagar]]&Table1417[[#This Row],[OK <21 Dagar]]&Table1417[[#This Row],[Kommentar]] -> 0,420520-OK14
A23: 0.4 | B23: =Förutsättningar!M$22 -> 20 | C23: =Förutsättningar!N$22 -> 5 | D23: 20 | E23: Presenning | F23: 0 | G23: 2 | H23: 13.3 | I23: OK14 | M23: =Table1417[[#This Row],[Slagg mängd]]&Table1417[[#This Row],[Gjuttemperatur]]&Table1417[[#This Row],[Temperatur motgjutningsyta]]&Table1417[[#This Row],[Väderskydd, uppvärmning (ingen vind)]]&Table1417[[#This Row],[Täckning '[mm']]]&Table1417[[#This Row],[OK <14 Dagar]]&Table1417[[#This Row],[OK <21 Dagar]]&Table1417[[#This Row],[Kommentar]] -> 0,420520PresenningOK14
A24: 0.4 | B24: =Förutsättningar!M$22 -> 20 | C24: =Förutsättningar!N$22 -> 5 | D24: 20 | E24: 10 | F24: 0 | G24: 7 | H24: 9.6 | I24: OK14 | M24: =Table1417[[#This Row],[Slagg mängd]]&Table1417[[#This Row],[Gjuttemperatur]]&Table1417[[#This Row],[Temperatur motgjutningsyta]]&Table1417[[#This Row],[Väderskydd, uppvärmning (ingen vind)]]&Table1417[[#This Row],[Täckning '[mm']]]&Table1417[[#This Row],[OK <14 Dagar]]&Table1417[[#This Row],[OK <21 Dagar]]&Table1417[[#This Row],[Kommentar]] -> 0,42052010OK14
A25: 0.4 | B25: =Förutsättningar!M$22 -> 20 | C25: =Förutsättningar!N$22 -> 5 | D25: 20 | E25: 10 | F25: 0 | G25: 12 | H25: 9.8 | I25: OK14 | M25: =Table1417[[#This Row],[Slagg mängd]]&Table1417[[#This Row],[Gjuttemperatur]]&Table1417[[#This Row],[Temperatur motgjutningsyta]]&Table1417[[#This Row],[Väderskydd, uppvärmning (ingen vind)]]&Table1417[[#This Row],[Täckning '[mm']]]&Table1417[[#This Row],[OK <14 Dagar]]&Table1417[[#This Row],[OK <21 Dagar]]&Table1417[[#This Row],[Kommentar]] -> 0,42052010OK14
A26: 0.4 | B26: =Förutsättningar!M$22 -> 20 | C26: =Förutsättningar!N$22 -> 5 | D26: 20 | E26: 10 | F26: 0 | G26: 20 | H26: 9.9 | I26: OK14 | M26: =Table1417[[#This Row],[Slagg mängd]]&Table1417[[#This Row],[Gjuttemperatur]]&Table1417[[#This Row],[Temperatur motgjutningsyta]]&Table1417[[#This Row],[Väderskydd, uppvärmning (ingen vind)]]&Table1417[[#This Row],[Täckning '[mm']]]&Table1417[[#This Row],[OK <14 Dagar]]&Table1417[[#This Row],[OK <21 Dagar]]&Table1417[[#This Row],[Kommentar]] -> 0,42052010OK14
A27: 0.4 | B27: =Förutsättningar!M$23 -> 20 | C27: =Förutsättningar!N$23 -> 5 | D27: 20 | E27: 10 | F27: -5 | G27: 0 | H27: 11.2 | I27: OK14 | M27: =Table1417[[#This Row],[Slagg mängd]]&Table1417[[#This Row],[Gjuttemperatur]]&Table1417[[#This Row],[Temperatur motgjutningsyta]]&Table1417[[#This Row],[Väderskydd, uppvärmning (ingen vind)]]&Table1417[[#This Row],[Täckning '[mm']]]&Table1417[[#This Row],[OK <14 Dagar]]&Table1417[[#This Row],[OK <21 Dagar]]&Table1417[[#This Row],[Kommentar]] -> 0,42052010OK14
A28: 0.4 | B28: =Förutsättningar!M$23 -> 20 | C28: =Förutsättningar!N$23 -> 5 | D28: 20 | E28: 10 | F28: -5 | G28: 2 | H28: 12.9 | I28: OK14 | M28: =Table1417[[#This Row],[Slagg mängd]]&Table1417[[#This Row],[Gjuttemperatur]]&Table1417[[#This Row],[Temperatur motgjutningsyta]]&Table1417[[#This Row],[Väderskydd, uppvärmning (ingen vind)]]&Table1417[[#This Row],[Täckning '[mm']]]&Table1417[[#This Row],[OK <14 Dagar]]&Table1417[[#This Row],[OK <21 Dagar]]&Table1417[[#This Row],[Kommentar]] -> 0,42052010OK14
A29: 0.4 | B29: =Förutsättningar!M$23 -> 20 | C29: =Förutsättningar!N$23 -> 5 | D29: 20 | E29: 10 | F29: -5 | G29: 7 | H29: 14 | I29: OK14 | M29: =Table1417[[#This Row],[Slagg mängd]]&Table1417[[#This Row],[Gjuttemperatur]]&Table1417[[#This Row],[Temperatur motgjutningsyta]]&Table1417[[#This Row],[Väderskydd, uppvärmning (ingen vind)]]&Table1417[[#This Row],[Täckning '[mm']]]&Table1417[[#This Row],[OK <14 Dagar]]&Table1417[[#This Row],[OK <21 Dagar]]&Table1417[[#This Row],[Kommentar]] -> 0,42052010OK14
A30: 0.4 | B30: =Förutsättningar!M$23 -> 20 | C30: =Förutsättningar!N$23 -> 5 | D30: 20 | E30: 20 | F30: -5 | G30: 12 | H30: 10.8 | I30: OK14 | M30: =Table1417[[#This Row],[Slagg mängd]]&Table1417[[#This Row],[Gjuttemperatur]]&Table1417[[#This Row],[Temperatur motgjutningsyta]]&Table1417[[#This Row],[Väderskydd, uppvärmning (ingen vind)]]&Table1417[[#This Row],[Täckning '[mm']]]&Table1417[[#This Row],[OK <14 Dagar]]&Table1417[[#This Row],[OK <21 Dagar]]&Table1417[[#This Row],[Kommentar]] -> 0,42052020OK14
A31: 0.4 | B31: =Förutsättningar!M$23 -> 20 | C31: =Förutsättningar!N$23 -> 5 | D31: 20 | E31: 20 | F31: -5 | G31: 20 | H31: 10.9 | I31: OK14 | M31: =Table1417[[#This Row],[Slagg mängd]]&Table1417[[#This Row],[Gjuttemperatur]]&Table1417[[#This Row],[Temperatur motgjutningsyta]]&Table1417[[#This Row],[Väderskydd, uppvärmning (ingen vind)]]&Table1417[[#This Row],[Täckning '[mm']]]&Table1417[[#This Row],[OK <14 Dagar]]&Table1417[[#This Row],[OK <21 Dagar]]&Table1417[[#This Row],[Kommentar]] -> 0,42052020OK14
A32: 0.4 | B32: =Förutsättningar!M$24 -> 20 | C32: =Förutsättningar!N$24 -> 5 | D32: 20 | E32: 20 | F32: -10 | G32: 0 | H32: 13.9 | I32: OK14 | M32: =Table1417[[#This Row],[Slagg mängd]]&Table1417[[#This Row],[Gjuttemperatur]]&Table1417[[#This Row],[Temperatur motgjutningsyta]]&Table1417[[#This Row],[Väderskydd, uppvärmning (ingen vind)]]&Table1417[[#This Row],[Täckning '[mm']]]&Table1417[[#This Row],[OK <14 Dagar]]&Table1417[[#This Row],[OK <21 Dagar]]&Table1417[[#This Row],[Kommentar]] -> 0,42052020OK14
A33: 0.4 | B33: =Förutsättningar!M$24 -> 20 | C33: =Förutsättningar!N$24 -> 5 | D33: 20 | E33: 30 | F33: -10 | G33: 2 | H33: 13.2 | I33: OK14 | M33: =Table1417[[#This Row],[Slagg mängd]]&Table1417[[#This Row],[Gjuttemperatur]]&Table1417[[#This Row],[Temperatur motgjutningsyta]]&Table1417[[#This Row],[Väderskydd, uppvärmning (ingen vind)]]&Table1417[[#This Row],[Täckning '[mm']]]&Table1417[[#This Row],[OK <14 Dagar]]&Table1417[[#This Row],[OK <21 Dagar]]&Table1417[[#This Row],[Kommentar]] -> 0,42052030OK14
A34: 0.4 | B34: =Förutsättningar!M$24 -> 20 | C34: =Förutsättningar!N$24 -> 5 | D34: 20 | E34: 30 | F34: -10 | G34: 7 | H34: 13.4 | I34: OK14 | M34: =Table1417[[#This Row],[Slagg mängd]]&Table1417[[#This Row],[Gjuttemperatur]]&Table1417[[#This Row],[Temperatur motgjutningsyta]]&Table1417[[#This Row],[Väderskydd, uppvärmning (ingen vind)]]&Table1417[[#This Row],[Täckning '[mm']]]&Table1417[[#This Row],[OK <14 Dagar]]&Table1417[[#This Row],[OK <21 Dagar]]&Table1417[[#This Row],[Kommentar]] -> 0,42052030OK14
A35: - | B35: - | C35: - | D35: - | E35: - | F35: -10 | G35: 12 | L35: Frys innan täck | M35: =Table1417[[#This Row],[Slagg mängd]]&Table1417[[#This Row],[Gjuttemperatur]]&Table1417[[#This Row],[Temperatur motgjutningsyta]]&Table1417[[#This Row],[Väderskydd, uppvärmning (ingen vind)]]&Table1417[[#This Row],[Täckning '[mm']]]&Table1417[[#This Row],[OK <14 Dagar]]&Table1417[[#This Row],[OK <21 Dagar]]&Table1417[[#This Row],[Kommentar]] -> -----Frys innan täck
A36: - | B36: - | C36: - | D36: - | E36: - | F36: -10 | G36: 20 | L36: Frys innan täck | M36: =Table1417[[#This Row],[Slagg mängd]]&Table1417[[#This Row],[Gjuttemperatur]]&Table1417[[#This Row],[Temperatur motgjutningsyta]]&Table1417[[#This Row],[Väderskydd, uppvärmning (ingen vind)]]&Table1417[[#This Row],[Täckning '[mm']]]&Table1417[[#This Row],[OK <14 Dagar]]&Table1417[[#This Row],[OK <21 Dagar]]&Table1417[[#This Row],[Kommentar]] -> -----Frys innan täck
A37: 0.3 | B37: =Förutsättningar!M$25 -> 15 | C37: =Förutsättningar!N$25 -> 5 | D37: 20 | E37: 50 | F37: -15 | G37: 0 | H37: 13.9 | I37: OK14 | M37: =Table1417[[#This Row],[Slagg mängd]]&Table1417[[#This Row],[Gjuttemperatur]]&Table1417[[#This Row],[Temperatur motgjutningsyta]]&Table1417[[#This Row],[Väderskydd, uppvärmning (ingen vind)]]&Table1417[[#This Row],[Täckning '[mm']]]&Table1417[[#This Row],[OK <14 Dagar]]&Table1417[[#This Row],[OK <21 Dagar]]&Table1417[[#This Row],[Kommentar]] -> 0,31552050OK14
A38: 0.2 | B38: =Förutsättningar!M$25 -> 15 | C38: =Förutsättningar!N$25 -> 5 | D38: 20 | E38: 50 | F38: -15 | G38: 2 | H38: 13 | I38: OK14 | M38: =Table1417[[#This Row],[Slagg mängd]]&Table1417[[#This Row],[Gjuttemperatur]]&Table1417[[#This Row],[Temperatur motgjutningsyta]]&Table1417[[#This Row],[Väderskydd, uppvärmning (ingen vind)]]&Table1417[[#This Row],[Täckning '[mm']]]&Table1417[[#This Row],[OK <14 Dagar]]&Table1417[[#This Row],[OK <21 Dagar]]&Table1417[[#This Row],[Kommentar]] -> 0,21552050OK14
A39: - | B39: - | C39: - | D39: - | E39: - | F39: -15 | G39: 7 | L39: Frys innan täck | M39: =Table1417[[#This Row],[Slagg mängd]]&Table1417[[#This Row],[Gjuttemperatur]]&Table1417[[#This Row],[Temperatur motgjutningsyta]]&Table1417[[#This Row],[Väderskydd, uppvärmning (ingen vind)]]&Table1417[[#This Row],[Täckning '[mm']]]&Table1417[[#This Row],[OK <14 Dagar]]&Table1417[[#This Row],[OK <21 Dagar]]&Table1417[[#This Row],[Kommentar]] -> -----Frys innan täck
A40: - | B40: - | C40: - | D40: - | E40: - | F40: -15 | G40: 12 | L40: Frys innan täck | M40: =Table1417[[#This Row],[Slagg mängd]]&Table1417[[#This Row],[Gjuttemperatur]]&Table1417[[#This Row],[Temperatur motgjutningsyta]]&Table1417[[#This Row],[Väderskydd, uppvärmning (ingen vind)]]&Table1417[[#This Row],[Täckning '[mm']]]&Table1417[[#This Row],[OK <14 Dagar]]&Table1417[[#This Row],[OK <21 Dagar]]&Table1417[[#This Row],[Kommentar]] -> -----Frys innan täck
A41: - | B41: - | C41: - | D41: - | E41: - | F41: -15 | G41: 20 | L41: Frys innan täck | M41: =Table1417[[#This Row],[Slagg mängd]]&Table1417[[#This Row],[Gjuttemperatur]]&Table1417[[#This Row],[Temperatur motgjutningsyta]]&Table1417[[#This Row],[Väderskydd, uppvärmning (ingen vind)]]&Table1417[[#This Row],[Täckning '[mm']]]&Table1417[[#This Row],[OK <14 Dagar]]&Table1417[[#This Row],[OK <21 Dagar]]&Table1417[[#This Row],[Kommentar]] -> -----Frys innan täck
A42: - | B42: - | C42: - | D42: - | E42: - | F42: -20 | G42: 0 | L42: Når ej 70% | M42: =Table1417[[#This Row],[Slagg mängd]]&Table1417[[#This Row],[Gjuttemperatur]]&Table1417[[#This Row],[Temperatur motgjutningsyta]]&Table1417[[#This Row],[Väderskydd, uppvärmning (ingen vind)]]&Table1417[[#This Row],[Täckning '[mm']]]&Table1417[[#This Row],[OK <14 Dagar]]&Table1417[[#This Row],[OK <21 Dagar]]&Table1417[[#This Row],[Kommentar]] -> -----Når ej 70%
A43: - | B43: - | C43: - | D43: - | E43: - | F43: -20 | G43: 2 | L43: Når ej 70% | M43: =Table1417[[#This Row],[Slagg mängd]]&Table1417[[#This Row],[Gjuttemperatur]]&Table1417[[#This Row],[Temperatur motgjutningsyta]]&Table1417[[#This Row],[Väderskydd, uppvärmning (ingen vind)]]&Table1417[[#This Row],[Täckning '[mm']]]&Table1417[[#This Row],[OK <14 Dagar]]&Table1417[[#This Row],[OK <21 Dagar]]&Table1417[[#This Row],[Kommentar]] -> -----Når ej 70%
A44: - | B44: - | C44: - | D44: - | E44: - | F44: -20 | G44: 7 | L44: Frys innan täck | M44: =Table1417[[#This Row],[Slagg mängd]]&Table1417[[#This Row],[Gjuttemperatur]]&Table1417[[#This Row],[Temperatur motgjutningsyta]]&Table1417[[#This Row],[Väderskydd, uppvärmning (ingen vind)]]&Table1417[[#This Row],[Täckning '[mm']]]&Table1417[[#This Row],[OK <14 Dagar]]&Table1417[[#This Row],[OK <21 Dagar]]&Table1417[[#This Row],[Kommentar]] -> -----Frys innan täck
A45: - | B45: - | C45: - | D45: - | E45: - | F45: -20 | G45: 12 | L45: Frys innan täck | M45: =Table1417[[#This Row],[Slagg mängd]]&Table1417[[#This Row],[Gjuttemperatur]]&Table1417[[#This Row],[Temperatur motgjutningsyta]]&Table1417[[#This Row],[Väderskydd, uppvärmning (ingen vind)]]&Table1417[[#This Row],[Täckning '[mm']]]&Table1417[[#This Row],[OK <14 Dagar]]&Table1417[[#This Row],[OK <21 Dagar]]&Table1417[[#This Row],[Kommentar]] -> -----Frys innan täck
A46: - | B46: - | C46: - | D46: - | E46: - | F46: -20 | G46: 20 | L46: Frys innan täck | M46: =Table1417[[#This Row],[Slagg mängd]]&Table1417[[#This Row],[Gjuttemperatur]]&Table1417[[#This Row],[Temperatur motgjutningsyta]]&Table1417[[#This Row],[Väderskydd, uppvärmning (ingen vind)]]&Table1417[[#This Row],[Täckning '[mm']]]&Table1417[[#This Row],[OK <14 Dagar]]&Table1417[[#This Row],[OK <21 Dagar]]&Table1417[[#This Row],[Kommentar]] -> -----Frys innan täck

Sheet Bjälklag (C35-45)
A1: Slagg mängd | B1: Gjuttemperatur | C1: Temperatur motgjutningsyta | D1: Väderskydd, uppvärmning (ingen vind) | E1: Täckning [mm] | F1: Temperatur | G1: Vind | H1: <14 d och >70 % [Dagar] | I1: OK <14 Dagar | J1: <21 d och >70 % [Dagar] | K1: OK <21 Dagar | L1: Kommentar | M1: Åtgärdskåd
A2: 0.4 | B2: =Förutsättningar!M$18 -> 15 | C2: =Förutsättningar!N$18 -> 20 | D2: - | E2: - | F2: 20 | G2: 0 | I2: OK14 | M2: =Table1423[[#This Row],[Slagg mängd]]&Table1423[[#This Row],[Gjuttemperatur]]&Table1423[[#This Row],[Temperatur motgjutningsyta]]&Table1423[[#This Row],[Väderskydd, uppvärmning (ingen vind)]]&Table1423[[#This Row],[Täckning '[mm']]]&Table1423[[#This Row],[OK <14 Dagar]]&Table1423[[#This Row],[OK <21 Dagar]]&Table1423[[#This Row],[Kommentar]] -> 0,41520--OK14
A3: 0.4 | B3: =Förutsättningar!$M$18 -> 15 | C3: =Förutsättningar!N$18 -> 20 | D3: - | E3: - | F3: 20 | G3: 2 | I3: OK14 | M3: =Table1423[[#This Row],[Slagg mängd]]&Table1423[[#This Row],[Gjuttemperatur]]&Table1423[[#This Row],[Temperatur motgjutningsyta]]&Table1423[[#This Row],[Väderskydd, uppvärmning (ingen vind)]]&Table1423[[#This Row],[Täckning '[mm']]]&Table1423[[#This Row],[OK <14 Dagar]]&Table1423[[#This Row],[OK <21 Dagar]]&Table1423[[#This Row],[Kommentar]] -> 0,41520--OK14
A4: 0.4 | B4: =Förutsättningar!$M$18 -> 15 | C4: =Förutsättningar!N$18 -> 20 | D4: - | E4: - | F4: 20 | G4: 7 | I4: OK14 | M4: =Table1423[[#This Row],[Slagg mängd]]&Table1423[[#This Row],[Gjuttemperatur]]&Table1423[[#This Row],[Temperatur motgjutningsyta]]&Table1423[[#This Row],[Väderskydd, uppvärmning (ingen vind)]]&Table1423[[#This Row],[Täckning '[mm']]]&Table1423[[#This Row],[OK <14 Dagar]]&Table1423[[#This Row],[OK <21 Dagar]]&Table1423[[#This Row],[Kommentar]] -> 0,41520--OK14
A5: 0.4 | B5: =Förutsättningar!$M$18 -> 15 | C5: =Förutsättningar!N$18 -> 20 | D5: - | E5: - | F5: 20 | G5: 12 | I5: OK14 | M5: =Table1423[[#This Row],[Slagg mängd]]&Table1423[[#This Row],[Gjuttemperatur]]&Table1423[[#This Row],[Temperatur motgjutningsyta]]&Table1423[[#This Row],[Väderskydd, uppvärmning (ingen vind)]]&Table1423[[#This Row],[Täckning '[mm']]]&Table1423[[#This Row],[OK <14 Dagar]]&Table1423[[#This Row],[OK <21 Dagar]]&Table1423[[#This Row],[Kommentar]] -> 0,41520--OK14
A6: 0.4 | B6: =Förutsättningar!$M$18 -> 15 | C6: =Förutsättningar!N$18 -> 20 | D6: - | E6: - | F6: 20 | G6: 20 | I6: OK14 | M6: =Table1423[[#This Row],[Slagg mängd]]&Table1423[[#This Row],[Gjuttemperatur]]&Table1423[[#This Row],[Temperatur motgjutningsyta]]&Table1423[[#This Row],[Väderskydd, uppvärmning (ingen vind)]]&Table1423[[#This Row],[Täckning '[mm']]]&Table1423[[#This Row],[OK <14 Dagar]]&Table1423[[#This Row],[OK <21 Dagar]]&Table1423[[#This Row],[Kommentar]] -> 0,41520--OK14
A7: 0.4 | B7: =Förutsättningar!M$19 -> 15 | C7: =Förutsättningar!N$19 -> 15 | D7: - | E7: - | F7: 15 | G7: 0 | I7: OK14 | M7: =Table1423[[#This Row],[Slagg mängd]]&Table1423[[#This Row],[Gjuttemperatur]]&Table1423[[#This Row],[Temperatur motgjutningsyta]]&Table1423[[#This Row],[Väderskydd, uppvärmning (ingen vind)]]&Table1423[[#This Row],[Täckning '[mm']]]&Table1423[[#This Row],[OK <14 Dagar]]&Table1423[[#This Row],[OK <21 Dagar]]&Table1423[[#This Row],[Kommentar]] -> 0,41515--OK14
A8: 0.4 | B8: =Förutsättningar!M$19 -> 15 | C8: =Förutsättningar!N$19 -> 15 | D8: - | E8: - | F8: 15 | G8: 2 | I8: OK14 | M8: =Table1423[[#This Row],[Slagg mängd]]&Table1423[[#This Row],[Gjuttemperatur]]&Table1423[[#This Row],[Temperatur motgjutningsyta]]&Table1423[[#This Row],[Väderskydd, uppvärmning (ingen vind)]]&Table1423[[#This Row],[Täckning '[mm']]]&Table1423[[#This Row],[OK <14 Dagar]]&Table1423[[#This Row],[OK <21 Dagar]]&Table1423[[#This Row],[Kommentar]] -> 0,41515--OK14
A9: 0.4 | B9: =Förutsättningar!M$19 -> 15 | C9: =Förutsättningar!N$19 -> 15 | D9: - | E9: - | F9: 15 | G9: 7 | I9: OK14 | M9: =Table1423[[#This Row],[Slagg mängd]]&Table1423[[#This Row],[Gjuttemperatur]]&Table1423[[#This Row],[Temperatur motgjutningsyta]]&Table1423[[#This Row],[Väderskydd, uppvärmning (ingen vind)]]&Table1423[[#This Row],[Täckning '[mm']]]&Table1423[[#This Row],[OK <14 Dagar]]&Table1423[[#This Row],[OK <21 Dagar]]&Table1423[[#This Row],[Kommentar]] -> 0,41515--OK14
A10: 0.4 | B10: =Förutsättningar!M$19 -> 15 | C10: =Förutsättningar!N$19 -> 15 | D10: - | E10: - | F10: 15 | G10: 12 | H10: 8.6 | I10: OK14 | M10: =Table1423[[#This Row],[Slagg mängd]]&Table1423[[#This Row],[Gjuttemperatur]]&Table1423[[#This Row],[Temperatur motgjutningsyta]]&Table1423[[#This Row],[Väderskydd, uppvärmning (ingen vind)]]&Table1423[[#This Row],[Täckning '[mm']]]&Table1423[[#This Row],[OK <14 Dagar]]&Table1423[[#This Row],[OK <21 Dagar]]&Table1423[[#This Row],[Kommentar]] -> 0,41515--OK14
A11: 0.4 | B11: =Förutsättningar!M$19 -> 15 | C11: =Förutsättningar!N$19 -> 15 | D11: - | E11: - | F11: 15 | G11: 20 | H11: 8.6 | I11: OK14 | M11: =Table1423[[#This Row],[Slagg mängd]]&Table1423[[#This Row],[Gjuttemperatur]]&Table1423[[#This Row],[Temperatur motgjutningsyta]]&Table1423[[#This Row],[Väderskydd, uppvärmning (ingen vind)]]&Table1423[[#This Row],[Täckning '[mm']]]&Table1423[[#This Row],[OK <14 Dagar]]&Table1423[[#This Row],[OK <21 Dagar]]&Table1423[[#This Row],[Kommentar]] -> 0,41515--OK14
A12: 0.4 | B12: =Förutsättningar!M$20 -> 15 | C12: =Förutsättningar!N$20 -> 10 | D12: - | E12: - | F12: 10 | G12: 0 | H12: 10.3 | I12: OK14 | M12: =Table1423[[#This Row],[Slagg mängd]]&Table1423[[#This Row],[Gjuttemperatur]]&Table1423[[#This Row],[Temperatur motgjutningsyta]]&Table1423[[#This Row],[Väderskydd, uppvärmning (ingen vind)]]&Table1423[[#This Row],[Täckning '[mm']]]&Table1423[[#This Row],[OK <14 Dagar]]&Table1423[[#This Row],[OK <21 Dagar]]&Table1423[[#This Row],[Kommentar]] -> 0,41510--OK14
A13: 0.4 | B13: =Förutsättningar!M$20 -> 15 | C13: =Förutsättningar!N$20 -> 10 | D13: - | E13: - | F13: 10 | G13: 2 | H13: 11.3 | I13: OK14 | M13: =Table1423[[#This Row],[Slagg mängd]]&Table1423[[#This Row],[Gjuttemperatur]]&Table1423[[#This Row],[Temperatur motgjutningsyta]]&Table1423[[#This Row],[Väderskydd, uppvärmning (ingen vind)]]&Table1423[[#This Row],[Täckning '[mm']]]&Table1423[[#This Row],[OK <14 Dagar]]&Table1423[[#This Row],[OK <21 Dagar]]&Table1423[[#This Row],[Kommentar]] -> 0,41510--OK14
A14: 0.4 | B14: =Förutsättningar!M$20 -> 15 | C14: =Förutsättningar!N$20 -> 10 | D14: - | E14: - | F14: 10 | G14: 7 | H14: 11.7 | I14: OK14 | M14: =Table1423[[#This Row],[Slagg mängd]]&Table1423[[#This Row],[Gjuttemperatur]]&Table1423[[#This Row],[Temperatur motgjutningsyta]]&Table1423[[#This Row],[Väderskydd, uppvärmning (ingen vind)]]&Table1423[[#This Row],[Täckning '[mm']]]&Table1423[[#This Row],[OK <14 Dagar]]&Table1423[[#This Row],[OK <21 Dagar]]&Table1423[[#This Row],[Kommentar]] -> 0,41510--OK14
A15: 0.4 | B15: =Förutsättningar!M$20 -> 15 | C15: =Förutsättningar!N$20 -> 10 | D15: - | E15: - | F15: 10 | G15: 12 | H15: 11.8 | I15: OK14 | M15: =Table1423[[#This Row],[Slagg mängd]]&Table1423[[#This Row],[Gjuttemperatur]]&Table1423[[#This Row],[Temperatur motgjutningsyta]]&Table1423[[#This Row],[Väderskydd, uppvärmning (ingen vind)]]&Table1423[[#This Row],[Täckning '[mm']]]&Table1423[[#This Row],[OK <14 Dagar]]&Table1423[[#This Row],[OK <21 Dagar]]&Table1423[[#This Row],[Kommentar]] -> 0,41510--OK14
A16: 0.4 | B16: =Förutsättningar!M$20 -> 15 | C16: =Förutsättningar!N$20 -> 10 | D16: - | E16: - | F16: 10 | G16: 20 | H16: 11.9 | I16: OK14 | M16: =Table1423[[#This Row],[Slagg mängd]]&Table1423[[#This Row],[Gjuttemperatur]]&Table1423[[#This Row],[Temperatur motgjutningsyta]]&Table1423[[#This Row],[Väderskydd, uppvärmning (ingen vind)]]&Table1423[[#This Row],[Täckning '[mm']]]&Table1423[[#This Row],[OK <14 Dagar]]&Table1423[[#This Row],[OK <21 Dagar]]&Table1423[[#This Row],[Kommentar]] -> 0,41510--OK14
A17: 0.4 | B17: =Förutsättningar!M$21 -> 20 | C17: =Förutsättningar!N$21 -> 5 | D17: 0 | E17: 10 | F17: 5 | G17: 0 | H17: 13.4 | I17: OK14 | M17: =Table1423[[#This Row],[Slagg mängd]]&Table1423[[#This Row],[Gjuttemperatur]]&Table1423[[#This Row],[Temperatur motgjutningsyta]]&Table1423[[#This Row],[Väderskydd, uppvärmning (ingen vind)]]&Table1423[[#This Row],[Täckning '[mm']]]&Table1423[[#This Row],[OK <14 Dagar]]&Table1423[[#This Row],[OK <21 Dagar]]&Table1423[[#This Row],[Kommentar]] -> 0,4205010OK14
A18: 0.4 | B18: =Förutsättningar!M$21 -> 20 | C18: =Förutsättningar!N$21 -> 5 | D18: 0 | E18: 10 | F18: 5 | G18: 2 | H18: 14 | I18: OK14 | M18: =Table1423[[#This Row],[Slagg mängd]]&Table1423[[#This Row],[Gjuttemperatur]]&Table1423[[#This Row],[Temperatur motgjutningsyta]]&Table1423[[#This Row],[Väderskydd, uppvärmning (ingen vind)]]&Table1423[[#This Row],[Täckning '[mm']]]&Table1423[[#This Row],[OK <14 Dagar]]&Table1423[[#This Row],[OK <21 Dagar]]&Table1423[[#This Row],[Kommentar]] -> 0,4205010OK14
A19: 0.4 | B19: =Förutsättningar!M$21 -> 20 | C19: =Förutsättningar!N$21 -> 5 | D19: 0 | E19: 20 | F19: 5 | G19: 7 | H19: 13.3 | I19: OK14 | M19: =Table1423[[#This Row],[Slagg mängd]]&Table1423[[#This Row],[Gjuttemperatur]]&Table1423[[#This Row],[Temperatur motgjutningsyta]]&Table1423[[#This Row],[Väderskydd, uppvärmning (ingen vind)]]&Table1423[[#This Row],[Täckning '[mm']]]&Table1423[[#This Row],[OK <14 Dagar]]&Table1423[[#This Row],[OK <21 Dagar]]&Table1423[[#This Row],[Kommentar]] -> 0,4205020OK14
A20: 0.4 | B20: =Förutsättningar!M$21 -> 20 | C20: =Förutsättningar!N$21 -> 5 | D20: 0 | E20: 10 | F20: 5 | G20: 12 | H20: 13.4 | I20: OK14 | M20: =Table1423[[#This Row],[Slagg mängd]]&Table1423[[#This Row],[Gjuttemperatur]]&Table1423[[#This Row],[Temperatur motgjutningsyta]]&Table1423[[#This Row],[Väderskydd, uppvärmning (ingen vind)]]&Table1423[[#This Row],[Täckning '[mm']]]&Table1423[[#This Row],[OK <14 Dagar]]&Table1423[[#This Row],[OK <21 Dagar]]&Table1423[[#This Row],[Kommentar]] -> 0,4205010OK14
A21: 0.4 | B21: =Förutsättningar!M$21 -> 20 | C21: =Förutsättningar!N$21 -> 5 | D21: 0 | E21: 20 | F21: 5 | G21: 20 | H21: 13.4 | I21: OK14 | M21: =Table1423[[#This Row],[Slagg mängd]]&Table1423[[#This Row],[Gjuttemperatur]]&Table1423[[#This Row],[Temperatur motgjutningsyta]]&Table1423[[#This Row],[Väderskydd, uppvärmning (ingen vind)]]&Table1423[[#This Row],[Täckning '[mm']]]&Table1423[[#This Row],[OK <14 Dagar]]&Table1423[[#This Row],[OK <21 Dagar]]&Table1423[[#This Row],[Kommentar]] -> 0,4205020OK14
A22: 0.4 | B22: =Förutsättningar!M$22 -> 20 | C22: =Förutsättningar!N$22 -> 5 | D22: 20 | E22: Presenning | F22: 0 | G22: 0 | H22: 9.9 | I22: OK14 | M22: =Table1423[[#This Row],[Slagg mängd]]&Table1423[[#This Row],[Gjuttemperatur]]&Table1423[[#This Row],[Temperatur motgjutningsyta]]&Table1423[[#This Row],[Väderskydd, uppvärmning (ingen vind)]]&Table1423[[#This Row],[Täckning '[mm']]]&Table1423[[#This Row],[OK <14 Dagar]]&Table1423[[#This Row],[OK <21 Dagar]]&Table1423[[#This Row],[Kommentar]] -> 0,420520PresenningOK14
A23: 0.4 | B23: =Förutsättningar!M$22 -> 20 | C23: =Förutsättningar!N$22 -> 5 | D23: 20 | E23: Presenning | F23: 0 | G23: 2 | H23: 12.8 | I23: OK14 | M23: =Table1423[[#This Row],[Slagg mängd]]&Table1423[[#This Row],[Gjuttemperatur]]&Table1423[[#This Row],[Temperatur motgjutningsyta]]&Table1423[[#This Row],[Väderskydd, uppvärmning (ingen vind)]]&Table1423[[#This Row],[Täckning '[mm']]]&Table1423[[#This Row],[OK <14 Dagar]]&Table1423[[#This Row],[OK <21 Dagar]]&Table1423[[#This Row],[Kommentar]] -> 0,420520PresenningOK14
A24: 0.4 | B24: =Förutsättningar!M$22 -> 20 | C24: =Förutsättningar!N$22 -> 5 | D24: 20 | E24: 10 | F24: 0 | G24: 7 | H24: 9.1 | I24: OK14 | M24: =Table1423[[#This Row],[Slagg mängd]]&Table1423[[#This Row],[Gjuttemperatur]]&Table1423[[#This Row],[Temperatur motgjutningsyta]]&Table1423[[#This Row],[Väderskydd, uppvärmning (ingen vind)]]&Table1423[[#This Row],[Täckning '[mm']]]&Table1423[[#This Row],[OK <14 Dagar]]&Table1423[[#This Row],[OK <21 Dagar]]&Table1423[[#This Row],[Kommentar]] -> 0,42052010OK14
A25: 0.4 | B25: =Förutsättningar!M$22 -> 20 | C25: =Förutsättningar!N$22 -> 5 | D25: 20 | E25: 10 | F25: 0 | G25: 12 | H25: 9.3 | I25: OK14 | M25: =Table1423[[#This Row],[Slagg mängd]]&Table1423[[#This Row],[Gjuttemperatur]]&Table1423[[#This Row],[Temperatur motgjutningsyta]]&Table1423[[#This Row],[Väderskydd, uppvärmning (ingen vind)]]&Table1423[[#This Row],[Täckning '[mm']]]&Table1423[[#This Row],[OK <14 Dagar]]&Table1423[[#This Row],[OK <21 Dagar]]&Table1423[[#This Row],[Kommentar]] -> 0,42052010OK14
A26: 0.4 | B26: =Förutsättningar!M$22 -> 20 | C26: =Förutsättningar!N$22 -> 5 | D26: 20 | E26: 10 | F26: 0 | G26: 20 | H26: 9.4 | I26: OK14 | M26: =Table1423[[#This Row],[Slagg mängd]]&Table1423[[#This Row],[Gjuttemperatur]]&Table1423[[#This Row],[Temperatur motgjutningsyta]]&Table1423[[#This Row],[Väderskydd, uppvärmning (ingen vind)]]&Table1423[[#This Row],[Täckning '[mm']]]&Table1423[[#This Row],[OK <14 Dagar]]&Table1423[[#This Row],[OK <21 Dagar]]&Table1423[[#This Row],[Kommentar]] -> 0,42052010OK14
A27: 0.4 | B27: =Förutsättningar!M$23 -> 20 | C27: =Förutsättningar!N$23 -> 5 | D27: 20 | E27: 10 | F27: -5 | G27: 0 | H27: 10.6 | I27: OK14 | M27: =Table1423[[#This Row],[Slagg mängd]]&Table1423[[#This Row],[Gjuttemperatur]]&Table1423[[#This Row],[Temperatur motgjutningsyta]]&Table1423[[#This Row],[Väderskydd, uppvärmning (ingen vind)]]&Table1423[[#This Row],[Täckning '[mm']]]&Table1423[[#This Row],[OK <14 Dagar]]&Table1423[[#This Row],[OK <21 Dagar]]&Table1423[[#This Row],[Kommentar]] -> 0,42052010OK14
A28: 0.4 | B28: =Förutsättningar!M$23 -> 20 | C28: =Förutsättningar!N$23 -> 5 | D28: 20 | E28: 10 | F28: -5 | G28: 2 | H28: 12.2 | I28: OK14 | M28: =Table1423[[#This Row],[Slagg mängd]]&Table1423[[#This Row],[Gjuttemperatur]]&Table1423[[#This Row],[Temperatur motgjutningsyta]]&Table1423[[#This Row],[Väderskydd, uppvärmning (ingen vind)]]&Table1423[[#This Row],[Täckning '[mm']]]&Table1423[[#This Row],[OK <14 Dagar]]&Table1423[[#This Row],[OK <21 Dagar]]&Table1423[[#This Row],[Kommentar]] -> 0,42052010OK14
A29: 0.4 | B29: =Förutsättningar!M$23 -> 20 | C29: =Förutsättningar!N$23 -> 5 | D29: 20 | E29: 10 | F29: -5 | G29: 7 | H29: 13.3 | I29: OK14 | M29: =Table1423[[#This Row],[Slagg mängd]]&Table1423[[#This Row],[Gjuttemperatur]]&Table1423[[#This Row],[Temperatur motgjutningsyta]]&Table1423[[#This Row],[Väderskydd, uppvärmning (ingen vind)]]&Table1423[[#This Row],[Täckning '[mm']]]&Table1423[[#This Row],[OK <14 Dagar]]&Table1423[[#This Row],[OK <21 Dagar]]&Table1423[[#This Row],[Kommentar]] -> 0,42052010OK14
A30: 0.4 | B30: =Förutsättningar!M$23 -> 20 | C30: =Förutsättningar!N$23 -> 5 | D30: 20 | E30: 10 | F30: -5 | G30: 12 | H30: 13.6 | I30: OK14 | M30: =Table1423[[#This Row],[Slagg mängd]]&Table1423[[#This Row],[Gjuttemperatur]]&Table1423[[#This Row],[Temperatur motgjutningsyta]]&Table1423[[#This Row],[Väderskydd, uppvärmning (ingen vind)]]&Table1423[[#This Row],[Täckning '[mm']]]&Table1423[[#This Row],[OK <14 Dagar]]&Table1423[[#This Row],[OK <21 Dagar]]&Table1423[[#This Row],[Kommentar]] -> 0,42052010OK14
A31: 0.4 | B31: =Förutsättningar!M$23 -> 20 | C31: =Förutsättningar!N$23 -> 5 | D31: 20 | E31: 10 | F31: -5 | G31: 20 | H31: 13.8 | I31: OK14 | M31: =Table1423[[#This Row],[Slagg mängd]]&Table1423[[#This Row],[Gjuttemperatur]]&Table1423[[#This Row],[Temperatur motgjutningsyta]]&Table1423[[#This Row],[Väderskydd, uppvärmning (ingen vind)]]&Table1423[[#This Row],[Täckning '[mm']]]&Table1423[[#This Row],[OK <14 Dagar]]&Table1423[[#This Row],[OK <21 Dagar]]&Table1423[[#This Row],[Kommentar]] -> 0,42052010OK14
A32: 0.4 | B32: =Förutsättningar!M$24 -> 20 | C32: =Förutsättningar!N$24 -> 5 | D32: 20 | E32: 20 | F32: -10 | G32: 0 | H32: 13.1 | I32: OK14 | M32: =Table1423[[#This Row],[Slagg mängd]]&Table1423[[#This Row],[Gjuttemperatur]]&Table1423[[#This Row],[Temperatur motgjutningsyta]]&Table1423[[#This Row],[Väderskydd, uppvärmning (ingen vind)]]&Table1423[[#This Row],[Täckning '[mm']]]&Table1423[[#This Row],[OK <14 Dagar]]&Table1423[[#This Row],[OK <21 Dagar]]&Table1423[[#This Row],[Kommentar]] -> 0,42052020OK14
A33: 0.4 | B33: =Förutsättningar!M$24 -> 20 | C33: =Förutsättningar!N$24 -> 5 | D33: 20 | E33: 30 | F33: -10 | G33: 2 | H33: 12.3 | I33: OK14 | M33: =Table1423[[#This Row],[Slagg mängd]]&Table1423[[#This Row],[Gjuttemperatur]]&Table1423[[#This Row],[Temperatur motgjutningsyta]]&Table1423[[#This Row],[Väderskydd, uppvärmning (ingen vind)]]&Table1423[[#This Row],[Täckning '[mm']]]&Table1423[[#This Row],[OK <14 Dagar]]&Table1423[[#This Row],[OK <21 Dagar]]&Table1423[[#This Row],[Kommentar]] -> 0,42052030OK14
A34: 0.4 | B34: =Förutsättningar!M$24 -> 20 | C34: =Förutsättningar!N$24 -> 5 | D34: 20 | E34: 30 | F34: -10 | G34: 7 | H34: 12.9 | I34: OK14 | M34: =Table1423[[#This Row],[Slagg mängd]]&Table1423[[#This Row],[Gjuttemperatur]]&Table1423[[#This Row],[Temperatur motgjutningsyta]]&Table1423[[#This Row],[Väderskydd, uppvärmning (ingen vind)]]&Table1423[[#This Row],[Täckning '[mm']]]&Table1423[[#This Row],[OK <14 Dagar]]&Table1423[[#This Row],[OK <21 Dagar]]&Table1423[[#This Row],[Kommentar]] -> 0,42052030OK14
A35: - | B35: - | C35: - | D35: - | E35: - | F35: -10 | G35: 12 | L35: Frys innan täck | M35: =Table1423[[#This Row],[Slagg mängd]]&Table1423[[#This Row],[Gjuttemperatur]]&Table1423[[#This Row],[Temperatur motgjutningsyta]]&Table1423[[#This Row],[Väderskydd, uppvärmning (ingen vind)]]&Table1423[[#This Row],[Täckning '[mm']]]&Table1423[[#This Row],[OK <14 Dagar]]&Table1423[[#This Row],[OK <21 Dagar]]&Table1423[[#This Row],[Kommentar]] -> -----Frys innan täck
A36: - | B36: - | C36: - | D36: - | E36: - | F36: -10 | G36: 20 | L36: Frys innan täck | M36: =Table1423[[#This Row],[Slagg mängd]]&Table1423[[#This Row],[Gjuttemperatur]]&Table1423[[#This Row],[Temperatur motgjutningsyta]]&Table1423[[#This Row],[Väderskydd, uppvärmning (ingen vind)]]&Table1423[[#This Row],[Täckning '[mm']]]&Table1423[[#This Row],[OK <14 Dagar]]&Table1423[[#This Row],[OK <21 Dagar]]&Table1423[[#This Row],[Kommentar]] -> -----Frys innan täck
A37: 0.3 | B37: =Förutsättningar!M$25 -> 15 | C37: =Förutsättningar!N$25 -> 5 | D37: 20 | E37: 50 | F37: -15 | G37: 0 | H37: 12.3 | I37: OK14 | M37: =Table1423[[#This Row],[Slagg mängd]]&Table1423[[#This Row],[Gjuttemperatur]]&Table1423[[#This Row],[Temperatur motgjutningsyta]]&Table1423[[#This Row],[Väderskydd, uppvärmning (ingen vind)]]&Table1423[[#This Row],[Täckning '[mm']]]&Table1423[[#This Row],[OK <14 Dagar]]&Table1423[[#This Row],[OK <21 Dagar]]&Table1423[[#This Row],[Kommentar]] -> 0,31552050OK14
A38: 0.3 | B38: =Förutsättningar!M$25 -> 15 | C38: =Förutsättningar!N$25 -> 5 | D38: 20 | E38: 50 | F38: -15 | G38: 2 | H38: 12.8 | I38: OK14 | M38: =Table1423[[#This Row],[Slagg mängd]]&Table1423[[#This Row],[Gjuttemperatur]]&Table1423[[#This Row],[Temperatur motgjutningsyta]]&Table1423[[#This Row],[Väderskydd, uppvärmning (ingen vind)]]&Table1423[[#This Row],[Täckning '[mm']]]&Table1423[[#This Row],[OK <14 Dagar]]&Table1423[[#This Row],[OK <21 Dagar]]&Table1423[[#This Row],[Kommentar]] -> 0,31552050OK14
A39: - | B39: - | C39: - | D39: - | E39: - | F39: -15 | G39: 7 | L39: Frys innan täck | M39: =Table1423[[#This Row],[Slagg mängd]]&Table1423[[#This Row],[Gjuttemperatur]]&Table1423[[#This Row],[Temperatur motgjutningsyta]]&Table1423[[#This Row],[Väderskydd, uppvärmning (ingen vind)]]&Table1423[[#This Row],[Täckning '[mm']]]&Table1423[[#This Row],[OK <14 Dagar]]&Table1423[[#This Row],[OK <21 Dagar]]&Table1423[[#This Row],[Kommentar]] -> -----Frys innan täck
A40: - | B40: - | C40: - | D40: - | E40: - | F40: -15 | G40: 12 | L40: Frys innan täck | M40: =Table1423[[#This Row],[Slagg mängd]]&Table1423[[#This Row],[Gjuttemperatur]]&Table1423[[#This Row],[Temperatur motgjutningsyta]]&Table1423[[#This Row],[Väderskydd, uppvärmning (ingen vind)]]&Table1423[[#This Row],[Täckning '[mm']]]&Table1423[[#This Row],[OK <14 Dagar]]&Table1423[[#This Row],[OK <21 Dagar]]&Table1423[[#This Row],[Kommentar]] -> -----Frys innan täck
A41: - | B41: - | C41: - | D41: - | E41: - | F41: -15 | G41: 20 | L41: Frys innan täck | M41: =Table1423[[#This Row],[Slagg mängd]]&Table1423[[#This Row],[Gjuttemperatur]]&Table1423[[#This Row],[Temperatur motgjutningsyta]]&Table1423[[#This Row],[Väderskydd, uppvärmning (ingen vind)]]&Table1423[[#This Row],[Täckning '[mm']]]&Table1423[[#This Row],[OK <14 Dagar]]&Table1423[[#This Row],[OK <21 Dagar]]&Table1423[[#This Row],[Kommentar]] -> -----Frys innan täck
A42: 0.1 | B42: 10 | C42: 5 | D42: 20 | E42: 50 | F42: -20 | G42: 0 | H42: 12.8 | I42: OK14 | M42: =Table1423[[#This Row],[Slagg mängd]]&Table1423[[#This Row],[Gjuttemperatur]]&Table1423[[#This Row],[Temperatur motgjutningsyta]]&Table1423[[#This Row],[Väderskydd, uppvärmning (ingen vind)]]&Table1423[[#This Row],[Täckning '[mm']]]&Table1423[[#This Row],[OK <14 Dagar]]&Table1423[[#This Row],[OK <21 Dagar]]&Table1423[[#This Row],[Kommentar]] -> 0,11052050OK14
A43: 0.1 | B43: =Förutsättningar!M$26 -> 10 | C43: =Förutsättningar!N$26 -> 5 | D43: 20 | E43: 50 | F43: -20 | G43: 2 | H43: 13.8 | I43: OK14 | M43: =Table1423[[#This Row],[Slagg mängd]]&Table1423[[#This Row],[Gjuttemperatur]]&Table1423[[#This Row],[Temperatur motgjutningsyta]]&Table1423[[#This Row],[Väderskydd, uppvärmning (ingen vind)]]&Table1423[[#This Row],[Täckning '[mm']]]&Table1423[[#This Row],[OK <14 Dagar]]&Table1423[[#This Row],[OK <21 Dagar]]&Table1423[[#This Row],[Kommentar]] -> 0,11052050OK14
A44: - | B44: - | C44: - | D44: - | E44: - | F44: -20 | G44: 7 | L44: Frys innan täck | M44: =Table1423[[#This Row],[Slagg mängd]]&Table1423[[#This Row],[Gjuttemperatur]]&Table1423[[#This Row],[Temperatur motgjutningsyta]]&Table1423[[#This Row],[Väderskydd, uppvärmning (ingen vind)]]&Table1423[[#This Row],[Täckning '[mm']]]&Table1423[[#This Row],[OK <14 Dagar]]&Table1423[[#This Row],[OK <21 Dagar]]&Table1423[[#This Row],[Kommentar]] -> -----Frys innan täck
A45: - | B45: - | C45: - | D45: - | E45: - | F45: -20 | G45: 12 | L45: Frys innan täck | M45: =Table1423[[#This Row],[Slagg mängd]]&Table1423[[#This Row],[Gjuttemperatur]]&Table1423[[#This Row],[Temperatur motgjutningsyta]]&Table1423[[#This Row],[Väderskydd, uppvärmning (ingen vind)]]&Table1423[[#This Row],[Täckning '[mm']]]&Table1423[[#This Row],[OK <14 Dagar]]&Table1423[[#This Row],[OK <21 Dagar]]&Table1423[[#This Row],[Kommentar]] -> -----Frys innan täck
A46: - | B46: - | C46: - | D46: - | E46: - | F46: -20 | G46: 20 | L46: Frys innan täck | M46: =Table1423[[#This Row],[Slagg mängd]]&Table1423[[#This Row],[Gjuttemperatur]]&Table1423[[#This Row],[Temperatur motgjutningsyta]]&Table1423[[#This Row],[Väderskydd, uppvärmning (ingen vind)]]&Table1423[[#This Row],[Täckning '[mm']]]&Table1423[[#This Row],[OK <14 Dagar]]&Table1423[[#This Row],[OK <21 Dagar]]&Table1423[[#This Row],[Kommentar]] -> -----Frys innan täck

Sheet Bjälklag (C40-50)
A1: Slagg mängd | B1: Gjuttemperatur | C1: Temperatur motgjutningsyta | D1: Väderskydd, uppvärmning (ingen vind) | E1: Täckning [mm] | F1: Temperatur | G1: Vind | H1: <14 d och >70 % [Dagar] | I1: OK <14 Dagar | J1: <21 d och >70 % [Dagar] | K1: OK <21 Dagar | L1: Kommentar | M1: Åtgärdskåd
A2: 0.4 | B2: =Förutsättningar!M$18 -> 15 | C2: =Förutsättningar!N$18 -> 20 | D2: - | E2: - | F2: 20 | G2: 0 | H2: 5.4 | I2: OK14 | M2: =Table14[[#This Row],[Slagg mängd]]&Table14[[#This Row],[Gjuttemperatur]]&Table14[[#This Row],[Temperatur motgjutningsyta]]&Table14[[#This Row],[Väderskydd, uppvärmning (ingen vind)]]&Table14[[#This Row],[Täckning '[mm']]]&Table14[[#This Row],[OK <14 Dagar]]&Table14[[#This Row],[OK <21 Dagar]]&Table14[[#This Row],[Kommentar]] -> 0,41520--OK14
A3: 0.4 | B3: =Förutsättningar!$M$18 -> 15 | C3: =Förutsättningar!N$18 -> 20 | D3: - | E3: - | F3: 20 | G3: 2 | H3: 6 | I3: OK14 | M3: =Table14[[#This Row],[Slagg mängd]]&Table14[[#This Row],[Gjuttemperatur]]&Table14[[#This Row],[Temperatur motgjutningsyta]]&Table14[[#This Row],[Väderskydd, uppvärmning (ingen vind)]]&Table14[[#This Row],[Täckning '[mm']]]&Table14[[#This Row],[OK <14 Dagar]]&Table14[[#This Row],[OK <21 Dagar]]&Table14[[#This Row],[Kommentar]] -> 0,41520--OK14
A4: 0.4 | B4: =Förutsättningar!$M$18 -> 15 | C4: =Förutsättningar!N$18 -> 20 | D4: - | E4: - | F4: 20 | G4: 7 | H4: 6.3 | I4: OK14 | M4: =Table14[[#This Row],[Slagg mängd]]&Table14[[#This Row],[Gjuttemperatur]]&Table14[[#This Row],[Temperatur motgjutningsyta]]&Table14[[#This Row],[Väderskydd, uppvärmning (ingen vind)]]&Table14[[#This Row],[Täckning '[mm']]]&Table14[[#This Row],[OK <14 Dagar]]&Table14[[#This Row],[OK <21 Dagar]]&Table14[[#This Row],[Kommentar]] -> 0,41520--OK14
A5: 0.4 | B5: =Förutsättningar!$M$18 -> 15 | C5: =Förutsättningar!N$18 -> 20 | D5: - | E5: - | F5: 20 | G5: 12 | H5: 6.4 | I5: OK14 | M5: =Table14[[#This Row],[Slagg mängd]]&Table14[[#This Row],[Gjuttemperatur]]&Table14[[#This Row],[Temperatur motgjutningsyta]]&Table14[[#This Row],[Väderskydd, uppvärmning (ingen vind)]]&Table14[[#This Row],[Täckning '[mm']]]&Table14[[#This Row],[OK <14 Dagar]]&Table14[[#This Row],[OK <21 Dagar]]&Table14[[#This Row],[Kommentar]] -> 0,41520--OK14
A6: 0.4 | B6: =Förutsättningar!$M$18 -> 15 | C6: =Förutsättningar!N$18 -> 20 | D6: - | E6: - | F6: 20 | G6: 20 | H6: 6.4 | I6: OK14 | M6: =Table14[[#This Row],[Slagg mängd]]&Table14[[#This Row],[Gjuttemperatur]]&Table14[[#This Row],[Temperatur motgjutningsyta]]&Table14[[#This Row],[Väderskydd, uppvärmning (ingen vind)]]&Table14[[#This Row],[Täckning '[mm']]]&Table14[[#This Row],[OK <14 Dagar]]&Table14[[#This Row],[OK <21 Dagar]]&Table14[[#This Row],[Kommentar]] -> 0,41520--OK14
A7: 0.4 | B7: =Förutsättningar!M$19 -> 15 | C7: =Förutsättningar!N$19 -> 15 | D7: - | E7: - | F7: 15 | G7: 0 | H7: 7.1 | I7: OK14 | M7: =Table14[[#This Row],[Slagg mängd]]&Table14[[#This Row],[Gjuttemperatur]]&Table14[[#This Row],[Temperatur motgjutningsyta]]&Table14[[#This Row],[Väderskydd, uppvärmning (ingen vind)]]&Table14[[#This Row],[Täckning '[mm']]]&Table14[[#This Row],[OK <14 Dagar]]&Table14[[#This Row],[OK <21 Dagar]]&Table14[[#This Row],[Kommentar]] -> 0,41515--OK14
A8: 0.4 | B8: =Förutsättningar!M$19 -> 15 | C8: =Förutsättningar!N$19 -> 15 | D8: - | E8: - | F8: 15 | G8: 2 | H8: 8 | I8: OK14 | M8: =Table14[[#This Row],[Slagg mängd]]&Table14[[#This Row],[Gjuttemperatur]]&Table14[[#This Row],[Temperatur motgjutningsyta]]&Table14[[#This Row],[Väderskydd, uppvärmning (ingen vind)]]&Table14[[#This Row],[Täckning '[mm']]]&Table14[[#This Row],[OK <14 Dagar]]&Table14[[#This Row],[OK <21 Dagar]]&Table14[[#This Row],[Kommentar]] -> 0,41515--OK14
A9: 0.4 | B9: =Förutsättningar!M$19 -> 15 | C9: =Förutsättningar!N$19 -> 15 | D9: - | E9: - | F9: 15 | G9: 7 | H9: 8.3 | I9: OK14 | M9: =Table14[[#This Row],[Slagg mängd]]&Table14[[#This Row],[Gjuttemperatur]]&Table14[[#This Row],[Temperatur motgjutningsyta]]&Table14[[#This Row],[Väderskydd, uppvärmning (ingen vind)]]&Table14[[#This Row],[Täckning '[mm']]]&Table14[[#This Row],[OK <14 Dagar]]&Table14[[#This Row],[OK <21 Dagar]]&Table14[[#This Row],[Kommentar]] -> 0,41515--OK14
A10: 0.4 | B10: =Förutsättningar!M$19 -> 15 | C10: =Förutsättningar!N$19 -> 15 | D10: - | E10: - | F10: 15 | G10: 12 | H10: 8.4 | I10: OK14 | M10: =Table14[[#This Row],[Slagg mängd]]&Table14[[#This Row],[Gjuttemperatur]]&Table14[[#This Row],[Temperatur motgjutningsyta]]&Table14[[#This Row],[Väderskydd, uppvärmning (ingen vind)]]&Table14[[#This Row],[Täckning '[mm']]]&Table14[[#This Row],[OK <14 Dagar]]&Table14[[#This Row],[OK <21 Dagar]]&Table14[[#This Row],[Kommentar]] -> 0,41515--OK14
A11: 0.4 | B11: =Förutsättningar!M$19 -> 15 | C11: =Förutsättningar!N$19 -> 15 | D11: - | E11: - | F11: 15 | G11: 20 | H11: 8.4 | I11: OK14 | M11: =Table14[[#This Row],[Slagg mängd]]&Table14[[#This Row],[Gjuttemperatur]]&Table14[[#This Row],[Temperatur motgjutningsyta]]&Table14[[#This Row],[Väderskydd, uppvärmning (ingen vind)]]&Table14[[#This Row],[Täckning '[mm']]]&Table14[[#This Row],[OK <14 Dagar]]&Table14[[#This Row],[OK <21 Dagar]]&Table14[[#This Row],[Kommentar]] -> 0,41515--OK14
A12: 0.4 | B12: =Förutsättningar!M$20 -> 15 | C12: =Förutsättningar!N$20 -> 10 | D12: - | E12: - | F12: 10 | G12: 0 | H12: 9.9 | I12: OK14 | M12: =Table14[[#This Row],[Slagg mängd]]&Table14[[#This Row],[Gjuttemperatur]]&Table14[[#This Row],[Temperatur motgjutningsyta]]&Table14[[#This Row],[Väderskydd, uppvärmning (ingen vind)]]&Table14[[#This Row],[Täckning '[mm']]]&Table14[[#This Row],[OK <14 Dagar]]&Table14[[#This Row],[OK <21 Dagar]]&Table14[[#This Row],[Kommentar]] -> 0,41510--OK14
A13: 0.4 | B13: =Förutsättningar!M$20 -> 15 | C13: =Förutsättningar!N$20 -> 10 | D13: - | E13: - | F13: 10 | G13: 2 | H13: 11 | I13: OK14 | M13: =Table14[[#This Row],[Slagg mängd]]&Table14[[#This Row],[Gjuttemperatur]]&Table14[[#This Row],[Temperatur motgjutningsyta]]&Table14[[#This Row],[Väderskydd, uppvärmning (ingen vind)]]&Table14[[#This Row],[Täckning '[mm']]]&Table14[[#This Row],[OK <14 Dagar]]&Table14[[#This Row],[OK <21 Dagar]]&Table14[[#This Row],[Kommentar]] -> 0,41510--OK14
A14: 0.4 | B14: =Förutsättningar!M$20 -> 15 | C14: =Förutsättningar!N$20 -> 10 | D14: - | E14: - | F14: 10 | G14: 7 | H14: 11.4 | I14: OK14 | M14: =Table14[[#This Row],[Slagg mängd]]&Table14[[#This Row],[Gjuttemperatur]]&Table14[[#This Row],[Temperatur motgjutningsyta]]&Table14[[#This Row],[Väderskydd, uppvärmning (ingen vind)]]&Table14[[#This Row],[Täckning '[mm']]]&Table14[[#This Row],[OK <14 Dagar]]&Table14[[#This Row],[OK <21 Dagar]]&Table14[[#This Row],[Kommentar]] -> 0,41510--OK14
A15: 0.4 | B15: =Förutsättningar!M$20 -> 15 | C15: =Förutsättningar!N$20 -> 10 | D15: - | E15: - | F15: 10 | G15: 12 | H15: 11.5 | I15: OK14 | M15: =Table14[[#This Row],[Slagg mängd]]&Table14[[#This Row],[Gjuttemperatur]]&Table14[[#This Row],[Temperatur motgjutningsyta]]&Table14[[#This Row],[Väderskydd, uppvärmning (ingen vind)]]&Table14[[#This Row],[Täckning '[mm']]]&Table14[[#This Row],[OK <14 Dagar]]&Table14[[#This Row],[OK <21 Dagar]]&Table14[[#This Row],[Kommentar]] -> 0,41510--OK14
A16: 0.4 | B16: =Förutsättningar!M$20 -> 15 | C16: =Förutsättningar!N$20 -> 10 | D16: - | E16: - | F16: 10 | G16: 20 | H16: 11.6 | I16: OK14 | M16: =Table14[[#This Row],[Slagg mängd]]&Table14[[#This Row],[Gjuttemperatur]]&Table14[[#This Row],[Temperatur motgjutningsyta]]&Table14[[#This Row],[Väderskydd, uppvärmning (ingen vind)]]&Table14[[#This Row],[Täckning '[mm']]]&Table14[[#This Row],[OK <14 Dagar]]&Table14[[#This Row],[OK <21 Dagar]]&Table14[[#This Row],[Kommentar]] -> 0,41510--OK14
A17: 0.4 | B17: =Förutsättningar!M$21 -> 20 | C17: =Förutsättningar!N$21 -> 5 | D17: 0 | E17: Presenning | F17: 5 | G17: 0 | H17: 14 | I17: OK14 | M17: =Table14[[#This Row],[Slagg mängd]]&Table14[[#This Row],[Gjuttemperatur]]&Table14[[#This Row],[Temperatur motgjutningsyta]]&Table14[[#This Row],[Väderskydd, uppvärmning (ingen vind)]]&Table14[[#This Row],[Täckning '[mm']]]&Table14[[#This Row],[OK <14 Dagar]]&Table14[[#This Row],[OK <21 Dagar]]&Table14[[#This Row],[Kommentar]] -> 0,42050PresenningOK14
A18: 0.4 | B18: =Förutsättningar!M$21 -> 20 | C18: =Förutsättningar!N$21 -> 5 | D18: 0 | E18: 10 | F18: 5 | G18: 2 | H18: 13.4 | I18: OK14 | M18: =Table14[[#This Row],[Slagg mängd]]&Table14[[#This Row],[Gjuttemperatur]]&Table14[[#This Row],[Temperatur motgjutningsyta]]&Table14[[#This Row],[Väderskydd, uppvärmning (ingen vind)]]&Table14[[#This Row],[Täckning '[mm']]]&Table14[[#This Row],[OK <14 Dagar]]&Table14[[#This Row],[OK <21 Dagar]]&Table14[[#This Row],[Kommentar]] -> 0,4205010OK14
A19: 0.4 | B19: =Förutsättningar!M$21 -> 20 | C19: =Förutsättningar!N$21 -> 5 | D19: 0 | E19: 10 | F19: 5 | G19: 7 | H19: 13.8 | I19: OK14 | M19: =Table14[[#This Row],[Slagg mängd]]&Table14[[#This Row],[Gjuttemperatur]]&Table14[[#This Row],[Temperatur motgjutningsyta]]&Table14[[#This Row],[Väderskydd, uppvärmning (ingen vind)]]&Table14[[#This Row],[Täckning '[mm']]]&Table14[[#This Row],[OK <14 Dagar]]&Table14[[#This Row],[OK <21 Dagar]]&Table14[[#This Row],[Kommentar]] -> 0,4205010OK14
A20: 0.4 | B20: =Förutsättningar!M$21 -> 20 | C20: =Förutsättningar!N$21 -> 5 | D20: 0 | E20: 10 | F20: 5 | G20: 12 | H20: 13.9 | I20: OK14 | M20: =Table14[[#This Row],[Slagg mängd]]&Table14[[#This Row],[Gjuttemperatur]]&Table14[[#This Row],[Temperatur motgjutningsyta]]&Table14[[#This Row],[Väderskydd, uppvärmning (ingen vind)]]&Table14[[#This Row],[Täckning '[mm']]]&Table14[[#This Row],[OK <14 Dagar]]&Table14[[#This Row],[OK <21 Dagar]]&Table14[[#This Row],[Kommentar]] -> 0,4205010OK14
A21: 0.4 | B21: =Förutsättningar!M$21 -> 20 | C21: =Förutsättningar!N$21 -> 5 | D21: 0 | E21: 10 | F21: 5 | G21: 20 | H21: 14 | I21: OK14 | M21: =Table14[[#This Row],[Slagg mängd]]&Table14[[#This Row],[Gjuttemperatur]]&Table14[[#This Row],[Temperatur motgjutningsyta]]&Table14[[#This Row],[Väderskydd, uppvärmning (ingen vind)]]&Table14[[#This Row],[Täckning '[mm']]]&Table14[[#This Row],[OK <14 Dagar]]&Table14[[#This Row],[OK <21 Dagar]]&Table14[[#This Row],[Kommentar]] -> 0,4205010OK14
A22: 0.4 | B22: =Förutsättningar!M$22 -> 20 | C22: =Förutsättningar!N$22 -> 5 | D22: 20 | E22: Presenning | F22: 0 | G22: 0 | H22: 9.5 | I22: OK14 | M22: =Table14[[#This Row],[Slagg mängd]]&Table14[[#This Row],[Gjuttemperatur]]&Table14[[#This Row],[Temperatur motgjutningsyta]]&Table14[[#This Row],[Väderskydd, uppvärmning (ingen vind)]]&Table14[[#This Row],[Täckning '[mm']]]&Table14[[#This Row],[OK <14 Dagar]]&Table14[[#This Row],[OK <21 Dagar]]&Table14[[#This Row],[Kommentar]] -> 0,420520PresenningOK14
A23: 0.4 | B23: =Förutsättningar!M$22 -> 20 | C23: =Förutsättningar!N$22 -> 5 | D23: 20 | E23: Presenning | F23: 0 | G23: 2 | H23: 12.4 | I23: OK14 | M23: =Table14[[#This Row],[Slagg mängd]]&Table14[[#This Row],[Gjuttemperatur]]&Table14[[#This Row],[Temperatur motgjutningsyta]]&Table14[[#This Row],[Väderskydd, uppvärmning (ingen vind)]]&Table14[[#This Row],[Täckning '[mm']]]&Table14[[#This Row],[OK <14 Dagar]]&Table14[[#This Row],[OK <21 Dagar]]&Table14[[#This Row],[Kommentar]] -> 0,420520PresenningOK14
A24: 0.4 | B24: =Förutsättningar!M$22 -> 20 | C24: =Förutsättningar!N$22 -> 5 | D24: 20 | E24: 10 | F24: 0 | G24: 7 | H24: 8.7 | I24: OK14 | M24: =Table14[[#This Row],[Slagg mängd]]&Table14[[#This Row],[Gjuttemperatur]]&Table14[[#This Row],[Temperatur motgjutningsyta]]&Table14[[#This Row],[Väderskydd, uppvärmning (ingen vind)]]&Table14[[#This Row],[Täckning '[mm']]]&Table14[[#This Row],[OK <14 Dagar]]&Table14[[#This Row],[OK <21 Dagar]]&Table14[[#This Row],[Kommentar]] -> 0,42052010OK14
A25: 0.4 | B25: =Förutsättningar!M$22 -> 20 | C25: =Förutsättningar!N$22 -> 5 | D25: 20 | E25: 10 | F25: 0 | G25: 12 | H25: 9 | I25: OK14 | M25: =Table14[[#This Row],[Slagg mängd]]&Table14[[#This Row],[Gjuttemperatur]]&Table14[[#This Row],[Temperatur motgjutningsyta]]&Table14[[#This Row],[Väderskydd, uppvärmning (ingen vind)]]&Table14[[#This Row],[Täckning '[mm']]]&Table14[[#This Row],[OK <14 Dagar]]&Table14[[#This Row],[OK <21 Dagar]]&Table14[[#This Row],[Kommentar]] -> 0,42052010OK14
A26: 0.4 | B26: =Förutsättningar!M$22 -> 20 | C26: =Förutsättningar!N$22 -> 5 | D26: 20 | E26: 10 | F26: 0 | G26: 20 | H26: 9.1 | I26: OK14 | M26: =Table14[[#This Row],[Slagg mängd]]&Table14[[#This Row],[Gjuttemperatur]]&Table14[[#This Row],[Temperatur motgjutningsyta]]&Table14[[#This Row],[Väderskydd, uppvärmning (ingen vind)]]&Table14[[#This Row],[Täckning '[mm']]]&Table14[[#This Row],[OK <14 Dagar]]&Table14[[#This Row],[OK <21 Dagar]]&Table14[[#This Row],[Kommentar]] -> 0,42052010OK14
A27: 0.4 | B27: =Förutsättningar!M$23 -> 20 | C27: =Förutsättningar!N$23 -> 5 | D27: 20 | E27: Presenning | F27: -5 | G27: 0 | H27: 14 | I27: OK14 | M27: =Table14[[#This Row],[Slagg mängd]]&Table14[[#This Row],[Gjuttemperatur]]&Table14[[#This Row],[Temperatur motgjutningsyta]]&Table14[[#This Row],[Väderskydd, uppvärmning (ingen vind)]]&Table14[[#This Row],[Täckning '[mm']]]&Table14[[#This Row],[OK <14 Dagar]]&Table14[[#This Row],[OK <21 Dagar]]&Table14[[#This Row],[Kommentar]] -> 0,420520PresenningOK14
A28: 0.4 | B28: =Förutsättningar!M$23 -> 20 | C28: =Förutsättningar!N$23 -> 5 | D28: 20 | E28: 10 | F28: -5 | G28: 2 | H28: 12 | I28: OK14 | M28: =Table14[[#This Row],[Slagg mängd]]&Table14[[#This Row],[Gjuttemperatur]]&Table14[[#This Row],[Temperatur motgjutningsyta]]&Table14[[#This Row],[Väderskydd, uppvärmning (ingen vind)]]&Table14[[#This Row],[Täckning '[mm']]]&Table14[[#This Row],[OK <14 Dagar]]&Table14[[#This Row],[OK <21 Dagar]]&Table14[[#This Row],[Kommentar]] -> 0,42052010OK14
A29: 0.4 | B29: =Förutsättningar!M$23 -> 20 | C29: =Förutsättningar!N$23 -> 5 | D29: 20 | E29: 10 | F29: -5 | G29: 7 | H29: 12.8 | I29: OK14 | M29: =Table14[[#This Row],[Slagg mängd]]&Table14[[#This Row],[Gjuttemperatur]]&Table14[[#This Row],[Temperatur motgjutningsyta]]&Table14[[#This Row],[Väderskydd, uppvärmning (ingen vind)]]&Table14[[#This Row],[Täckning '[mm']]]&Table14[[#This Row],[OK <14 Dagar]]&Table14[[#This Row],[OK <21 Dagar]]&Table14[[#This Row],[Kommentar]] -> 0,42052010OK14
A30: 0.4 | B30: =Förutsättningar!M$23 -> 20 | C30: =Förutsättningar!N$23 -> 5 | D30: 20 | E30: 10 | F30: -5 | G30: 12 | H30: 13.1 | I30: OK14 | M30: =Table14[[#This Row],[Slagg mängd]]&Table14[[#This Row],[Gjuttemperatur]]&Table14[[#This Row],[Temperatur motgjutningsyta]]&Table14[[#This Row],[Väderskydd, uppvärmning (ingen vind)]]&Table14[[#This Row],[Täckning '[mm']]]&Table14[[#This Row],[OK <14 Dagar]]&Table14[[#This Row],[OK <21 Dagar]]&Table14[[#This Row],[Kommentar]] -> 0,42052010OK14
A31: 0.4 | B31: =Förutsättningar!M$23 -> 20 | C31: =Förutsättningar!N$23 -> 5 | D31: 20 | E31: 10 | F31: -5 | G31: 20 | H31: 13.3 | I31: OK14 | M31: =Table14[[#This Row],[Slagg mängd]]&Table14[[#This Row],[Gjuttemperatur]]&Table14[[#This Row],[Temperatur motgjutningsyta]]&Table14[[#This Row],[Väderskydd, uppvärmning (ingen vind)]]&Table14[[#This Row],[Täckning '[mm']]]&Table14[[#This Row],[OK <14 Dagar]]&Table14[[#This Row],[OK <21 Dagar]]&Table14[[#This Row],[Kommentar]] -> 0,42052010OK14
A32: 0.4 | B32: =Förutsättningar!M$24 -> 20 | C32: =Förutsättningar!N$24 -> 5 | D32: 20 | E32: 20 | F32: -10 | G32: 0 | H32: 12.4 | I32: OK14 | M32: =Table14[[#This Row],[Slagg mängd]]&Table14[[#This Row],[Gjuttemperatur]]&Table14[[#This Row],[Temperatur motgjutningsyta]]&Table14[[#This Row],[Väderskydd, uppvärmning (ingen vind)]]&Table14[[#This Row],[Täckning '[mm']]]&Table14[[#This Row],[OK <14 Dagar]]&Table14[[#This Row],[OK <21 Dagar]]&Table14[[#This Row],[Kommentar]] -> 0,42052020OK14
A33: 0.4 | B33: =Förutsättningar!M$24 -> 20 | C33: =Förutsättningar!N$24 -> 5 | D33: 20 | E33: 20 | F33: -10 | G33: 2 | H33: 13.7 | I33: OK14 | M33: =Table14[[#This Row],[Slagg mängd]]&Table14[[#This Row],[Gjuttemperatur]]&Table14[[#This Row],[Temperatur motgjutningsyta]]&Table14[[#This Row],[Väderskydd, uppvärmning (ingen vind)]]&Table14[[#This Row],[Täckning '[mm']]]&Table14[[#This Row],[OK <14 Dagar]]&Table14[[#This Row],[OK <21 Dagar]]&Table14[[#This Row],[Kommentar]] -> 0,42052020OK14
A34: 0.4 | B34: =Förutsättningar!M$24 -> 20 | C34: =Förutsättningar!N$24 -> 5 | D34: 20 | E34: 30 | F34: -10 | G34: 7 | H34: 12.3 | I34: OK14 | M34: =Table14[[#This Row],[Slagg mängd]]&Table14[[#This Row],[Gjuttemperatur]]&Table14[[#This Row],[Temperatur motgjutningsyta]]&Table14[[#This Row],[Väderskydd, uppvärmning (ingen vind)]]&Table14[[#This Row],[Täckning '[mm']]]&Table14[[#This Row],[OK <14 Dagar]]&Table14[[#This Row],[OK <21 Dagar]]&Table14[[#This Row],[Kommentar]] -> 0,42052030OK14
A35: - | B35: - | C35: - | D35: - | E35: - | F35: -10 | G35: 12 | L35: Frys innan täck | M35: =Table14[[#This Row],[Slagg mängd]]&Table14[[#This Row],[Gjuttemperatur]]&Table14[[#This Row],[Temperatur motgjutningsyta]]&Table14[[#This Row],[Väderskydd, uppvärmning (ingen vind)]]&Table14[[#This Row],[Täckning '[mm']]]&Table14[[#This Row],[OK <14 Dagar]]&Table14[[#This Row],[OK <21 Dagar]]&Table14[[#This Row],[Kommentar]] -> -----Frys innan täck
A36: - | B36: - | C36: - | D36: - | E36: - | F36: -10 | G36: 20 | L36: Frys innan täck | M36: =Table14[[#This Row],[Slagg mängd]]&Table14[[#This Row],[Gjuttemperatur]]&Table14[[#This Row],[Temperatur motgjutningsyta]]&Table14[[#This Row],[Väderskydd, uppvärmning (ingen vind)]]&Table14[[#This Row],[Täckning '[mm']]]&Table14[[#This Row],[OK <14 Dagar]]&Table14[[#This Row],[OK <21 Dagar]]&Table14[[#This Row],[Kommentar]] -> -----Frys innan täck
A37: 0.3 | B37: =Förutsättningar!M$25 -> 15 | C37: =Förutsättningar!N$25 -> 5 | D37: 20 | E37: 50 | F37: -15 | G37: 0 | H37: 11 | I37: OK14 | M37: =Table14[[#This Row],[Slagg mängd]]&Table14[[#This Row],[Gjuttemperatur]]&Table14[[#This Row],[Temperatur motgjutningsyta]]&Table14[[#This Row],[Väderskydd, uppvärmning (ingen vind)]]&Table14[[#This Row],[Täckning '[mm']]]&Table14[[#This Row],[OK <14 Dagar]]&Table14[[#This Row],[OK <21 Dagar]]&Table14[[#This Row],[Kommentar]] -> 0,31552050OK14
A38: 0.3 | B38: =Förutsättningar!M$25 -> 15 | C38: =Förutsättningar!N$25 -> 5 | D38: 20 | E38: 50 | F38: -15 | G38: 2 | H38: 11.5 | I38: OK14 | M38: =Table14[[#This Row],[Slagg mängd]]&Table14[[#This Row],[Gjuttemperatur]]&Table14[[#This Row],[Temperatur motgjutningsyta]]&Table14[[#This Row],[Väderskydd, uppvärmning (ingen vind)]]&Table14[[#This Row],[Täckning '[mm']]]&Table14[[#This Row],[OK <14 Dagar]]&Table14[[#This Row],[OK <21 Dagar]]&Table14[[#This Row],[Kommentar]] -> 0,31552050OK14
A39: - | B39: - | C39: - | D39: - | E39: - | F39: -15 | G39: 7 | L39: Frys innan täck | M39: =Table14[[#This Row],[Slagg mängd]]&Table14[[#This Row],[Gjuttemperatur]]&Table14[[#This Row],[Temperatur motgjutningsyta]]&Table14[[#This Row],[Väderskydd, uppvärmning (ingen vind)]]&Table14[[#This Row],[Täckning '[mm']]]&Table14[[#This Row],[OK <14 Dagar]]&Table14[[#This Row],[OK <21 Dagar]]&Table14[[#This Row],[Kommentar]] -> -----Frys innan täck
A40: - | B40: - | C40: - | D40: - | E40: - | F40: -15 | G40: 12 | L40: Frys innan täck | M40: =Table14[[#This Row],[Slagg mängd]]&Table14[[#This Row],[Gjuttemperatur]]&Table14[[#This Row],[Temperatur motgjutningsyta]]&Table14[[#This Row],[Väderskydd, uppvärmning (ingen vind)]]&Table14[[#This Row],[Täckning '[mm']]]&Table14[[#This Row],[OK <14 Dagar]]&Table14[[#This Row],[OK <21 Dagar]]&Table14[[#This Row],[Kommentar]] -> -----Frys innan täck
A41: - | B41: - | C41: - | D41: - | E41: - | F41: -15 | G41: 20 | L41: Frys innan täck | M41: =Table14[[#This Row],[Slagg mängd]]&Table14[[#This Row],[Gjuttemperatur]]&Table14[[#This Row],[Temperatur motgjutningsyta]]&Table14[[#This Row],[Väderskydd, uppvärmning (ingen vind)]]&Table14[[#This Row],[Täckning '[mm']]]&Table14[[#This Row],[OK <14 Dagar]]&Table14[[#This Row],[OK <21 Dagar]]&Table14[[#This Row],[Kommentar]] -> -----Frys innan täck
A42: 0.1 | B42: =Förutsättningar!M$26 -> 10 | C42: =Förutsättningar!N$26 -> 5 | D42: 20 | E42: 50 | F42: -20 | G42: 0 | H42: 9.8 | I42: OK14 | M42: =Table14[[#This Row],[Slagg mängd]]&Table14[[#This Row],[Gjuttemperatur]]&Table14[[#This Row],[Temperatur motgjutningsyta]]&Table14[[#This Row],[Väderskydd, uppvärmning (ingen vind)]]&Table14[[#This Row],[Täckning '[mm']]]&Table14[[#This Row],[OK <14 Dagar]]&Table14[[#This Row],[OK <21 Dagar]]&Table14[[#This Row],[Kommentar]] -> 0,11052050OK14
A43: 0.1 | B43: =Förutsättningar!M$26 -> 10 | C43: =Förutsättningar!N$26 -> 5 | D43: 20 | E43: 50 | F43: -20 | G43: 2 | H43: 10.8 | I43: OK14 | M43: =Table14[[#This Row],[Slagg mängd]]&Table14[[#This Row],[Gjuttemperatur]]&Table14[[#This Row],[Temperatur motgjutningsyta]]&Table14[[#This Row],[Väderskydd, uppvärmning (ingen vind)]]&Table14[[#This Row],[Täckning '[mm']]]&Table14[[#This Row],[OK <14 Dagar]]&Table14[[#This Row],[OK <21 Dagar]]&Table14[[#This Row],[Kommentar]] -> 0,11052050OK14
A44: - | B44: - | C44: - | D44: - | E44: - | F44: -20 | G44: 7 | L44: Frys innan täck | M44: =Table14[[#This Row],[Slagg mängd]]&Table14[[#This Row],[Gjuttemperatur]]&Table14[[#This Row],[Temperatur motgjutningsyta]]&Table14[[#This Row],[Väderskydd, uppvärmning (ingen vind)]]&Table14[[#This Row],[Täckning '[mm']]]&Table14[[#This Row],[OK <14 Dagar]]&Table14[[#This Row],[OK <21 Dagar]]&Table14[[#This Row],[Kommentar]] -> -----Frys innan täck
A45: - | B45: - | C45: - | D45: - | E45: - | F45: -20 | G45: 12 | L45: Frys innan täck | M45: =Table14[[#This Row],[Slagg mängd]]&Table14[[#This Row],[Gjuttemperatur]]&Table14[[#This Row],[Temperatur motgjutningsyta]]&Table14[[#This Row],[Väderskydd, uppvärmning (ingen vind)]]&Table14[[#This Row],[Täckning '[mm']]]&Table14[[#This Row],[OK <14 Dagar]]&Table14[[#This Row],[OK <21 Dagar]]&Table14[[#This Row],[Kommentar]] -> -----Frys innan täck
A46: - | B46: - | C46: - | D46: - | E46: - | F46: -20 | G46: 20 | L46: Frys innan täck | M46: =Table14[[#This Row],[Slagg mängd]]&Table14[[#This Row],[Gjuttemperatur]]&Table14[[#This Row],[Temperatur motgjutningsyta]]&Table14[[#This Row],[Väderskydd, uppvärmning (ingen vind)]]&Table14[[#This Row],[Täckning '[mm']]]&Table14[[#This Row],[OK <14 Dagar]]&Table14[[#This Row],[OK <21 Dagar]]&Table14[[#This Row],[Kommentar]] -> -----Frys innan täck

Sheet Data till Lathund, Kådgenererin
A1: Temperatur | B1: Vind | C1: C20/25 | D1: C25/30 | E1: C28/25 | F1: C30/37 | G1: C32/40 | H1: C35/45 | I1: C40/50 | K1: Temperatur | L1: Vind | M1: Column1 | N1: Åtgärdskåd | O1: Åtgärdssvårighet | P1: Nummer
A2: 20 | B2: 0 | C2: =Table141719202122[[#This Row],[Åtgärdskåd]] -> 0,41520--OK14 | D2: =Table1417192021[[#This Row],[Åtgärdskåd]] -> 0,41520--OK14 | E2: =Table14171920[[#This Row],[Åtgärdskåd]] -> 0,41520--OK14 | F2: =Table141719[[#This Row],[Åtgärdskåd]] -> 0,41520--OK14 | G2: =Table1417[[#This Row],[Åtgärdskåd]] -> 0,41520--OK14 | H2: =Table1423[[#This Row],[Åtgärdskåd]] -> 0,41520--OK14 | I2: =Table14[[#This Row],[Åtgärdskåd]] -> 0,41520--OK14 | N2: =Table8[[#This Row],[Column1]] -> 0,41520--OK14 | P2: =MATCH(N2, _xlfn.UNIQUE($N$2:$N$339), 0) -> 1 | R2: 1 | S2: 0,41520--OK14
A3: 20 | B3: 2 | C3: =Table141719202122[[#This Row],[Åtgärdskåd]] -> 0,41520--OK14 | D3: =Table1417192021[[#This Row],[Åtgärdskåd]] -> 0,41520--OK14 | E3: =Table14171920[[#This Row],[Åtgärdskåd]] -> 0,41520--OK14 | F3: =Table141719[[#This Row],[Åtgärdskåd]] -> 0,41520--OK14 | G3: =Table1417[[#This Row],[Åtgärdskåd]] -> 0,41520--OK14 | H3: =Table1423[[#This Row],[Åtgärdskåd]] -> 0,41520--OK14 | I3: =Table14[[#This Row],[Åtgärdskåd]] -> 0,41520--OK14 | N3: =Table8[[#This Row],[Column1]] -> 0,41515--OK14 | P3: =MATCH(N3, _xlfn.UNIQUE($N$2:$N$339), 0) -> 2 | R3: 2 | S3: 0,41515--OK14
A4: 20 | B4: 7 | C4: =Table141719202122[[#This Row],[Åtgärdskåd]] -> 0,41520--OK14 | D4: =Table1417192021[[#This Row],[Åtgärdskåd]] -> 0,41520--OK14 | E4: =Table14171920[[#This Row],[Åtgärdskåd]] -> 0,41520--OK14 | F4: =Table141719[[#This Row],[Åtgärdskåd]] -> 0,41520--OK14 | G4: =Table1417[[#This Row],[Åtgärdskåd]] -> 0,41520--OK14 | H4: =Table1423[[#This Row],[Åtgärdskåd]] -> 0,41520--OK14 | I4: =Table14[[#This Row],[Åtgärdskåd]] -> 0,41520--OK14 | N4: =Table8[[#This Row],[Column1]] -> 0,41510--OK14 | P4: =MATCH(N4, _xlfn.UNIQUE($N$2:$N$339), 0) -> 3 | R4: 3 | S4: 0,41510--OK14
A5: 20 | B5: 12 | C5: =Table141719202122[[#This Row],[Åtgärdskåd]] -> 0,41520--OK14 | D5: =Table1417192021[[#This Row],[Åtgärdskåd]] -> 0,41520--OK14 | E5: =Table14171920[[#This Row],[Åtgärdskåd]] -> 0,41520--OK14 | F5: =Table141719[[#This Row],[Åtgärdskåd]] -> 0,41520--OK14 | G5: =Table1417[[#This Row],[Åtgärdskåd]] -> 0,41520--OK14 | H5: =Table1423[[#This Row],[Åtgärdskåd]] -> 0,41520--OK14 | I5: =Table14[[#This Row],[Åtgärdskåd]] -> 0,41520--OK14 | N5: =Table8[[#This Row],[Column1]] -> 0,415100-OK14 | P5: =MATCH(N5, _xlfn.UNIQUE($N$2:$N$339), 0) -> 4 | R5: 4 | S5: 0,41510010OK14
A6: 20 | B6: 20 | C6: =Table141719202122[[#This Row],[Åtgärdskåd]] -> 0,41520--OK14 | D6: =Table1417192021[[#This Row],[Åtgärdskåd]] -> 0,41520--OK14 | E6: =Table14171920[[#This Row],[Åtgärdskåd]] -> 0,41520--OK14 | F6: =Table141719[[#This Row],[Åtgärdskåd]] -> 0,41520--OK14 | G6: =Table1417[[#This Row],[Åtgärdskåd]] -> 0,41520--OK14 | H6: =Table1423[[#This Row],[Åtgärdskåd]] -> 0,41520--OK14 | I6: =Table14[[#This Row],[Åtgärdskåd]] -> 0,41520--OK14 | N6: =Table8[[#This Row],[Column1]] -> 0,42050PresenningOK14 | P6: =MATCH(N6, _xlfn.UNIQUE($N$2:$N$339), 0) -> 5 | R6: 5 | S6: 0,420520-OK14
A7: 15 | B7: 0 | C7: =Table141719202122[[#This Row],[Åtgärdskåd]] -> 0,41515--OK14 | D7: =Table1417192021[[#This Row],[Åtgärdskåd]] -> 0,41515--OK14 | E7: =Table14171920[[#This Row],[Åtgärdskåd]] -> 0,41515--OK14 | F7: =Table141719[[#This Row],[Åtgärdskåd]] -> 0,41515--OK14 | G7: =Table1417[[#This Row],[Åtgärdskåd]] -> 0,41515--OK14 | H7: =Table1423[[#This Row],[Åtgärdskåd]] -> 0,41515--OK14 | I7: =Table14[[#This Row],[Åtgärdskåd]] -> 0,41515--OK14 | N7: =Table8[[#This Row],[Column1]] -> 0,41510010OK14 | P7: =MATCH(N7, _xlfn.UNIQUE($N$2:$N$339), 0) -> 6 | R7: 6 | S7: 0,420520PresenningOK14
A8: 15 | B8: 2 | C8: =Table141719202122[[#This Row],[Åtgärdskåd]] -> 0,41515--OK14 | D8: =Table1417192021[[#This Row],[Åtgärdskåd]] -> 0,41515--OK14 | E8: =Table14171920[[#This Row],[Åtgärdskåd]] -> 0,41515--OK14 | F8: =Table141719[[#This Row],[Åtgärdskåd]] -> 0,41515--OK14 | G8: =Table1417[[#This Row],[Åtgärdskåd]] -> 0,41515--OK14 | H8: =Table1423[[#This Row],[Åtgärdskåd]] -> 0,41515--OK14 | I8: =Table14[[#This Row],[Åtgärdskåd]] -> 0,41515--OK14 | N8: =Table8[[#This Row],[Column1]] -> 0,4205010OK14 | P8: =MATCH(N8, _xlfn.UNIQUE($N$2:$N$339), 0) -> 7 | R8: 7 | S8: 0,42052010OK14
A9: 15 | B9: 7 | C9: =Table141719202122[[#This Row],[Åtgärdskåd]] -> 0,41515--OK14 | D9: =Table1417192021[[#This Row],[Åtgärdskåd]] -> 0,41515--OK14 | E9: =Table14171920[[#This Row],[Åtgärdskåd]] -> 0,41515--OK14 | F9: =Table141719[[#This Row],[Åtgärdskåd]] -> 0,41515--OK14 | G9: =Table1417[[#This Row],[Åtgärdskåd]] -> 0,41515--OK14 | H9: =Table1423[[#This Row],[Åtgärdskåd]] -> 0,41515--OK14 | I9: =Table14[[#This Row],[Åtgärdskåd]] -> 0,41515--OK14 | N9: =Table8[[#This Row],[Column1]] -> 0,4205020OK14 | P9: =MATCH(N9, _xlfn.UNIQUE($N$2:$N$339), 0) -> 8 | R9: 8 | S9: 0,42052020OK14
A10: 15 | B10: 12 | C10: =Table141719202122[[#This Row],[Åtgärdskåd]] -> 0,41515--OK14 | D10: =Table1417192021[[#This Row],[Åtgärdskåd]] -> 0,41515--OK14 | E10: =Table14171920[[#This Row],[Åtgärdskåd]] -> 0,41515--OK14 | F10: =Table141719[[#This Row],[Åtgärdskåd]] -> 0,41515--OK14 | G10: =Table1417[[#This Row],[Åtgärdskåd]] -> 0,41515--OK14 | H10: =Table1423[[#This Row],[Åtgärdskåd]] -> 0,41515--OK14 | I10: =Table14[[#This Row],[Åtgärdskåd]] -> 0,41515--OK14 | N10: =Table8[[#This Row],[Column1]] -> 0,4205030OK14 | P10: =MATCH(N10, _xlfn.UNIQUE($N$2:$N$339), 0) -> 9 | R10: 9 | S10: 0,42052030OK14
A11: 15 | B11: 20 | C11: =Table141719202122[[#This Row],[Åtgärdskåd]] -> 0,41515--OK14 | D11: =Table1417192021[[#This Row],[Åtgärdskåd]] -> 0,41515--OK14 | E11: =Table14171920[[#This Row],[Åtgärdskåd]] -> 0,41515--OK14 | F11: =Table141719[[#This Row],[Åtgärdskåd]] -> 0,41515--OK14 | G11: =Table1417[[#This Row],[Åtgärdskåd]] -> 0,41515--OK14 | H11: =Table1423[[#This Row],[Åtgärdskåd]] -> 0,41515--OK14 | I11: =Table14[[#This Row],[Åtgärdskåd]] -> 0,41515--OK14 | N11: =Table8[[#This Row],[Column1]] -> 0,4205050OK14 | P11: =MATCH(N11, _xlfn.UNIQUE($N$2:$N$339), 0) -> 10 | R11: 10 | S11: 0,32052050OK14
A12: 10 | B12: 0 | C12: =Table141719202122[[#This Row],[Åtgärdskåd]] -> 0,41510--OK14 | D12: =Table1417192021[[#This Row],[Åtgärdskåd]] -> 0,41510--OK14 | E12: =Table14171920[[#This Row],[Åtgärdskåd]] -> 0,41510--OK14 | F12: =Table141719[[#This Row],[Åtgärdskåd]] -> 0,41510--OK14 | G12: =Table1417[[#This Row],[Åtgärdskåd]] -> 0,41510--OK14 | H12: =Table1423[[#This Row],[Åtgärdskåd]] -> 0,41510--OK14 | I12: =Table14[[#This Row],[Åtgärdskåd]] -> 0,41510--OK14 | N12: =Table8[[#This Row],[Column1]] -> 0,420520-OK14 | P12: =MATCH(N12, _xlfn.UNIQUE($N$2:$N$339), 0) -> 11 | R12: 11 | S12: -----Frys innan täck
A13: 10 | B13: 2 | C13: =Table141719202122[[#This Row],[Åtgärdskåd]] -> 0,41510010OK14 | D13: =Table1417192021[[#This Row],[Åtgärdskåd]] -> 0,41510--OK14 | E13: =Table14171920[[#This Row],[Åtgärdskåd]] -> 0,41510--OK14 | F13: =Table141719[[#This Row],[Åtgärdskåd]] -> 0,41510--OK14 | G13: =Table1417[[#This Row],[Åtgärdskåd]] -> 0,41510--OK14 | H13: =Table1423[[#This Row],[Åtgärdskåd]] -> 0,41510--OK14 | I13: =Table14[[#This Row],[Åtgärdskåd]] -> 0,41510--OK14 | N13: =Table8[[#This Row],[Column1]] -> 0,420520PresenningOK14 | P13: =MATCH(N13, _xlfn.UNIQUE($N$2:$N$339), 0) -> 12 | R13: 12 | S13: 0,11552050OK14
... A24: 0 | B24: 7 | C24: =Table141719202122[[#This Row],[Åtgärdskåd]] -> 0,42052010OK14 | D24: =Table1417192021[[#This Row],[Åtgärdskåd]] -> 0,42052010OK14 | E24: =Table14171920[[#This Row],[Åtgärdskåd]] -> 0,42052010OK14 | F24: =Table141719[[#This Row],[Åtgärdskåd]] -> 0,42052010OK14 | G24: =Table1417[[#This Row],[Åtgärdskåd]] -> 0,42052010OK14 | H24: =Table1423[[#This Row],[Åtgärdskåd]] -> 0,42052010OK14 | I24: =Table14[[#This Row],[Åtgärdskåd]] -> 0,42052010OK14 | N24: =Table8[[#This Row],[Column1]] -> -----Frys innan täck | P24: =MATCH(N24, _xlfn.UNIQUE($N$2:$N$339), 0) -> 23 | R24: 23 | S24: 0,42050PresenningOK14
A25: 0 | B25: 12 | C25: =Table141719202122[[#This Row],[Åtgärdskåd]] -> 0,42052010OK14 | D25: =Table1417192021[[#This Row],[Åtgärdskåd]] -> 0,42052010OK14 | E25: =Table14171920[[#This Row],[Åtgärdskåd]] -> 0,42052010OK14 | F25: =Table141719[[#This Row],[Åtgärdskåd]] -> 0,42052010OK14 | G25: =Table1417[[#This Row],[Åtgärdskåd]] -> 0,42052010OK14 | H25: =Table1423[[#This Row],[Åtgärdskåd]] -> 0,42052010OK14 | I25: =Table14[[#This Row],[Åtgärdskåd]] -> 0,42052010OK14 | K25: 20 | L25: 0 | M25: =Table6[[#Headers],[C20/25]] -> C20/25 | N25: =C2 -> 0,41520--OK14 | P25: =MATCH(N25, _xlfn.UNIQUE($N$2:$N$339), 0) -> 1 | R25: =MATCH(N25, _xlfn.UNIQUE($N$25:$N$339), 0) -> 1
A26: 0 | B26: 20 | C26: =Table141719202122[[#This Row],[Åtgärdskåd]] -> 0,42052010OK14 | D26: =Table1417192021[[#This Row],[Åtgärdskåd]] -> 0,42052010OK14 | E26: =Table14171920[[#This Row],[Åtgärdskåd]] -> 0,42052010OK14 | F26: =Table141719[[#This Row],[Åtgärdskåd]] -> 0,42052010OK14 | G26: =Table1417[[#This Row],[Åtgärdskåd]] -> 0,42052010OK14 | H26: =Table1423[[#This Row],[Åtgärdskåd]] -> 0,42052010OK14 | I26: =Table14[[#This Row],[Åtgärdskåd]] -> 0,42052010OK14 | K26: 20 | L26: 2 | N26: =C3 -> 0,41520--OK14 | P26: =MATCH(N26, _xlfn.UNIQUE($N$2:$N$339), 0) -> 1 | R26: =MATCH(N26, _xlfn.UNIQUE($N$25:$N$339), 0) -> 1
A27: -5 | B27: 0 | C27: =Table141719202122[[#This Row],[Åtgärdskåd]] -> 0,42052020OK14 | D27: =Table1417192021[[#This Row],[Åtgärdskåd]] -> 0,42052010OK14 | E27: =Table14171920[[#This Row],[Åtgärdskåd]] -> 0,42052010OK14 | F27: =Table141719[[#This Row],[Åtgärdskåd]] -> 0,42052010OK14 | G27: =Table1417[[#This Row],[Åtgärdskåd]] -> 0,42052010OK14 | H27: =Table1423[[#This Row],[Åtgärdskåd]] -> 0,42052010OK14 | I27: =Table14[[#This Row],[Åtgärdskåd]] -> 0,420520PresenningOK14 | K27: 20 | L27: 7 | N27: =C4 -> 0,41520--OK14 | P27: =MATCH(N27, _xlfn.UNIQUE($N$2:$N$339), 0) -> 1 | R27: =MATCH(N27, _xlfn.UNIQUE($N$25:$N$339), 0) -> 1
A28: -5 | B28: 2 | C28: =Table141719202122[[#This Row],[Åtgärdskåd]] -> 0,42052020OK14 | D28: =Table1417192021[[#This Row],[Åtgärdskåd]] -> 0,42052020OK14 | E28: =Table14171920[[#This Row],[Åtgärdskåd]] -> 0,42052020OK14 | F28: =Table141719[[#This Row],[Åtgärdskåd]] -> 0,42052010OK14 | G28: =Table1417[[#This Row],[Åtgärdskåd]] -> 0,42052010OK14 | H28: =Table1423[[#This Row],[Åtgärdskåd]] -> 0,42052010OK14 | I28: =Table14[[#This Row],[Åtgärdskåd]] -> 0,42052010OK14 | K28: 20 | L28: 12 | N28: =C5 -> 0,41520--OK14 | P28: =MATCH(N28, _xlfn.UNIQUE($N$2:$N$339), 0) -> 1 | R28: =MATCH(N28, _xlfn.UNIQUE($N$25:$N$339), 0) -> 1
A29: -5 | B29: 7 | C29: =Table141719202122[[#This Row],[Åtgärdskåd]] -> 0,42052030OK14 | D29: =Table1417192021[[#This Row],[Åtgärdskåd]] -> 0,42052020OK14 | E29: =Table14171920[[#This Row],[Åtgärdskåd]] -> 0,42052020OK14 | F29: =Table141719[[#This Row],[Åtgärdskåd]] -> 0,42052020OK14 | G29: =Table1417[[#This Row],[Åtgärdskåd]] -> 0,42052010OK14 | H29: =Table1423[[#This Row],[Åtgärdskåd]] -> 0,42052010OK14 | I29: =Table14[[#This Row],[Åtgärdskåd]] -> 0,42052010OK14 | K29: 20 | L29: 20 | N29: =C6 -> 0,41520--OK14 | P29: =MATCH(N29, _xlfn.UNIQUE($N$2:$N$339), 0) -> 1 | R29: =MATCH(N29, _xlfn.UNIQUE($N$25:$N$339), 0) -> 1
A30: -5 | B30: 12 | C30: =Table141719202122[[#This Row],[Åtgärdskåd]] -> 0,42052030OK14 | D30: =Table1417192021[[#This Row],[Åtgärdskåd]] -> 0,42052020OK14 | E30: =Table14171920[[#This Row],[Åtgärdskåd]] -> 0,42052020OK14 | F30: =Table141719[[#This Row],[Åtgärdskåd]] -> 0,42052020OK14 | G30: =Table1417[[#This Row],[Åtgärdskåd]] -> 0,42052020OK14 | H30: =Table1423[[#This Row],[Åtgärdskåd]] -> 0,42052010OK14 | I30: =Table14[[#This Row],[Åtgärdskåd]] -> 0,42052010OK14 | K30: 15 | L30: 0 | N30: =C7 -> 0,41515--OK14 | P30: =MATCH(N30, _xlfn.UNIQUE($N$2:$N$339), 0) -> 2 | R30: =MATCH(N30, _xlfn.UNIQUE($N$25:$N$339), 0) -> 2
A31: -5 | B31: 20 | C31: =Table141719202122[[#This Row],[Åtgärdskåd]] -> 0,42052030OK14 | D31: =Table1417192021[[#This Row],[Åtgärdskåd]] -> 0,42052020OK14 | E31: =Table14171920[[#This Row],[Åtgärdskåd]] -> 0,42052020OK14 | F31: =Table141719[[#This Row],[Åtgärdskåd]] -> 0,42052020OK14 | G31: =Table1417[[#This Row],[Åtgärdskåd]] -> 0,42052020OK14 | H31: =Table1423[[#This Row],[Åtgärdskåd]] -> 0,42052010OK14 | I31: =Table14[[#This Row],[Åtgärdskåd]] -> 0,42052010OK14 | K31: 15 | L31: 2 | N31: =C8 -> 0,41515--OK14 | P31: =MATCH(N31, _xlfn.UNIQUE($N$2:$N$339), 0) -> 2 | R31: =MATCH(N31, _xlfn.UNIQUE($N$25:$N$339), 0) -> 2
A32: -10 | B32: 0 | C32: =Table141719202122[[#This Row],[Åtgärdskåd]] -> 0,32052050OK14 | D32: =Table1417192021[[#This Row],[Åtgärdskåd]] -> 0,42052050OK14 | E32: =Table14171920[[#This Row],[Åtgärdskåd]] -> 0,42052030OK14 | F32: =Table141719[[#This Row],[Åtgärdskåd]] -> 0,42052030OK14 | G32: =Table1417[[#This Row],[Åtgärdskåd]] -> 0,42052020OK14 | H32: =Table1423[[#This Row],[Åtgärdskåd]] -> 0,42052020OK14 | I32: =Table14[[#This Row],[Åtgärdskåd]] -> 0,42052020OK14 | K32: 15 | L32: 7 | N32: =C9 -> 0,41515--OK14 | P32: =MATCH(N32, _xlfn.UNIQUE($N$2:$N$339), 0) -> 2 | R32: =MATCH(N32, _xlfn.UNIQUE($N$25:$N$339), 0) -> 2
A33: -10 | B33: 2 | C33: =Table141719202122[[#This Row],[Åtgärdskåd]] -> 0,32052050OK14 | D33: =Table1417192021[[#This Row],[Åtgärdskåd]] -> 0,42052050OK14 | E33: =Table14171920[[#This Row],[Åtgärdskåd]] -> 0,42052050OK14 | F33: =Table141719[[#This Row],[Åtgärdskåd]] -> 0,42052030OK14 | G33: =Table1417[[#This Row],[Åtgärdskåd]] -> 0,42052030OK14 | H33: =Table1423[[#This Row],[Åtgärdskåd]] -> 0,42052030OK14 | I33: =Table14[[#This Row],[Åtgärdskåd]] -> 0,42052020OK14 | K33: 15 | L33: 12 | N33: =C10 -> 0,41515--OK14 | P33: =MATCH(N33, _xlfn.UNIQUE($N$2:$N$339), 0) -> 2 | R33: =MATCH(N33, _xlfn.UNIQUE($N$25:$N$339), 0) -> 2
A34: -10 | B34: 7 | C34: =Table141719202122[[#This Row],[Åtgärdskåd]] -> 0,32052050OK14 | D34: =Table1417192021[[#This Row],[Åtgärdskåd]] -> 0,42052050OK14 | E34: =Table14171920[[#This Row],[Åtgärdskåd]] -> 0,42052050OK14 | F34: =Table141719[[#This Row],[Åtgärdskåd]] -> 0,42052050OK14 | G34: =Table1417[[#This Row],[Åtgärdskåd]] -> 0,42052030OK14 | H34: =Table1423[[#This Row],[Åtgärdskåd]] -> 0,42052030OK14 | I34: =Table14[[#This Row],[Åtgärdskåd]] -> 0,42052030OK14 | K34: 15 | L34: 20 | N34: =C11 -> 0,41515--OK14 | P34: =MATCH(N34, _xlfn.UNIQUE($N$2:$N$339), 0) -> 2 | R34: =MATCH(N34, _xlfn.UNIQUE($N$25:$N$339), 0) -> 2
A35: -10 | B35: 12 | C35: =Table141719202122[[#This Row],[Åtgärdskåd]] -> -----Frys innan täck | D35: =Table1417192021[[#This Row],[Åtgärdskåd]] -> -----Frys innan täck | E35: =Table14171920[[#This Row],[Åtgärdskåd]] -> -----Frys innan täck | F35: =Table141719[[#This Row],[Åtgärdskåd]] -> -----Frys innan täck | G35: =Table1417[[#This Row],[Åtgärdskåd]] -> -----Frys innan täck | H35: =Table1423[[#This Row],[Åtgärdskåd]] -> -----Frys innan täck | I35: =Table14[[#This Row],[Åtgärdskåd]] -> -----Frys innan täck | K35: 10 | L35: 0 | N35: =C12 -> 0,41510--OK14 | P35: =MATCH(N35, _xlfn.UNIQUE($N$2:$N$339), 0) -> 3 | R35: =MATCH(N35, _xlfn.UNIQUE($N$25:$N$339), 0) -> 3
A36: -10 | B36: 20 | C36: =Table141719202122[[#This Row],[Åtgärdskåd]] -> -----Frys innan täck | D36: =Table1417192021[[#This Row],[Åtgärdskåd]] -> -----Frys innan täck | E36: =Table14171920[[#This Row],[Åtgärdskåd]] -> -----Frys innan täck | F36: =Table141719[[#This Row],[Åtgärdskåd]] -> -----Frys innan täck | G36: =Table1417[[#This Row],[Åtgärdskåd]] -> -----Frys innan täck | H36: =Table1423[[#This Row],[Åtgärdskåd]] -> -----Frys innan täck | I36: =Table14[[#This Row],[Åtgärdskåd]] -> -----Frys innan täck | K36: 10 | L36: 2 | N36: =C13 -> 0,41510010OK14 | P36: =MATCH(N36, _xlfn.UNIQUE($N$2:$N$339), 0) -> 6 | R36: =MATCH(N36, _xlfn.UNIQUE($N$25:$N$339), 0) -> 4
A37: -15 | B37: 0 | C37: =Table141719202122[[#This Row],[Åtgärdskåd]] -> 0,11552050OK14 | D37: =Table1417192021[[#This Row],[Åtgärdskåd]] -> 0,11552050OK14 | E37: =Table14171920[[#This Row],[Åtgärdskåd]] -> 0,21552050OK14 | F37: =Table141719[[#This Row],[Åtgärdskåd]] -> 0,21552050OK14 | G37: =Table1417[[#This Row],[Åtgärdskåd]] -> 0,31552050OK14 | H37: =Table1423[[#This Row],[Åtgärdskåd]] -> 0,31552050OK14 | I37: =Table14[[#This Row],[Åtgärdskåd]] -> 0,31552050OK14 | K37: 10 | L37: 7 | N37: =C14 -> 0,41510010OK14 | P37: =MATCH(N37, _xlfn.UNIQUE($N$2:$N$339), 0) -> 6 | R37: =MATCH(N37, _xlfn.UNIQUE($N$25:$N$339), 0) -> 4
... A46: -20 | B46: 20 | C46: =Table141719202122[[#This Row],[Åtgärdskåd]] -> -----Frys innan täck | D46: =Table1417192021[[#This Row],[Åtgärdskåd]] -> -----Frys innan täck | E46: =Table14171920[[#This Row],[Åtgärdskåd]] -> -----Frys innan täck | F46: =Table141719[[#This Row],[Åtgärdskåd]] -> -----Frys innan täck | G46: =Table1417[[#This Row],[Åtgärdskåd]] -> -----Frys innan täck | H46: =Table1423[[#This Row],[Åtgärdskåd]] -> -----Frys innan täck | I46: =Table14[[#This Row],[Åtgärdskåd]] -> -----Frys innan täck | K46: 0 | L46: 2 | N46: =C23 -> 0,42052010OK14 | P46: =MATCH(N46, _xlfn.UNIQUE($N$2:$N$339), 0) -> 13 | R46: =MATCH(N46, _xlfn.UNIQUE($N$25:$N$339), 0) -> 7
K47: 0 | L47: 7 | N47: =C24 -> 0,42052010OK14 | P47: =MATCH(N47, _xlfn.UNIQUE($N$2:$N$339), 0) -> 13 | R47: =MATCH(N47, _xlfn.UNIQUE($N$25:$N$339), 0) -> 7
K48: 0 | L48: 12 | N48: =C25 -> 0,42052010OK14 | P48: =MATCH(N48, _xlfn.UNIQUE($N$2:$N$339), 0) -> 13 | R48: =MATCH(N48, _xlfn.UNIQUE($N$25:$N$339), 0) -> 7
K49: 0 | L49: 20 | N49: =C26 -> 0,42052010OK14 | P49: =MATCH(N49, _xlfn.UNIQUE($N$2:$N$339), 0) -> 13 | R49: =MATCH(N49, _xlfn.UNIQUE($N$25:$N$339), 0) -> 7
K50: -5 | L50: 0 | N50: =C27 -> 0,42052020OK14 | P50: =MATCH(N50, _xlfn.UNIQUE($N$2:$N$339), 0) -> 14 | R50: =MATCH(N50, _xlfn.UNIQUE($N$25:$N$339), 0) -> 8
K51: -5 | L51: 2 | N51: =C28 -> 0,42052020OK14 | P51: =MATCH(N51, _xlfn.UNIQUE($N$2:$N$339), 0) -> 14 | R51: =MATCH(N51, _xlfn.UNIQUE($N$25:$N$339), 0) -> 8
K52: -5 | L52: 7 | N52: =C29 -> 0,42052030OK14 | P52: =MATCH(N52, _xlfn.UNIQUE($N$2:$N$339), 0) -> 15 | R52: =MATCH(N52, _xlfn.UNIQUE($N$25:$N$339), 0) -> 9
K53: -5 | L53: 12 | N53: =C30 -> 0,42052030OK14 | P53: =MATCH(N53, _xlfn.UNIQUE($N$2:$N$339), 0) -> 15 | R53: =MATCH(N53, _xlfn.UNIQUE($N$25:$N$339), 0) -> 9
K54: -5 | L54: 20 | N54: =C31 -> 0,42052030OK14 | P54: =MATCH(N54, _xlfn.UNIQUE($N$2:$N$339), 0) -> 15 | R54: =MATCH(N54, _xlfn.UNIQUE($N$25:$N$339), 0) -> 9
K55: -10 | L55: 0 | N55: =C32 -> 0,32052050OK14 | P55: =MATCH(N55, _xlfn.UNIQUE($N$2:$N$339), 0) -> 17 | R55: =MATCH(N55, _xlfn.UNIQUE($N$25:$N$339), 0) -> 10
K56: -10 | L56: 2 | N56: =C33 -> 0,32052050OK14 | P56: =MATCH(N56, _xlfn.UNIQUE($N$2:$N$339), 0) -> 17 | R56: =MATCH(N56, _xlfn.UNIQUE($N$25:$N$339), 0) -> 10
K57: -10 | L57: 7 | N57: =C34 -> 0,32052050OK14 | P57: =MATCH(N57, _xlfn.UNIQUE($N$2:$N$339), 0) -> 17 | R57: =MATCH(N57, _xlfn.UNIQUE($N$25:$N$339), 0) -> 10
K58: -10 | L58: 12 | N58: =C35 -> -----Frys innan täck | P58: =MATCH(N58, _xlfn.UNIQUE($N$2:$N$339), 0) -> 23 | R58: =MATCH(N58, _xlfn.UNIQUE($N$25:$N$339), 0) -> 11
... K69: -20 | L69: 20 | N69: =C46 -> -----Frys innan täck | P69: =MATCH(N69, _xlfn.UNIQUE($N$2:$N$339), 0) -> 23 | R69: =MATCH(N69, _xlfn.UNIQUE($N$25:$N$339), 0) -> 11
K70: 20 | L70: 0 | M70: C25/30 | N70: =D2 -> 0,41520--OK14 | P70: =MATCH(N70, _xlfn.UNIQUE($N$2:$N$339), 0) -> 1 | R70: =MATCH(N70, _xlfn.UNIQUE($N$25:$N$339), 0) -> 1
K71: 20 | L71: 2 | N71: =D3 -> 0,41520--OK14 | P71: =MATCH(N71, _xlfn.UNIQUE($N$2:$N$339), 0) -> 1 | R71: =MATCH(N71, _xlfn.UNIQUE($N$25:$N$339), 0) -> 1
K72: 20 | L72: 7 | N72: =D4 -> 0,41520--OK14 | P72: =MATCH(N72, _xlfn.UNIQUE($N$2:$N$339), 0) -> 1 | R72: =MATCH(N72, _xlfn.UNIQUE($N$25:$N$339), 0) -> 1
K73: 20 | L73: 12 | N73: =D5 -> 0,41520--OK14 | P73: =MATCH(N73, _xlfn.UNIQUE($N$2:$N$339), 0) -> 1 | R73: =MATCH(N73, _xlfn.UNIQUE($N$25:$N$339), 0) -> 1
K74: 20 | L74: 20 | N74: =D6 -> 0,41520--OK14 | P74: =MATCH(N74, _xlfn.UNIQUE($N$2:$N$339), 0) -> 1 | R74: =MATCH(N74, _xlfn.UNIQUE($N$25:$N$339), 0) -> 1
K75: 15 | L75: 0 | N75: =D7 -> 0,41515--OK14 | P75: =MATCH(N75, _xlfn.UNIQUE($N$2:$N$339), 0) -> 2 | R75: =MATCH(N75, _xlfn.UNIQUE($N$25:$N$339), 0) -> 2
K76: 15 | L76: 2 | N76: =D8 -> 0,41515--OK14 | P76: =MATCH(N76, _xlfn.UNIQUE($N$2:$N$339), 0) -> 2 | R76: =MATCH(N76, _xlfn.UNIQUE($N$25:$N$339), 0) -> 2
K77: 15 | L77: 7 | N77: =D9 -> 0,41515--OK14 | P77: =MATCH(N77, _xlfn.UNIQUE($N$2:$N$339), 0) -> 2 | R77: =MATCH(N77, _xlfn.UNIQUE($N$25:$N$339), 0) -> 2
K78: 15 | L78: 12 | N78: =D10 -> 0,41515--OK14 | P78: =MATCH(N78, _xlfn.UNIQUE($N$2:$N$339), 0) -> 2 | R78: =MATCH(N78, _xlfn.UNIQUE($N$25:$N$339), 0) -> 2
K79: 15 | L79: 20 | N79: =D11 -> 0,41515--OK14 | P79: =MATCH(N79, _xlfn.UNIQUE($N$2:$N$339), 0) -> 2 | R79: =MATCH(N79, _xlfn.UNIQUE($N$25:$N$339), 0) -> 2
K80: 10 | L80: 0 | N80: =D12 -> 0,41510--OK14 | P80: =MATCH(N80, _xlfn.UNIQUE($N$2:$N$339), 0) -> 3 | R80: =MATCH(N80, _xlfn.UNIQUE($N$25:$N$339), 0) -> 3
K81: 10 | L81: 2 | N81: =D13 -> 0,41510--OK14 | P81: =MATCH(N81, _xlfn.UNIQUE($N$2:$N$339), 0) -> 3 | R81: =MATCH(N81, _xlfn.UNIQUE($N$25:$N$339), 0) -> 3
K82: 10 | L82: 7 | N82: =D14 -> 0,41510--OK14 | P82: =MATCH(N82, _xlfn.UNIQUE($N$2:$N$339), 0) -> 3 | R82: =MATCH(N82, _xlfn.UNIQUE($N$25:$N$339), 0) -> 3
... K114: -20 | L114: 20 | N114: =D46 -> -----Frys innan täck | P114: =MATCH(N114, _xlfn.UNIQUE($N$2:$N$339), 0) -> 23 | R114: =MATCH(N114, _xlfn.UNIQUE($N$25:$N$339), 0) -> 11
K115: 20 | L115: 0 | M115: C28/25 | N115: =E2 -> 0,41520--OK14 | P115: =MATCH(N115, _xlfn.UNIQUE($N$2:$N$339), 0) -> 1 | R115: =MATCH(N115, _xlfn.UNIQUE($N$25:$N$339), 0) -> 1
K116: 20 | L116: 2 | N116: =E3 -> 0,41520--OK14 | P116: =MATCH(N116, _xlfn.UNIQUE($N$2:$N$339), 0) -> 1 | R116: =MATCH(N116, _xlfn.UNIQUE($N$25:$N$339), 0) -> 1
K117: 20 | L117: 7 | N117: =E4 -> 0,41520--OK14 | P117: =MATCH(N117, _xlfn.UNIQUE($N$2:$N$339), 0) -> 1 | R117: =MATCH(N117, _xlfn.UNIQUE($N$25:$N$339), 0) -> 1
K118: 20 | L118: 12 | N118: =E5 -> 0,41520--OK14 | P118: =MATCH(N118, _xlfn.UNIQUE($N$2:$N$339), 0) -> 1 | R118: =MATCH(N118, _xlfn.UNIQUE($N$25:$N$339), 0) -> 1
K119: 20 | L119: 20 | N119: =E6 -> 0,41520--OK14 | P119: =MATCH(N119, _xlfn.UNIQUE($N$2:$N$339), 0) -> 1 | R119: =MATCH(N119, _xlfn.UNIQUE($N$25:$N$339), 0) -> 1
K120: 15 | L120: 0 | N120: =E7 -> 0,41515--OK14 | P120: =MATCH(N120, _xlfn.UNIQUE($N$2:$N$339), 0) -> 2 | R120: =MATCH(N120, _xlfn.UNIQUE($N$25:$N$339), 0) -> 2
K121: 15 | L121: 2 | N121: =E8 -> 0,41515--OK14 | P121: =MATCH(N121, _xlfn.UNIQUE($N$2:$N$339), 0) -> 2 | R121: =MATCH(N121, _xlfn.UNIQUE($N$25:$N$339), 0) -> 2
K122: 15 | L122: 7 | N122: =E9 -> 0,41515--OK14 | P122: =MATCH(N122, _xlfn.UNIQUE($N$2:$N$339), 0) -> 2 | R122: =MATCH(N122, _xlfn.UNIQUE($N$25:$N$339), 0) -> 2
K123: 15 | L123: 12 | N123: =E10 -> 0,41515--OK14 | P123: =MATCH(N123, _xlfn.UNIQUE($N$2:$N$339), 0) -> 2 | R123: =MATCH(N123, _xlfn.UNIQUE($N$25:$N$339), 0) -> 2
K124: 15 | L124: 20 | N124: =E11 -> 0,41515--OK14 | P124: =MATCH(N124, _xlfn.UNIQUE($N$2:$N$339), 0) -> 2 | R124: =MATCH(N124, _xlfn.UNIQUE($N$25:$N$339), 0) -> 2
K125: 10 | L125: 0 | N125: =E12 -> 0,41510--OK14 | P125: =MATCH(N125, _xlfn.UNIQUE($N$2:$N$339), 0) -> 3 | R125: =MATCH(N125, _xlfn.UNIQUE($N$25:$N$339), 0) -> 3
K126: 10 | L126: 2 | N126: =E13 -> 0,41510--OK14 | P126: =MATCH(N126, _xlfn.UNIQUE($N$2:$N$339), 0) -> 3 | R126: =MATCH(N126, _xlfn.UNIQUE($N$25:$N$339), 0) -> 3
K127: 10 | L127: 7 | N127: =E14 -> 0,41510--OK14 | P127: =MATCH(N127, _xlfn.UNIQUE($N$2:$N$339), 0) -> 3 | R127: =MATCH(N127, _xlfn.UNIQUE($N$25:$N$339), 0) -> 3
... K159: -20 | L159: 20 | N159: =E46 -> -----Frys innan täck | P159: =MATCH(N159, _xlfn.UNIQUE($N$2:$N$339), 0) -> 23 | R159: =MATCH(N159, _xlfn.UNIQUE($N$25:$N$339), 0) -> 11
K160: 20 | L160: 0 | M160: C30/37 | N160: =F2 -> 0,41520--OK14 | P160: =MATCH(N160, _xlfn.UNIQUE($N$2:$N$339), 0) -> 1 | R160: =MATCH(N160, _xlfn.UNIQUE($N$25:$N$339), 0) -> 1
K161: 20 | L161: 2 | N161: =F3 -> 0,41520--OK14 | P161: =MATCH(N161, _xlfn.UNIQUE($N$2:$N$339), 0) -> 1 | R161: =MATCH(N161, _xlfn.UNIQUE($N$25:$N$339), 0) -> 1
K162: 20 | L162: 7 | N162: =F4 -> 0,41520--OK14 | P162: =MATCH(N162, _xlfn.UNIQUE($N$2:$N$339), 0) -> 1 | R162: =MATCH(N162, _xlfn.UNIQUE($N$25:$N$339), 0) -> 1
K163: 20 | L163: 12 | N163: =F5 -> 0,41520--OK14 | P163: =MATCH(N163, _xlfn.UNIQUE($N$2:$N$339), 0) -> 1 | R163: =MATCH(N163, _xlfn.UNIQUE($N$25:$N$339), 0) -> 1
K164: 20 | L164: 20 | N164: =F6 -> 0,41520--OK14 | P164: =MATCH(N164, _xlfn.UNIQUE($N$2:$N$339), 0) -> 1 | R164: =MATCH(N164, _xlfn.UNIQUE($N$25:$N$339), 0) -> 1
K165: 15 | L165: 0 | N165: =F7 -> 0,41515--OK14 | P165: =MATCH(N165, _xlfn.UNIQUE($N$2:$N$339), 0) -> 2 | R165: =MATCH(N165, _xlfn.UNIQUE($N$25:$N$339), 0) -> 2
K166: 15 | L166: 2 | N166: =F8 -> 0,41515--OK14 | P166: =MATCH(N166, _xlfn.UNIQUE($N$2:$N$339), 0) -> 2 | R166: =MATCH(N166, _xlfn.UNIQUE($N$25:$N$339), 0) -> 2
K167: 15 | L167: 7 | N167: =F9 -> 0,41515--OK14 | P167: =MATCH(N167, _xlfn.UNIQUE($N$2:$N$339), 0) -> 2 | R167: =MATCH(N167, _xlfn.UNIQUE($N$25:$N$339), 0) -> 2
K168: 15 | L168: 12 | N168: =F10 -> 0,41515--OK14 | P168: =MATCH(N168, _xlfn.UNIQUE($N$2:$N$339), 0) -> 2 | R168: =MATCH(N168, _xlfn.UNIQUE($N$25:$N$339), 0) -> 2
K169: 15 | L169: 20 | N169: =F11 -> 0,41515--OK14 | P169: =MATCH(N169, _xlfn.UNIQUE($N$2:$N$339), 0) -> 2 | R169: =MATCH(N169, _xlfn.UNIQUE($N$25:$N$339), 0) -> 2
K170: 10 | L170: 0 | N170: =F12 -> 0,41510--OK14 | P170: =MATCH(N170, _xlfn.UNIQUE($N$2:$N$339), 0) -> 3 | R170: =MATCH(N170, _xlfn.UNIQUE($N$25:$N$339), 0) -> 3
K171: 10 | L171: 2 | N171: =F13 -> 0,41510--OK14 | P171: =MATCH(N171, _xlfn.UNIQUE($N$2:$N$339), 0) -> 3 | R171: =MATCH(N171, _xlfn.UNIQUE($N$25:$N$339), 0) -> 3
K172: 10 | L172: 7 | N172: =F14 -> 0,41510--OK14 | P172: =MATCH(N172, _xlfn.UNIQUE($N$2:$N$339), 0) -> 3 | R172: =MATCH(N172, _xlfn.UNIQUE($N$25:$N$339), 0) -> 3
... K204: -20 | L204: 20 | N204: =F46 -> -----Frys innan täck | P204: =MATCH(N204, _xlfn.UNIQUE($N$2:$N$339), 0) -> 23 | R204: =MATCH(N204, _xlfn.UNIQUE($N$25:$N$339), 0) -> 11
K205: 20 | L205: 0 | M205: C32/40 | N205: =G2 -> 0,41520--OK14 | P205: =MATCH(N205, _xlfn.UNIQUE($N$2:$N$339), 0) -> 1 | R205: =MATCH(N205, _xlfn.UNIQUE($N$25:$N$339), 0) -> 1
K206: 20 | L206: 2 | N206: =G3 -> 0,41520--OK14 | P206: =MATCH(N206, _xlfn.UNIQUE($N$2:$N$339), 0) -> 1 | R206: =MATCH(N206, _xlfn.UNIQUE($N$25:$N$339), 0) -> 1
K207: 20 | L207: 7 | N207: =G4 -> 0,41520--OK14 | P207: =MATCH(N207, _xlfn.UNIQUE($N$2:$N$339), 0) -> 1 | R207: =MATCH(N207, _xlfn.UNIQUE($N$25:$N$339), 0) -> 1
K208: 20 | L208: 12 | N208: =G5 -> 0,41520--OK14 | P208: =MATCH(N208, _xlfn.UNIQUE($N$2:$N$339), 0) -> 1 | R208: =MATCH(N208, _xlfn.UNIQUE($N$25:$N$339), 0) -> 1
K209: 20 | L209: 20 | N209: =G6 -> 0,41520--OK14 | P209: =MATCH(N209, _xlfn.UNIQUE($N$2:$N$339), 0) -> 1 | R209: =MATCH(N209, _xlfn.UNIQUE($N$25:$N$339), 0) -> 1
K210: 15 | L210: 0 | N210: =G7 -> 0,41515--OK14 | P210: =MATCH(N210, _xlfn.UNIQUE($N$2:$N$339), 0) -> 2 | R210: =MATCH(N210, _xlfn.UNIQUE($N$25:$N$339), 0) -> 2
K211: 15 | L211: 2 | N211: =G8 -> 0,41515--OK14 | P211: =MATCH(N211, _xlfn.UNIQUE($N$2:$N$339), 0) -> 2 | R211: =MATCH(N211, _xlfn.UNIQUE($N$25:$N$339), 0) -> 2
K212: 15 | L212: 7 | N212: =G9 -> 0,41515--OK14 | P212: =MATCH(N212, _xlfn.UNIQUE($N$2:$N$339), 0) -> 2 | R212: =MATCH(N212, _xlfn.UNIQUE($N$25:$N$339), 0) -> 2
K213: 15 | L213: 12 | N213: =G10 -> 0,41515--OK14 | P213: =MATCH(N213, _xlfn.UNIQUE($N$2:$N$339), 0) -> 2 | R213: =MATCH(N213, _xlfn.UNIQUE($N$25:$N$339), 0) -> 2
K214: 15 | L214: 20 | N214: =G11 -> 0,41515--OK14 | P214: =MATCH(N214, _xlfn.UNIQUE($N$2:$N$339), 0) -> 2 | R214: =MATCH(N214, _xlfn.UNIQUE($N$25:$N$339), 0) -> 2
K215: 10 | L215: 0 | N215: =G12 -> 0,41510--OK14 | P215: =MATCH(N215, _xlfn.UNIQUE($N$2:$N$339), 0) -> 3 | R215: =MATCH(N215, _xlfn.UNIQUE($N$25:$N$339), 0) -> 3
K216: 10 | L216: 2 | N216: =G13 -> 0,41510--OK14 | P216: =MATCH(N216, _xlfn.UNIQUE($N$2:$N$339), 0) -> 3 | R216: =MATCH(N216, _xlfn.UNIQUE($N$25:$N$339), 0) -> 3
K217: 10 | L217: 7 | N217: =G14 -> 0,41510--OK14 | P217: =MATCH(N217, _xlfn.UNIQUE($N$2:$N$339), 0) -> 3 | R217: =MATCH(N217, _xlfn.UNIQUE($N$25:$N$339), 0) -> 3
... K249: -20 | L249: 20 | N249: =G46 -> -----Frys innan täck | P249: =MATCH(N249, _xlfn.UNIQUE($N$2:$N$339), 0) -> 23 | R249: =MATCH(N249, _xlfn.UNIQUE($N$25:$N$339), 0) -> 11
K250: 20 | L250: 0 | M250: C35/45 | N250: =H2 -> 0,41520--OK14 | P250: =MATCH(N250, _xlfn.UNIQUE($N$2:$N$339), 0) -> 1 | R250: =MATCH(N250, _xlfn.UNIQUE($N$25:$N$339), 0) -> 1
K251: 20 | L251: 2 | N251: =H3 -> 0,41520--OK14 | P251: =MATCH(N251, _xlfn.UNIQUE($N$2:$N$339), 0) -> 1 | R251: =MATCH(N251, _xlfn.UNIQUE($N$25:$N$339), 0) -> 1
K252: 20 | L252: 7 | N252: =H4 -> 0,41520--OK14 | P252: =MATCH(N252, _xlfn.UNIQUE($N$2:$N$339), 0) -> 1 | R252: =MATCH(N252, _xlfn.UNIQUE($N$25:$N$339), 0) -> 1
...

Sheet Lathund
A1: Temperatur [°C] | B1: Vind [m/s] | C1: C20/25 | D1: C25/30 | E1: C28/37 | F1: C30/37 | G1: C32/40 | H1: C35/45 | I1: C40/50
B2: 0 | C2: ='Data till Lathund, Kådgenererin'!P25 -> 1 | D2: ='Data till Lathund, Kådgenererin'!P70 -> 1 | E2: ='Data till Lathund, Kådgenererin'!P115 -> 1 | F2: ='Data till Lathund, Kådgenererin'!P160 -> 1 | G2: ='Data till Lathund, Kådgenererin'!P205 -> 1 | H2: ='Data till Lathund, Kådgenererin'!P250 -> 1 | I2: ='Data till Lathund, Kådgenererin'!P295 -> 1
B3: 2 | C3: ='Data till Lathund, Kådgenererin'!P26 -> 1 | D3: ='Data till Lathund, Kådgenererin'!P71 -> 1 | E3: ='Data till Lathund, Kådgenererin'!P116 -> 1 | F3: ='Data till Lathund, Kådgenererin'!P161 -> 1 | G3: ='Data till Lathund, Kådgenererin'!P206 -> 1 | H3: ='Data till Lathund, Kådgenererin'!P251 -> 1 | I3: ='Data till Lathund, Kådgenererin'!P296 -> 1
A4: 20 | B4: 7 | C4: ='Data till Lathund, Kådgenererin'!P27 -> 1 | D4: ='Data till Lathund, Kådgenererin'!P72 -> 1 | E4: ='Data till Lathund, Kådgenererin'!P117 -> 1 | F4: ='Data till Lathund, Kådgenererin'!P162 -> 1 | G4: ='Data till Lathund, Kådgenererin'!P207 -> 1 | H4: ='Data till Lathund, Kådgenererin'!P252 -> 1 | I4: ='Data till Lathund, Kådgenererin'!P297 -> 1
B5: 12 | C5: ='Data till Lathund, Kådgenererin'!P28 -> 1 | D5: ='Data till Lathund, Kådgenererin'!P73 -> 1 | E5: ='Data till Lathund, Kådgenererin'!P118 -> 1 | F5: ='Data till Lathund, Kådgenererin'!P163 -> 1 | G5: ='Data till Lathund, Kådgenererin'!P208 -> 1 | H5: ='Data till Lathund, Kådgenererin'!P253 -> 1 | I5: ='Data till Lathund, Kådgenererin'!P298 -> 1
B6: 20 | C6: ='Data till Lathund, Kådgenererin'!P29 -> 1 | D6: ='Data till Lathund, Kådgenererin'!P74 -> 1 | E6: ='Data till Lathund, Kådgenererin'!P119 -> 1 | F6: ='Data till Lathund, Kådgenererin'!P164 -> 1 | G6: ='Data till Lathund, Kådgenererin'!P209 -> 1 | H6: ='Data till Lathund, Kådgenererin'!P254 -> 1 | I6: ='Data till Lathund, Kådgenererin'!P299 -> 1
B7: 0 | C7: ='Data till Lathund, Kådgenererin'!P30 -> 2 | D7: ='Data till Lathund, Kådgenererin'!P75 -> 2 | E7: ='Data till Lathund, Kådgenererin'!P120 -> 2 | F7: ='Data till Lathund, Kådgenererin'!P165 -> 2 | G7: ='Data till Lathund, Kådgenererin'!P210 -> 2 | H7: ='Data till Lathund, Kådgenererin'!P255 -> 2 | I7: ='Data till Lathund, Kådgenererin'!P300 -> 2
B8: 2 | C8: ='Data till Lathund, Kådgenererin'!P31 -> 2 | D8: ='Data till Lathund, Kådgenererin'!P76 -> 2 | E8: ='Data till Lathund, Kådgenererin'!P121 -> 2 | F8: ='Data till Lathund, Kådgenererin'!P166 -> 2 | G8: ='Data till Lathund, Kådgenererin'!P211 -> 2 | H8: ='Data till Lathund, Kådgenererin'!P256 -> 2 | I8: ='Data till Lathund, Kådgenererin'!P301 -> 2
A9: 15 | B9: 7 | C9: ='Data till Lathund, Kådgenererin'!P32 -> 2 | D9: ='Data till Lathund, Kådgenererin'!P77 -> 2 | E9: ='Data till Lathund, Kådgenererin'!P122 -> 2 | F9: ='Data till Lathund, Kådgenererin'!P167 -> 2 | G9: ='Data till Lathund, Kådgenererin'!P212 -> 2 | H9: ='Data till Lathund, Kådgenererin'!P257 -> 2 | I9: ='Data till Lathund, Kådgenererin'!P302 -> 2
B10: 12 | C10: ='Data till Lathund, Kådgenererin'!P33 -> 2 | D10: ='Data till Lathund, Kådgenererin'!P78 -> 2 | E10: ='Data till Lathund, Kådgenererin'!P123 -> 2 | F10: ='Data till Lathund, Kådgenererin'!P168 -> 2 | G10: ='Data till Lathund, Kådgenererin'!P213 -> 2 | H10: ='Data till Lathund, Kådgenererin'!P258 -> 2 | I10: ='Data till Lathund, Kådgenererin'!P303 -> 2
B11: 20 | C11: ='Data till Lathund, Kådgenererin'!P34 -> 2 | D11: ='Data till Lathund, Kådgenererin'!P79 -> 2 | E11: ='Data till Lathund, Kådgenererin'!P124 -> 2 | F11: ='Data till Lathund, Kådgenererin'!P169 -> 2 | G11: ='Data till Lathund, Kådgenererin'!P214 -> 2 | H11: ='Data till Lathund, Kådgenererin'!P259 -> 2 | I11: ='Data till Lathund, Kådgenererin'!P304 -> 2
B12: 0 | C12: ='Data till Lathund, Kådgenererin'!P35 -> 3 | D12: ='Data till Lathund, Kådgenererin'!P80 -> 3 | E12: ='Data till Lathund, Kådgenererin'!P125 -> 3 | F12: ='Data till Lathund, Kådgenererin'!P170 -> 3 | G12: ='Data till Lathund, Kådgenererin'!P215 -> 3 | H12: ='Data till Lathund, Kådgenererin'!P260 -> 3 | I12: ='Data till Lathund, Kådgenererin'!P305 -> 3
B13: 2 | C13: ='Data till Lathund, Kådgenererin'!P36 -> 6 | D13: ='Data till Lathund, Kådgenererin'!P81 -> 3 | E13: ='Data till Lathund, Kådgenererin'!P126 -> 3 | F13: ='Data till Lathund, Kådgenererin'!P171 -> 3 | G13: ='Data till Lathund, Kådgenererin'!P216 -> 3 | H13: ='Data till Lathund, Kådgenererin'!P261 -> 3 | I13: ='Data till Lathund, Kådgenererin'!P306 -> 3
A14: 10 | B14: 7 | C14: ='Data till Lathund, Kådgenererin'!P37 -> 6 | D14: ='Data till Lathund, Kådgenererin'!P82 -> 3 | E14: ='Data till Lathund, Kådgenererin'!P127 -> 3 | F14: ='Data till Lathund, Kådgenererin'!P172 -> 3 | G14: ='Data till Lathund, Kådgenererin'!P217 -> 3 | H14: ='Data till Lathund, Kådgenererin'!P262 -> 3 | I14: ='Data till Lathund, Kådgenererin'!P307 -> 3
B15: 12 | C15: ='Data till Lathund, Kådgenererin'!P38 -> 6 | D15: ='Data till Lathund, Kådgenererin'!P83 -> 3 | E15: ='Data till Lathund, Kådgenererin'!P128 -> 3 | F15: ='Data till Lathund, Kådgenererin'!P173 -> 3 | G15: ='Data till Lathund, Kådgenererin'!P218 -> 3 | H15: ='Data till Lathund, Kådgenererin'!P263 -> 3 | I15: ='Data till Lathund, Kådgenererin'!P308 -> 3
B16: 20 | C16: ='Data till Lathund, Kådgenererin'!P39 -> 6 | D16: ='Data till Lathund, Kådgenererin'!P84 -> 4 | E16: ='Data till Lathund, Kådgenererin'!P129 -> 3 | F16: ='Data till Lathund, Kådgenererin'!P174 -> 3 | G16: ='Data till Lathund, Kådgenererin'!P219 -> 3 | H16: ='Data till Lathund, Kådgenererin'!P264 -> 3 | I16: ='Data till Lathund, Kådgenererin'!P309 -> 3
