Workbook

Sheet Bjälklag (10% slagg)
A1: Kvalitet | B1: Gjuttemperatur | C1: Temperatur motgjutningsyta | D1: Väderskydd, uppvärmning (ingen vind) | E1: Täckning [mm] | F1: Temperatur | G1: Vind | H1: <14 d och >70 % [Dagar] | I1: OK <14 Dagar | J1: <21 d och >70 % [Dagar] | K1: OK <21 Dagar | L1: Kommentar | M1: Åtgärdskåd
A2: C20/25 | B2: 15 | C2: 20 | D2: - | E2: 0 | F2: 20 | G2: 0 | H2: 4.8 | I2: OK14 | M2: =Table1[[#This Row],[Kvalitet]]&Table1[[#This Row],[Gjuttemperatur]]&Table1[[#This Row],[Temperatur motgjutningsyta]]&Table1[[#This Row],[Väderskydd, uppvärmning (ingen vind)]]&Table1[[#This Row],[Täckning '[mm']]]&Table1[[#This Row],[OK <14 Dagar]]&Table1[[#This Row],[OK <21 Dagar]] -> C20/251520-0OK14
A3: C20/25 | B3: 15 | C3: 20 | D3: - | E3: 0 | F3: 20 | G3: 2 | H3: 5.3 | I3: OK14 | M3: =Table1[[#This Row],[Kvalitet]]&Table1[[#This Row],[Gjuttemperatur]]&Table1[[#This Row],[Temperatur motgjutningsyta]]&Table1[[#This Row],[Väderskydd, uppvärmning (ingen vind)]]&Table1[[#This Row],[Täckning '[mm']]]&Table1[[#This Row],[OK <14 Dagar]]&Table1[[#This Row],[OK <21 Dagar]] -> C20/251520-0OK14
A4: C20/25 | B4: 15 | C4: 20 | D4: - | E4: 0 | F4: 20 | G4: 7 | H4: 5.5 | I4: OK14 | M4: =Table1[[#This Row],[Kvalitet]]&Table1[[#This Row],[Gjuttemperatur]]&Table1[[#This Row],[Temperatur motgjutningsyta]]&Table1[[#This Row],[Väderskydd, uppvärmning (ingen vind)]]&Table1[[#This Row],[Täckning '[mm']]]&Table1[[#This Row],[OK <14 Dagar]]&Table1[[#This Row],[OK <21 Dagar]] -> C20/251520-0OK14
A5: C20/25 | B5: 15 | C5: 20 | D5: - | E5: 0 | F5: 20 | G5: 12 | H5: 5.6 | I5: OK14 | M5: =Table1[[#This Row],[Kvalitet]]&Table1[[#This Row],[Gjuttemperatur]]&Table1[[#This Row],[Temperatur motgjutningsyta]]&Table1[[#This Row],[Väderskydd, uppvärmning (ingen vind)]]&Table1[[#This Row],[Täckning '[mm']]]&Table1[[#This Row],[OK <14 Dagar]]&Table1[[#This Row],[OK <21 Dagar]] -> C20/251520-0OK14
A6: C20/25 | B6: 15 | C6: 20 | D6: - | E6: 0 | F6: 20 | G6: 20 | H6: 5.6 | I6: OK14 | M6: =Table1[[#This Row],[Kvalitet]]&Table1[[#This Row],[Gjuttemperatur]]&Table1[[#This Row],[Temperatur motgjutningsyta]]&Table1[[#This Row],[Väderskydd, uppvärmning (ingen vind)]]&Table1[[#This Row],[Täckning '[mm']]]&Table1[[#This Row],[OK <14 Dagar]]&Table1[[#This Row],[OK <21 Dagar]] -> C20/251520-0OK14
A7: C20/25 | B7: 15 | C7: 15 | D7: - | E7: 0 | F7: 15 | G7: 0 | H7: 6.2 | I7: OK14 | M7: =Table1[[#This Row],[Kvalitet]]&Table1[[#This Row],[Gjuttemperatur]]&Table1[[#This Row],[Temperatur motgjutningsyta]]&Table1[[#This Row],[Väderskydd, uppvärmning (ingen vind)]]&Table1[[#This Row],[Täckning '[mm']]]&Table1[[#This Row],[OK <14 Dagar]]&Table1[[#This Row],[OK <21 Dagar]] -> C20/251515-0OK14
A8: C20/25 | B8: 15 | C8: 15 | D8: - | E8: 0 | F8: 15 | G8: 2 | H8: 6.9 | I8: OK14 | M8: =Table1[[#This Row],[Kvalitet]]&Table1[[#This Row],[Gjuttemperatur]]&Table1[[#This Row],[Temperatur motgjutningsyta]]&Table1[[#This Row],[Väderskydd, uppvärmning (ingen vind)]]&Table1[[#This Row],[Täckning '[mm']]]&Table1[[#This Row],[OK <14 Dagar]]&Table1[[#This Row],[OK <21 Dagar]] -> C20/251515-0OK14
A9: C20/25 | B9: 15 | C9: 15 | D9: - | E9: 0 | F9: 15 | G9: 7 | H9: 7.2 | I9: OK14 | M9: =Table1[[#This Row],[Kvalitet]]&Table1[[#This Row],[Gjuttemperatur]]&Table1[[#This Row],[Temperatur motgjutningsyta]]&Table1[[#This Row],[Väderskydd, uppvärmning (ingen vind)]]&Table1[[#This Row],[Täckning '[mm']]]&Table1[[#This Row],[OK <14 Dagar]]&Table1[[#This Row],[OK <21 Dagar]] -> C20/251515-0OK14
A10: C20/25 | B10: 15 | C10: 15 | D10: - | E10: 0 | F10: 15 | G10: 12 | H10: 7.3 | I10: OK14 | M10: =Table1[[#This Row],[Kvalitet]]&Table1[[#This Row],[Gjuttemperatur]]&Table1[[#This Row],[Temperatur motgjutningsyta]]&Table1[[#This Row],[Väderskydd, uppvärmning (ingen vind)]]&Table1[[#This Row],[Täckning '[mm']]]&Table1[[#This Row],[OK <14 Dagar]]&Table1[[#This Row],[OK <21 Dagar]] -> C20/251515-0OK14
A11: C20/25 | B11: 15 | C11: 15 | D11: - | E11: 0 | F11: 15 | G11: 20 | H11: 7.3 | I11: OK14 | M11: =Table1[[#This Row],[Kvalitet]]&Table1[[#This Row],[Gjuttemperatur]]&Table1[[#This Row],[Temperatur motgjutningsyta]]&Table1[[#This Row],[Väderskydd, uppvärmning (ingen vind)]]&Table1[[#This Row],[Täckning '[mm']]]&Table1[[#This Row],[OK <14 Dagar]]&Table1[[#This Row],[OK <21 Dagar]] -> C20/251515-0OK14
A12: C20/25 | B12: 15 | C12: 10 | D12: - | E12: 0 | F12: 10 | G12: 0 | H12: 8.6 | I12: OK14 | M12: =Table1[[#This Row],[Kvalitet]]&Table1[[#This Row],[Gjuttemperatur]]&Table1[[#This Row],[Temperatur motgjutningsyta]]&Table1[[#This Row],[Väderskydd, uppvärmning (ingen vind)]]&Table1[[#This Row],[Täckning '[mm']]]&Table1[[#This Row],[OK <14 Dagar]]&Table1[[#This Row],[OK <21 Dagar]] -> C20/251510-0OK14
A13: C20/25 | B13: 15 | C13: 10 | D13: - | E13: 0 | F13: 10 | G13: 2 | H13: 9.5 | I13: OK14 | M13: =Table1[[#This Row],[Kvalitet]]&Table1[[#This Row],[Gjuttemperatur]]&Table1[[#This Row],[Temperatur motgjutningsyta]]&Table1[[#This Row],[Väderskydd, uppvärmning (ingen vind)]]&Table1[[#This Row],[Täckning '[mm']]]&Table1[[#This Row],[OK <14 Dagar]]&Table1[[#This Row],[OK <21 Dagar]] -> C20/251510-0OK14
A14: C20/25 | B14: 15 | C14: 10 | D14: - | E14: 0 | F14: 10 | G14: 7 | H14: 9.9 | I14: OK14 | M14: =Table1[[#This Row],[Kvalitet]]&Table1[[#This Row],[Gjuttemperatur]]&Table1[[#This Row],[Temperatur motgjutningsyta]]&Table1[[#This Row],[Väderskydd, uppvärmning (ingen vind)]]&Table1[[#This Row],[Täckning '[mm']]]&Table1[[#This Row],[OK <14 Dagar]]&Table1[[#This Row],[OK <21 Dagar]] -> C20/251510-0OK14
A15: C20/25 | B15: 15 | C15: 10 | D15: - | E15: 0 | F15: 10 | G15: 12 | H15: 10 | I15: OK14 | M15: =Table1[[#This Row],[Kvalitet]]&Table1[[#This Row],[Gjuttemperatur]]&Table1[[#This Row],[Temperatur motgjutningsyta]]&Table1[[#This Row],[Väderskydd, uppvärmning (ingen vind)]]&Table1[[#This Row],[Täckning '[mm']]]&Table1[[#This Row],[OK <14 Dagar]]&Table1[[#This Row],[OK <21 Dagar]] -> C20/251510-0OK14
A16: C20/25 | B16: 15 | C16: 10 | D16: - | E16: 0 | F16: 10 | G16: 20 | H16: 10.1 | I16: OK14 | M16: =Table1[[#This Row],[Kvalitet]]&Table1[[#This Row],[Gjuttemperatur]]&Table1[[#This Row],[Temperatur motgjutningsyta]]&Table1[[#This Row],[Väderskydd, uppvärmning (ingen vind)]]&Table1[[#This Row],[Täckning '[mm']]]&Table1[[#This Row],[OK <14 Dagar]]&Table1[[#This Row],[OK <21 Dagar]] -> C20/251510-0OK14
A17: C20/25 | B17: 20 | C17: 5 | D17: - | E17: 0 | F17: 5 | G17: 0 | H17: 12.5 | I17: OK14 | M17: =Table1[[#This Row],[Kvalitet]]&Table1[[#This Row],[Gjuttemperatur]]&Table1[[#This Row],[Temperatur motgjutningsyta]]&Table1[[#This Row],[Väderskydd, uppvärmning (ingen vind)]]&Table1[[#This Row],[Täckning '[mm']]]&Table1[[#This Row],[OK <14 Dagar]]&Table1[[#This Row],[OK <21 Dagar]] -> C20/25205-0OK14
A18: C20/25 | B18: 20 | C18: 5 | D18: 5 | E18: 0 | F18: 5 | G18: 2 | H18: 11.9 | I18: OK14 | M18: =Table1[[#This Row],[Kvalitet]]&Table1[[#This Row],[Gjuttemperatur]]&Table1[[#This Row],[Temperatur motgjutningsyta]]&Table1[[#This Row],[Väderskydd, uppvärmning (ingen vind)]]&Table1[[#This Row],[Täckning '[mm']]]&Table1[[#This Row],[OK <14 Dagar]]&Table1[[#This Row],[OK <21 Dagar]] -> C20/2520550OK14
A19: C20/25 | B19: 20 | C19: 5 | D19: 5 | E19: 0 | F19: 5 | G19: 7 | H19: 13 | I19: OK14 | M19: =Table1[[#This Row],[Kvalitet]]&Table1[[#This Row],[Gjuttemperatur]]&Table1[[#This Row],[Temperatur motgjutningsyta]]&Table1[[#This Row],[Väderskydd, uppvärmning (ingen vind)]]&Table1[[#This Row],[Täckning '[mm']]]&Table1[[#This Row],[OK <14 Dagar]]&Table1[[#This Row],[OK <21 Dagar]] -> C20/2520550OK14
A20: C20/25 | B20: 20 | C20: 5 | D20: 5 | E20: 0 | F20: 5 | G20: 12 | H20: 13.3 | I20: OK14 | M20: =Table1[[#This Row],[Kvalitet]]&Table1[[#This Row],[Gjuttemperatur]]&Table1[[#This Row],[Temperatur motgjutningsyta]]&Table1[[#This Row],[Väderskydd, uppvärmning (ingen vind)]]&Table1[[#This Row],[Täckning '[mm']]]&Table1[[#This Row],[OK <14 Dagar]]&Table1[[#This Row],[OK <21 Dagar]] -> C20/2520550OK14
A21: C20/25 | B21: 20 | C21: 5 | D21: 5 | E21: 0 | F21: 5 | G21: 20 | H21: 13.5 | I21: OK14 | M21: =Table1[[#This Row],[Kvalitet]]&Table1[[#This Row],[Gjuttemperatur]]&Table1[[#This Row],[Temperatur motgjutningsyta]]&Table1[[#This Row],[Väderskydd, uppvärmning (ingen vind)]]&Table1[[#This Row],[Täckning '[mm']]]&Table1[[#This Row],[OK <14 Dagar]]&Table1[[#This Row],[OK <21 Dagar]] -> C20/2520550OK14
A22: C20/25 | B22: 20 | C22: 5 | D22: 10 | E22: 0 | F22: 0 | G22: 0 | H22: 12.9 | I22: OK14 | M22: =Table1[[#This Row],[Kvalitet]]&Table1[[#This Row],[Gjuttemperatur]]&Table1[[#This Row],[Temperatur motgjutningsyta]]&Table1[[#This Row],[Väderskydd, uppvärmning (ingen vind)]]&Table1[[#This Row],[Täckning '[mm']]]&Table1[[#This Row],[OK <14 Dagar]]&Table1[[#This Row],[OK <21 Dagar]] -> C20/25205100OK14
A23: C20/25 | B23: 20 | C23: 5 | D23: 15 | E23: 0 | F23: 0 | G23: 2 | H23: 14 | I23: OK14 | M23: =Table1[[#This Row],[Kvalitet]]&Table1[[#This Row],[Gjuttemperatur]]&Table1[[#This Row],[Temperatur motgjutningsyta]]&Table1[[#This Row],[Väderskydd, uppvärmning (ingen vind)]]&Table1[[#This Row],[Täckning '[mm']]]&Table1[[#This Row],[OK <14 Dagar]]&Table1[[#This Row],[OK <21 Dagar]] -> C20/25205150OK14
A24: C20/25 | B24: 20 | C24: 5 | D24: 20 | E24: Presenning | F24: 0 | G24: 7 | H24: 12.9 | I24: OK14 | M24: =Table1[[#This Row],[Kvalitet]]&Table1[[#This Row],[Gjuttemperatur]]&Table1[[#This Row],[Temperatur motgjutningsyta]]&Table1[[#This Row],[Väderskydd, uppvärmning (ingen vind)]]&Table1[[#This Row],[Täckning '[mm']]]&Table1[[#This Row],[OK <14 Dagar]]&Table1[[#This Row],[OK <21 Dagar]] -> C20/2520520PresenningOK14
A25: C20/25 | B25: 20 | C25: 5 | D25: 20 | E25: Presenning | F25: 0 | G25: 12 | H25: 13.5 | I25: OK14 | M25: =Table1[[#This Row],[Kvalitet]]&Table1[[#This Row],[Gjuttemperatur]]&Table1[[#This Row],[Temperatur motgjutningsyta]]&Table1[[#This Row],[Väderskydd, uppvärmning (ingen vind)]]&Table1[[#This Row],[Täckning '[mm']]]&Table1[[#This Row],[OK <14 Dagar]]&Table1[[#This Row],[OK <21 Dagar]] -> C20/2520520PresenningOK14
A26: C20/25 | B26: 20 | C26: 5 | D26: 20 | E26: Presenning | F26: 0 | G26: 20 | H26: 13.9 | I26: OK14 | M26: =Table1[[#This Row],[Kvalitet]]&Table1[[#This Row],[Gjuttemperatur]]&Table1[[#This Row],[Temperatur motgjutningsyta]]&Table1[[#This Row],[Väderskydd, uppvärmning (ingen vind)]]&Table1[[#This Row],[Täckning '[mm']]]&Table1[[#This Row],[OK <14 Dagar]]&Table1[[#This Row],[OK <21 Dagar]] -> C20/2520520PresenningOK14
A27: C20/25 | B27: 20 | C27: 5 | D27: 20 | E27: 0 | F27: -5 | G27: 0 | H27: 13.3 | I27: OK14 | M27: =Table1[[#This Row],[Kvalitet]]&Table1[[#This Row],[Gjuttemperatur]]&Table1[[#This Row],[Temperatur motgjutningsyta]]&Table1[[#This Row],[Väderskydd, uppvärmning (ingen vind)]]&Table1[[#This Row],[Täckning '[mm']]]&Table1[[#This Row],[OK <14 Dagar]]&Table1[[#This Row],[OK <21 Dagar]] -> C20/25205200OK14
A28: C20/25 | B28: 20 | C28: 5 | D28: 20 | E28: 10 | F28: -5 | G28: 2 | H28: 10 | I28: OK14 | M28: =Table1[[#This Row],[Kvalitet]]&Table1[[#This Row],[Gjuttemperatur]]&Table1[[#This Row],[Temperatur motgjutningsyta]]&Table1[[#This Row],[Väderskydd, uppvärmning (ingen vind)]]&Table1[[#This Row],[Täckning '[mm']]]&Table1[[#This Row],[OK <14 Dagar]]&Table1[[#This Row],[OK <21 Dagar]] -> C20/252052010OK14
A29: C20/25 | B29: 20 | C29: 5 | D29: 20 | E29: 10 | F29: -5 | G29: 7 | H29: 11 | I29: OK14 | M29: =Table1[[#This Row],[Kvalitet]]&Table1[[#This Row],[Gjuttemperatur]]&Table1[[#This Row],[Temperatur motgjutningsyta]]&Table1[[#This Row],[Väderskydd, uppvärmning (ingen vind)]]&Table1[[#This Row],[Täckning '[mm']]]&Table1[[#This Row],[OK <14 Dagar]]&Table1[[#This Row],[OK <21 Dagar]] -> C20/252052010OK14
A30: C20/25 | B30: 20 | C30: 5 | D30: 20 | E30: 10 | F30: -5 | G30: 12 | H30: 11.4 | I30: OK14 | M30: =Table1[[#This Row],[Kvalitet]]&Table1[[#This Row],[Gjuttemperatur]]&Table1[[#This Row],[Temperatur motgjutningsyta]]&Table1[[#This Row],[Väderskydd, uppvärmning (ingen vind)]]&Table1[[#This Row],[Täckning '[mm']]]&Table1[[#This Row],[OK <14 Dagar]]&Table1[[#This Row],[OK <21 Dagar]] -> C20/252052010OK14
A31: C20/25 | B31: 20 | C31: 5 | D31: 20 | E31: 10 | F31: -5 | G31: 20 | H31: 11.6 | I31: OK14 | M31: =Table1[[#This Row],[Kvalitet]]&Table1[[#This Row],[Gjuttemperatur]]&Table1[[#This Row],[Temperatur motgjutningsyta]]&Table1[[#This Row],[Väderskydd, uppvärmning (ingen vind)]]&Table1[[#This Row],[Täckning '[mm']]]&Table1[[#This Row],[OK <14 Dagar]]&Table1[[#This Row],[OK <21 Dagar]] -> C20/252052010OK14
A32: C20/25 | B32: 20 | C32: 5 | D32: 20 | E32: 10 | F32: -10 | G32: 0 | H32: 13.6 | I32: OK14 | M32: =Table1[[#This Row],[Kvalitet]]&Table1[[#This Row],[Gjuttemperatur]]&Table1[[#This Row],[Temperatur motgjutningsyta]]&Table1[[#This Row],[Väderskydd, uppvärmning (ingen vind)]]&Table1[[#This Row],[Täckning '[mm']]]&Table1[[#This Row],[OK <14 Dagar]]&Table1[[#This Row],[OK <21 Dagar]] -> C20/252052010OK14
A33: C20/25 | B33: 20 | C33: 5 | D33: 20 | E33: 20 | F33: -10 | G33: 2 | H33: 11.9 | I33: OK14 | M33: =Table1[[#This Row],[Kvalitet]]&Table1[[#This Row],[Gjuttemperatur]]&Table1[[#This Row],[Temperatur motgjutningsyta]]&Table1[[#This Row],[Väderskydd, uppvärmning (ingen vind)]]&Table1[[#This Row],[Täckning '[mm']]]&Table1[[#This Row],[OK <14 Dagar]]&Table1[[#This Row],[OK <21 Dagar]] -> C20/252052020OK14
A34: C20/25 | B34: 20 | C34: 5 | D34: 20 | E34: 20 | F34: -10 | G34: 7 | H34: 12.7 | I34: OK14 | M34: =Table1[[#This Row],[Kvalitet]]&Table1[[#This Row],[Gjuttemperatur]]&Table1[[#This Row],[Temperatur motgjutningsyta]]&Table1[[#This Row],[Väderskydd, uppvärmning (ingen vind)]]&Table1[[#This Row],[Täckning '[mm']]]&Table1[[#This Row],[OK <14 Dagar]]&Table1[[#This Row],[OK <21 Dagar]] -> C20/252052020OK14
A35: - | B35: - | C35: - | D35: - | E35: - | F35: -10 | G35: 12 | H35: - | L35: Frys innan täck | M35: =Table1[[#This Row],[Kvalitet]]&Table1[[#This Row],[Gjuttemperatur]]&Table1[[#This Row],[Temperatur motgjutningsyta]]&Table1[[#This Row],[Väderskydd, uppvärmning (ingen vind)]]&Table1[[#This Row],[Täckning '[mm']]]&Table1[[#This Row],[OK <14 Dagar]]&Table1[[#This Row],[OK <21 Dagar]] -> -----
A36: - | B36: - | C36: - | D36: - | E36: - | F36: -10 | G36: 20 | H36: - | L36: Frys innan täck | M36: =Table1[[#This Row],[Kvalitet]]&Table1[[#This Row],[Gjuttemperatur]]&Table1[[#This Row],[Temperatur motgjutningsyta]]&Table1[[#This Row],[Väderskydd, uppvärmning (ingen vind)]]&Table1[[#This Row],[Täckning '[mm']]]&Table1[[#This Row],[OK <14 Dagar]]&Table1[[#This Row],[OK <21 Dagar]] -> -----
A37: C28/35 | B37: 15 | C37: 5 | D37: 20 | E37: 30 | F37: -15 | G37: 0 | H37: 12 | I37: OK14 | M37: =Table1[[#This Row],[Kvalitet]]&Table1[[#This Row],[Gjuttemperatur]]&Table1[[#This Row],[Temperatur motgjutningsyta]]&Table1[[#This Row],[Väderskydd, uppvärmning (ingen vind)]]&Table1[[#This Row],[Täckning '[mm']]]&Table1[[#This Row],[OK <14 Dagar]]&Table1[[#This Row],[OK <21 Dagar]] -> C28/351552030OK14
A38: C28/35 | B38: 15 | C38: 5 | D38: 20 | E38: 30 | F38: -15 | G38: 2 | H38: 13.2 | I38: OK14 | M38: =Table1[[#This Row],[Kvalitet]]&Table1[[#This Row],[Gjuttemperatur]]&Table1[[#This Row],[Temperatur motgjutningsyta]]&Table1[[#This Row],[Väderskydd, uppvärmning (ingen vind)]]&Table1[[#This Row],[Täckning '[mm']]]&Table1[[#This Row],[OK <14 Dagar]]&Table1[[#This Row],[OK <21 Dagar]] -> C28/351552030OK14
A39: - | B39: - | C39: - | D39: - | E39: - | F39: -15 | G39: 7 | H39: - | L39: Frys innan täck | M39: =Table1[[#This Row],[Kvalitet]]&Table1[[#This Row],[Gjuttemperatur]]&Table1[[#This Row],[Temperatur motgjutningsyta]]&Table1[[#This Row],[Väderskydd, uppvärmning (ingen vind)]]&Table1[[#This Row],[Täckning '[mm']]]&Table1[[#This Row],[OK <14 Dagar]]&Table1[[#This Row],[OK <21 Dagar]] -> -----
A40: - | B40: - | C40: - | D40: - | E40: - | F40: -15 | G40: 12 | H40: - | L40: Frys innan täck | M40: =Table1[[#This Row],[Kvalitet]]&Table1[[#This Row],[Gjuttemperatur]]&Table1[[#This Row],[Temperatur motgjutningsyta]]&Table1[[#This Row],[Väderskydd, uppvärmning (ingen vind)]]&Table1[[#This Row],[Täckning '[mm']]]&Table1[[#This Row],[OK <14 Dagar]]&Table1[[#This Row],[OK <21 Dagar]] -> -----
A41: - | B41: - | C41: - | D41: - | E41: - | F41: -15 | G41: 20 | H41: - | L41: Frys innan täck | M41: =Table1[[#This Row],[Kvalitet]]&Table1[[#This Row],[Gjuttemperatur]]&Table1[[#This Row],[Temperatur motgjutningsyta]]&Table1[[#This Row],[Väderskydd, uppvärmning (ingen vind)]]&Table1[[#This Row],[Täckning '[mm']]]&Table1[[#This Row],[OK <14 Dagar]]&Table1[[#This Row],[OK <21 Dagar]] -> -----
A42: C35/45 | B42: 10 | C42: 5 | D42: 20 | E42: 50 | F42: -20 | G42: 0 | H42: 12.8 | I42: OK14 | M42: =Table1[[#This Row],[Kvalitet]]&Table1[[#This Row],[Gjuttemperatur]]&Table1[[#This Row],[Temperatur motgjutningsyta]]&Table1[[#This Row],[Väderskydd, uppvärmning (ingen vind)]]&Table1[[#This Row],[Täckning '[mm']]]&Table1[[#This Row],[OK <14 Dagar]]&Table1[[#This Row],[OK <21 Dagar]] -> C35/451052050OK14
A43: C35/45 | B43: 10 | C43: 5 | D43: 20 | E43: 50 | F43: -20 | G43: 2 | H43: 13.8 | I43: OK14 | M43: =Table1[[#This Row],[Kvalitet]]&Table1[[#This Row],[Gjuttemperatur]]&Table1[[#This Row],[Temperatur motgjutningsyta]]&Table1[[#This Row],[Väderskydd, uppvärmning (ingen vind)]]&Table1[[#This Row],[Täckning '[mm']]]&Table1[[#This Row],[OK <14 Dagar]]&Table1[[#This Row],[OK <21 Dagar]] -> C35/451052050OK14
A44: - | B44: - | C44: - | D44: - | E44: - | F44: -20 | G44: 7 | L44: Frys innan täck | M44: =Table1[[#This Row],[Kvalitet]]&Table1[[#This Row],[Gjuttemperatur]]&Table1[[#This Row],[Temperatur motgjutningsyta]]&Table1[[#This Row],[Väderskydd, uppvärmning (ingen vind)]]&Table1[[#This Row],[Täckning '[mm']]]&Table1[[#This Row],[OK <14 Dagar]]&Table1[[#This Row],[OK <21 Dagar]] -> -----
A45: - | B45: - | C45: - | D45: - | E45: - | F45: -20 | G45: 12 | L45: Frys innan täck | M45: =Table1[[#This Row],[Kvalitet]]&Table1[[#This Row],[Gjuttemperatur]]&Table1[[#This Row],[Temperatur motgjutningsyta]]&Table1[[#This Row],[Väderskydd, uppvärmning (ingen vind)]]&Table1[[#This Row],[Täckning '[mm']]]&Table1[[#This Row],[OK <14 Dagar]]&Table1[[#This Row],[OK <21 Dagar]] -> -----
A46: - | B46: - | C46: - | D46: - | E46: - | F46: -20 | G46: 20 | L46: Frys innan täck | M46: =Table1[[#This Row],[Kvalitet]]&Table1[[#This Row],[Gjuttemperatur]]&Table1[[#This Row],[Temperatur motgjutningsyta]]&Table1[[#This Row],[Väderskydd, uppvärmning (ingen vind)]]&Table1[[#This Row],[Täckning '[mm']]]&Table1[[#This Row],[OK <14 Dagar]]&Table1[[#This Row],[OK <21 Dagar]] -> -----

Sheet Bjälklag (20% slagg)
A1: Kvalitet | B1: Gjuttemperatur | C1: Temperatur motgjutningsyta | D1: Väderskydd, uppvärmning (ingen vind) | E1: Täckning [mm] | F1: Temperatur | G1: Vind | H1: <14 d och >70 % [Dagar] | I1: OK under 14 D | J1: <21 d och >70 % [Dagar] | K1: OK <21 Dagar | L1: Kommentar | M1: Åtgärdskåd
A2: C20/25 | B2: 15 | C2: 20 | D2: - | E2: 0 | F2: 20 | G2: 0 | H2: 6.2 | I2: OK14 | M2: =Table14[[#This Row],[Kvalitet]]&Table14[[#This Row],[Gjuttemperatur]]&Table14[[#This Row],[Temperatur motgjutningsyta]]&Table14[[#This Row],[Väderskydd, uppvärmning (ingen vind)]]&Table14[[#This Row],[Täckning '[mm']]]&Table14[[#This Row],[OK under 14 D]]&Table14[[#This Row],[OK <21 Dagar]] -> C20/251520-0OK14
A3: C20/25 | B3: 15 | C3: 20 | D3: - | E3: 0 | F3: 20 | G3: 2 | H3: 6.8 | I3: OK14 | M3: =Table14[[#This Row],[Kvalitet]]&Table14[[#This Row],[Gjuttemperatur]]&Table14[[#This Row],[Temperatur motgjutningsyta]]&Table14[[#This Row],[Väderskydd, uppvärmning (ingen vind)]]&Table14[[#This Row],[Täckning '[mm']]]&Table14[[#This Row],[OK under 14 D]]&Table14[[#This Row],[OK <21 Dagar]] -> C20/251520-0OK14
A4: C20/25 | B4: 15 | C4: 20 | D4: - | E4: 0 | F4: 20 | G4: 7 | H4: 7 | I4: OK14 | M4: =Table14[[#This Row],[Kvalitet]]&Table14[[#This Row],[Gjuttemperatur]]&Table14[[#This Row],[Temperatur motgjutningsyta]]&Table14[[#This Row],[Väderskydd, uppvärmning (ingen vind)]]&Table14[[#This Row],[Täckning '[mm']]]&Table14[[#This Row],[OK under 14 D]]&Table14[[#This Row],[OK <21 Dagar]] -> C20/251520-0OK14
A5: C20/25 | B5: 15 | C5: 20 | D5: - | E5: 0 | F5: 20 | G5: 12 | H5: 7.1 | I5: OK14 | M5: =Table14[[#This Row],[Kvalitet]]&Table14[[#This Row],[Gjuttemperatur]]&Table14[[#This Row],[Temperatur motgjutningsyta]]&Table14[[#This Row],[Väderskydd, uppvärmning (ingen vind)]]&Table14[[#This Row],[Täckning '[mm']]]&Table14[[#This Row],[OK under 14 D]]&Table14[[#This Row],[OK <21 Dagar]] -> C20/251520-0OK14
A6: C20/25 | B6: 15 | C6: 20 | D6: - | E6: 0 | F6: 20 | G6: 20 | H6: 7.1 | I6: OK14 | M6: =Table14[[#This Row],[Kvalitet]]&Table14[[#This Row],[Gjuttemperatur]]&Table14[[#This Row],[Temperatur motgjutningsyta]]&Table14[[#This Row],[Väderskydd, uppvärmning (ingen vind)]]&Table14[[#This Row],[Täckning '[mm']]]&Table14[[#This Row],[OK under 14 D]]&Table14[[#This Row],[OK <21 Dagar]] -> C20/251520-0OK14
A7: C20/25 | B7: 15 | C7: 15 | D7: - | E7: 0 | F7: 15 | G7: 0 | H7: 8.2 | I7: OK14 | M7: =Table14[[#This Row],[Kvalitet]]&Table14[[#This Row],[Gjuttemperatur]]&Table14[[#This Row],[Temperatur motgjutningsyta]]&Table14[[#This Row],[Väderskydd, uppvärmning (ingen vind)]]&Table14[[#This Row],[Täckning '[mm']]]&Table14[[#This Row],[OK under 14 D]]&Table14[[#This Row],[OK <21 Dagar]] -> C20/251515-0OK14
A8: C20/25 | B8: 15 | C8: 15 | D8: - | E8: 0 | F8: 15 | G8: 2 | H8: 8.9 | I8: OK14 | M8: =Table14[[#This Row],[Kvalitet]]&Table14[[#This Row],[Gjuttemperatur]]&Table14[[#This Row],[Temperatur motgjutningsyta]]&Table14[[#This Row],[Väderskydd, uppvärmning (ingen vind)]]&Table14[[#This Row],[Täckning '[mm']]]&Table14[[#This Row],[OK under 14 D]]&Table14[[#This Row],[OK <21 Dagar]] -> C20/251515-0OK14
A9: C20/25 | B9: 15 | C9: 15 | D9: - | E9: 0 | F9: 15 | G9: 7 | H9: 9.2 | I9: OK14 | M9: =Table14[[#This Row],[Kvalitet]]&Table14[[#This Row],[Gjuttemperatur]]&Table14[[#This Row],[Temperatur motgjutningsyta]]&Table14[[#This Row],[Väderskydd, uppvärmning (ingen vind)]]&Table14[[#This Row],[Täckning '[mm']]]&Table14[[#This Row],[OK under 14 D]]&Table14[[#This Row],[OK <21 Dagar]] -> C20/251515-0OK14
A10: C20/25 | B10: 15 | C10: 15 | D10: - | E10: 0 | F10: 15 | G10: 12 | H10: 9.3 | I10: OK14 | M10: =Table14[[#This Row],[Kvalitet]]&Table14[[#This Row],[Gjuttemperatur]]&Table14[[#This Row],[Temperatur motgjutningsyta]]&Table14[[#This Row],[Väderskydd, uppvärmning (ingen vind)]]&Table14[[#This Row],[Täckning '[mm']]]&Table14[[#This Row],[OK under 14 D]]&Table14[[#This Row],[OK <21 Dagar]] -> C20/251515-0OK14
A11: C20/25 | B11: 15 | C11: 15 | D11: - | E11: 0 | F11: 15 | G11: 20 | H11: 9.3 | I11: OK14 | M11: =Table14[[#This Row],[Kvalitet]]&Table14[[#This Row],[Gjuttemperatur]]&Table14[[#This Row],[Temperatur motgjutningsyta]]&Table14[[#This Row],[Väderskydd, uppvärmning (ingen vind)]]&Table14[[#This Row],[Täckning '[mm']]]&Table14[[#This Row],[OK under 14 D]]&Table14[[#This Row],[OK <21 Dagar]] -> C20/251515-0OK14
A12: C20/25 | B12: 15 | C12: 10 | D12: - | E12: 0 | F12: 10 | G12: 0 | H12: 11.3 | I12: OK14 | M12: =Table14[[#This Row],[Kvalitet]]&Table14[[#This Row],[Gjuttemperatur]]&Table14[[#This Row],[Temperatur motgjutningsyta]]&Table14[[#This Row],[Väderskydd, uppvärmning (ingen vind)]]&Table14[[#This Row],[Täckning '[mm']]]&Table14[[#This Row],[OK under 14 D]]&Table14[[#This Row],[OK <21 Dagar]] -> C20/251510-0OK14
A13: C20/25 | B13: 15 | C13: 10 | D13: - | E13: 0 | F13: 10 | G13: 2 | H13: 12.2 | I13: OK14 | M13: =Table14[[#This Row],[Kvalitet]]&Table14[[#This Row],[Gjuttemperatur]]&Table14[[#This Row],[Temperatur motgjutningsyta]]&Table14[[#This Row],[Väderskydd, uppvärmning (ingen vind)]]&Table14[[#This Row],[Täckning '[mm']]]&Table14[[#This Row],[OK under 14 D]]&Table14[[#This Row],[OK <21 Dagar]] -> C20/251510-0OK14
A14: C20/25 | B14: 15 | C14: 10 | D14: - | E14: 0 | F14: 10 | G14: 7 | H14: 12.6 | I14: OK14 | M14: =Table14[[#This Row],[Kvalitet]]&Table14[[#This Row],[Gjuttemperatur]]&Table14[[#This Row],[Temperatur motgjutningsyta]]&Table14[[#This Row],[Väderskydd, uppvärmning (ingen vind)]]&Table14[[#This Row],[Täckning '[mm']]]&Table14[[#This Row],[OK under 14 D]]&Table14[[#This Row],[OK <21 Dagar]] -> C20/251510-0OK14
A15: C20/25 | B15: 15 | C15: 10 | D15: - | E15: 0 | F15: 10 | G15: 12 | H15: 12.7 | I15: OK14 | M15: =Table14[[#This Row],[Kvalitet]]&Table14[[#This Row],[Gjuttemperatur]]&Table14[[#This Row],[Temperatur motgjutningsyta]]&Table14[[#This Row],[Väderskydd, uppvärmning (ingen vind)]]&Table14[[#This Row],[Täckning '[mm']]]&Table14[[#This Row],[OK under 14 D]]&Table14[[#This Row],[OK <21 Dagar]] -> C20/251510-0OK14
A16: C20/25 | B16: 15 | C16: 10 | D16: - | E16: 0 | F16: 10 | G16: 20 | H16: 12.8 | I16: OK14 | M16: =Table14[[#This Row],[Kvalitet]]&Table14[[#This Row],[Gjuttemperatur]]&Table14[[#This Row],[Temperatur motgjutningsyta]]&Table14[[#This Row],[Väderskydd, uppvärmning (ingen vind)]]&Table14[[#This Row],[Täckning '[mm']]]&Table14[[#This Row],[OK under 14 D]]&Table14[[#This Row],[OK <21 Dagar]] -> C20/251510-0OK14
A17: C20/25 | B17: 20 | C17: 5 | D17: 5 | E17: 0 | F17: 5 | G17: 0 | H17: 13.5 | I17: OK14 | M17: =Table14[[#This Row],[Kvalitet]]&Table14[[#This Row],[Gjuttemperatur]]&Table14[[#This Row],[Temperatur motgjutningsyta]]&Table14[[#This Row],[Väderskydd, uppvärmning (ingen vind)]]&Table14[[#This Row],[Täckning '[mm']]]&Table14[[#This Row],[OK under 14 D]]&Table14[[#This Row],[OK <21 Dagar]] -> C20/2520550OK14
A18: C20/25 | B18: 20 | C18: 5 | D18: 10 | E18: 0 | F18: 5 | G18: 2 | H18: 13.5 | I18: OK14 | M18: =Table14[[#This Row],[Kvalitet]]&Table14[[#This Row],[Gjuttemperatur]]&Table14[[#This Row],[Temperatur motgjutningsyta]]&Table14[[#This Row],[Väderskydd, uppvärmning (ingen vind)]]&Table14[[#This Row],[Täckning '[mm']]]&Table14[[#This Row],[OK under 14 D]]&Table14[[#This Row],[OK <21 Dagar]] -> C20/25205100OK14
A19: C20/25 | B19: 20 | C19: 5 | D19: 15 | E19: 0 | F19: 5 | G19: 7 | H19: 13.8 | I19: OK14 | M19: =Table14[[#This Row],[Kvalitet]]&Table14[[#This Row],[Gjuttemperatur]]&Table14[[#This Row],[Temperatur motgjutningsyta]]&Table14[[#This Row],[Väderskydd, uppvärmning (ingen vind)]]&Table14[[#This Row],[Täckning '[mm']]]&Table14[[#This Row],[OK under 14 D]]&Table14[[#This Row],[OK <21 Dagar]] -> C20/25205150OK14
A20: C20/25 | B20: 20 | C20: 5 | D20: 20 | E20: 0 | F20: 5 | G20: 12 | H20: 13.3 | I20: OK14 | M20: =Table14[[#This Row],[Kvalitet]]&Table14[[#This Row],[Gjuttemperatur]]&Table14[[#This Row],[Temperatur motgjutningsyta]]&Table14[[#This Row],[Väderskydd, uppvärmning (ingen vind)]]&Table14[[#This Row],[Täckning '[mm']]]&Table14[[#This Row],[OK under 14 D]]&Table14[[#This Row],[OK <21 Dagar]] -> C20/25205200OK14
A21: C20/25 | B21: 20 | C21: 5 | D21: 20 | E21: 0 | F21: 5 | G21: 20 | H21: 13.7 | I21: OK14 | M21: =Table14[[#This Row],[Kvalitet]]&Table14[[#This Row],[Gjuttemperatur]]&Table14[[#This Row],[Temperatur motgjutningsyta]]&Table14[[#This Row],[Väderskydd, uppvärmning (ingen vind)]]&Table14[[#This Row],[Täckning '[mm']]]&Table14[[#This Row],[OK under 14 D]]&Table14[[#This Row],[OK <21 Dagar]] -> C20/25205200OK14
A22: C20/25 | B22: 20 | C22: 5 | D22: 15 | E22: 0 | F22: 0 | G22: 0 | H22: 13.9 | I22: OK14 | M22: =Table14[[#This Row],[Kvalitet]]&Table14[[#This Row],[Gjuttemperatur]]&Table14[[#This Row],[Temperatur motgjutningsyta]]&Table14[[#This Row],[Väderskydd, uppvärmning (ingen vind)]]&Table14[[#This Row],[Täckning '[mm']]]&Table14[[#This Row],[OK under 14 D]]&Table14[[#This Row],[OK <21 Dagar]] -> C20/25205150OK14
A23: C20/25 | B23: 20 | C23: 5 | D23: 20 | E23: Presenning | F23: 0 | G23: 2 | H23: 14 | I23: OK14 | M23: =Table14[[#This Row],[Kvalitet]]&Table14[[#This Row],[Gjuttemperatur]]&Table14[[#This Row],[Temperatur motgjutningsyta]]&Table14[[#This Row],[Väderskydd, uppvärmning (ingen vind)]]&Table14[[#This Row],[Täckning '[mm']]]&Table14[[#This Row],[OK under 14 D]]&Table14[[#This Row],[OK <21 Dagar]] -> C20/2520520PresenningOK14
A24: C20/25 | B24: 20 | C24: 5 | D24: 20 | E24: 10 | F24: 0 | G24: 7 | H24: 10.2 | I24: OK14 | M24: =Table14[[#This Row],[Kvalitet]]&Table14[[#This Row],[Gjuttemperatur]]&Table14[[#This Row],[Temperatur motgjutningsyta]]&Table14[[#This Row],[Väderskydd, uppvärmning (ingen vind)]]&Table14[[#This Row],[Täckning '[mm']]]&Table14[[#This Row],[OK under 14 D]]&Table14[[#This Row],[OK <21 Dagar]] -> C20/252052010OK14
A25: C20/25 | B25: 20 | C25: 5 | D25: 20 | E25: 10 | F25: 0 | G25: 12 | H25: 10.3 | I25: OK14 | M25: =Table14[[#This Row],[Kvalitet]]&Table14[[#This Row],[Gjuttemperatur]]&Table14[[#This Row],[Temperatur motgjutningsyta]]&Table14[[#This Row],[Väderskydd, uppvärmning (ingen vind)]]&Table14[[#This Row],[Täckning '[mm']]]&Table14[[#This Row],[OK under 14 D]]&Table14[[#This Row],[OK <21 Dagar]] -> C20/252052010OK14
A26: C20/25 | B26: 20 | C26: 5 | D26: 20 | E26: 10 | F26: 0 | G26: 20 | H26: 10.5 | I26: OK14 | M26: =Table14[[#This Row],[Kvalitet]]&Table14[[#This Row],[Gjuttemperatur]]&Table14[[#This Row],[Temperatur motgjutningsyta]]&Table14[[#This Row],[Väderskydd, uppvärmning (ingen vind)]]&Table14[[#This Row],[Täckning '[mm']]]&Table14[[#This Row],[OK under 14 D]]&Table14[[#This Row],[OK <21 Dagar]] -> C20/252052010OK14
A27: C20/25 | B27: 20 | C27: 5 | D27: 20 | E27: 10 | F27: -5 | G27: 0 | H27: 12 | I27: OK14 | M27: =Table14[[#This Row],[Kvalitet]]&Table14[[#This Row],[Gjuttemperatur]]&Table14[[#This Row],[Temperatur motgjutningsyta]]&Table14[[#This Row],[Väderskydd, uppvärmning (ingen vind)]]&Table14[[#This Row],[Täckning '[mm']]]&Table14[[#This Row],[OK under 14 D]]&Table14[[#This Row],[OK <21 Dagar]] -> C20/252052010OK14
A28: C20/25 | B28: 20 | C28: 5 | D28: 20 | E28: 10 | F28: -5 | G28: 2 | H28: 13.6 | I28: OK14 | M28: =Table14[[#This Row],[Kvalitet]]&Table14[[#This Row],[Gjuttemperatur]]&Table14[[#This Row],[Temperatur motgjutningsyta]]&Table14[[#This Row],[Väderskydd, uppvärmning (ingen vind)]]&Table14[[#This Row],[Täckning '[mm']]]&Table14[[#This Row],[OK under 14 D]]&Table14[[#This Row],[OK <21 Dagar]] -> C20/252052010OK14
A29: C20/25 | B29: 20 | C29: 5 | D29: 20 | E29: 20 | F29: -5 | G29: 7 | H29: 11.3 | I29: OK14 | M29: =Table14[[#This Row],[Kvalitet]]&Table14[[#This Row],[Gjuttemperatur]]&Table14[[#This Row],[Temperatur motgjutningsyta]]&Table14[[#This Row],[Väderskydd, uppvärmning (ingen vind)]]&Table14[[#This Row],[Täckning '[mm']]]&Table14[[#This Row],[OK under 14 D]]&Table14[[#This Row],[OK <21 Dagar]] -> C20/252052020OK14
A30: C20/25 | B30: 20 | C30: 5 | D30: 20 | E30: 20 | F30: -5 | G30: 12 | H30: 11.5 | I30: OK14 | M30: =Table14[[#This Row],[Kvalitet]]&Table14[[#This Row],[Gjuttemperatur]]&Table14[[#This Row],[Temperatur motgjutningsyta]]&Table14[[#This Row],[Väderskydd, uppvärmning (ingen vind)]]&Table14[[#This Row],[Täckning '[mm']]]&Table14[[#This Row],[OK under 14 D]]&Table14[[#This Row],[OK <21 Dagar]] -> C20/252052020OK14
A31: C20/25 | B31: 20 | C31: 5 | D31: 20 | E31: 20 | F31: -5 | G31: 20 | H31: 11.6 | I31: OK14 | M31: =Table14[[#This Row],[Kvalitet]]&Table14[[#This Row],[Gjuttemperatur]]&Table14[[#This Row],[Temperatur motgjutningsyta]]&Table14[[#This Row],[Väderskydd, uppvärmning (ingen vind)]]&Table14[[#This Row],[Täckning '[mm']]]&Table14[[#This Row],[OK under 14 D]]&Table14[[#This Row],[OK <21 Dagar]] -> C20/252052020OK14
A32: C20/25 | B32: 20 | C32: 5 | D32: 20 | E32: 30 | F32: -10 | G32: 0 | H32: 13 | I32: OK14 | M32: =Table14[[#This Row],[Kvalitet]]&Table14[[#This Row],[Gjuttemperatur]]&Table14[[#This Row],[Temperatur motgjutningsyta]]&Table14[[#This Row],[Väderskydd, uppvärmning (ingen vind)]]&Table14[[#This Row],[Täckning '[mm']]]&Table14[[#This Row],[OK under 14 D]]&Table14[[#This Row],[OK <21 Dagar]] -> C20/252052030OK14
A33: C20/25 | B33: 20 | C33: 5 | D33: 20 | E33: 30 | F33: -10 | G33: 2 | H33: 13.8 | I33: OK14 | M33: =Table14[[#This Row],[Kvalitet]]&Table14[[#This Row],[Gjuttemperatur]]&Table14[[#This Row],[Temperatur motgjutningsyta]]&Table14[[#This Row],[Väderskydd, uppvärmning (ingen vind)]]&Table14[[#This Row],[Täckning '[mm']]]&Table14[[#This Row],[OK under 14 D]]&Table14[[#This Row],[OK <21 Dagar]] -> C20/252052030OK14
A34: C20/25 | B34: 20 | C34: 5 | D34: 20 | E34: 50 | F34: -10 | G34: 7 | H34: 11.6 | I34: OK14 | M34: =Table14[[#This Row],[Kvalitet]]&Table14[[#This Row],[Gjuttemperatur]]&Table14[[#This Row],[Temperatur motgjutningsyta]]&Table14[[#This Row],[Väderskydd, uppvärmning (ingen vind)]]&Table14[[#This Row],[Täckning '[mm']]]&Table14[[#This Row],[OK under 14 D]]&Table14[[#This Row],[OK <21 Dagar]] -> C20/252052050OK14
A35: - | B35: - | C35: - | D35: - | E35: - | F35: -10 | G35: 12 | H35: - | L35: Tidig frysning | M35: =Table14[[#This Row],[Kvalitet]]&Table14[[#This Row],[Gjuttemperatur]]&Table14[[#This Row],[Temperatur motgjutningsyta]]&Table14[[#This Row],[Väderskydd, uppvärmning (ingen vind)]]&Table14[[#This Row],[Täckning '[mm']]]&Table14[[#This Row],[OK under 14 D]]&Table14[[#This Row],[OK <21 Dagar]] -> -----
A36: - | B36: - | C36: - | D36: - | E36: - | F36: -10 | G36: 20 | H36: - | L36: Tidig frysning | M36: =Table14[[#This Row],[Kvalitet]]&Table14[[#This Row],[Gjuttemperatur]]&Table14[[#This Row],[Temperatur motgjutningsyta]]&Table14[[#This Row],[Väderskydd, uppvärmning (ingen vind)]]&Table14[[#This Row],[Täckning '[mm']]]&Table14[[#This Row],[OK under 14 D]]&Table14[[#This Row],[OK <21 Dagar]] -> -----
A37: C28/35 | B37: 15 | C37: 5 | D37: 20 | E37: 50 | F37: -15 | G37: 0 | H37: 13 | I37: OK14 | M37: =Table14[[#This Row],[Kvalitet]]&Table14[[#This Row],[Gjuttemperatur]]&Table14[[#This Row],[Temperatur motgjutningsyta]]&Table14[[#This Row],[Väderskydd, uppvärmning (ingen vind)]]&Table14[[#This Row],[Täckning '[mm']]]&Table14[[#This Row],[OK under 14 D]]&Table14[[#This Row],[OK <21 Dagar]] -> C28/351552050OK14
A38: C28/35 | B38: 15 | C38: 5 | D38: 20 | E38: 50 | F38: -15 | G38: 2 | H38: 13.6 | I38: OK14 | M38: =Table14[[#This Row],[Kvalitet]]&Table14[[#This Row],[Gjuttemperatur]]&Table14[[#This Row],[Temperatur motgjutningsyta]]&Table14[[#This Row],[Väderskydd, uppvärmning (ingen vind)]]&Table14[[#This Row],[Täckning '[mm']]]&Table14[[#This Row],[OK under 14 D]]&Table14[[#This Row],[OK <21 Dagar]] -> C28/351552050OK14
A39: - | B39: - | C39: - | D39: - | E39: - | F39: -15 | G39: 7 | L39: Tidig frysning | M39: =Table14[[#This Row],[Kvalitet]]&Table14[[#This Row],[Gjuttemperatur]]&Table14[[#This Row],[Temperatur motgjutningsyta]]&Table14[[#This Row],[Väderskydd, uppvärmning (ingen vind)]]&Table14[[#This Row],[Täckning '[mm']]]&Table14[[#This Row],[OK under 14 D]]&Table14[[#This Row],[OK <21 Dagar]] -> -----
A40: - | B40: - | C40: - | D40: - | E40: - | F40: -15 | G40: 12 | L40: Tidig frysning | M40: =Table14[[#This Row],[Kvalitet]]&Table14[[#This Row],[Gjuttemperatur]]&Table14[[#This Row],[Temperatur motgjutningsyta]]&Table14[[#This Row],[Väderskydd, uppvärmning (ingen vind)]]&Table14[[#This Row],[Täckning '[mm']]]&Table14[[#This Row],[OK under 14 D]]&Table14[[#This Row],[OK <21 Dagar]] -> -----
A41: - | B41: - | C41: - | D41: - | E41: - | F41: -15 | G41: 20 | L41: Tidig frysning | M41: =Table14[[#This Row],[Kvalitet]]&Table14[[#This Row],[Gjuttemperatur]]&Table14[[#This Row],[Temperatur motgjutningsyta]]&Table14[[#This Row],[Väderskydd, uppvärmning (ingen vind)]]&Table14[[#This Row],[Täckning '[mm']]]&Table14[[#This Row],[OK under 14 D]]&Table14[[#This Row],[OK <21 Dagar]] -> -----
A42: C40/50 | B42: 10 | C42: 5 | D42: 20 | E42: 50 | F42: -20 | G42: 0 | H42: - | J42: 16.1 | K42: OK21 | M42: =Table14[[#This Row],[Kvalitet]]&Table14[[#This Row],[Gjuttemperatur]]&Table14[[#This Row],[Temperatur motgjutningsyta]]&Table14[[#This Row],[Väderskydd, uppvärmning (ingen vind)]]&Table14[[#This Row],[Täckning '[mm']]]&Table14[[#This Row],[OK under 14 D]]&Table14[[#This Row],[OK <21 Dagar]] -> C40/501052050OK21
A43: C40/50 | B43: 10 | C43: 5 | D43: 20 | E43: 50 | F43: -20 | G43: 2 | H43: - | J43: 17 | K43: OK21 | M43: =Table14[[#This Row],[Kvalitet]]&Table14[[#This Row],[Gjuttemperatur]]&Table14[[#This Row],[Temperatur motgjutningsyta]]&Table14[[#This Row],[Väderskydd, uppvärmning (ingen vind)]]&Table14[[#This Row],[Täckning '[mm']]]&Table14[[#This Row],[OK under 14 D]]&Table14[[#This Row],[OK <21 Dagar]] -> C40/501052050OK21
A44: - | B44: - | C44: - | D44: - | E44: - | F44: -20 | G44: 7 | L44: Tidig frysning | M44: =Table14[[#This Row],[Kvalitet]]&Table14[[#This Row],[Gjuttemperatur]]&Table14[[#This Row],[Temperatur motgjutningsyta]]&Table14[[#This Row],[Väderskydd, uppvärmning (ingen vind)]]&Table14[[#This Row],[Täckning '[mm']]]&Table14[[#This Row],[OK under 14 D]]&Table14[[#This Row],[OK <21 Dagar]] -> -----
A45: - | B45: - | C45: - | D45: - | E45: - | F45: -20 | G45: 12 | L45: Tidig frysning | M45: =Table14[[#This Row],[Kvalitet]]&Table14[[#This Row],[Gjuttemperatur]]&Table14[[#This Row],[Temperatur motgjutningsyta]]&Table14[[#This Row],[Väderskydd, uppvärmning (ingen vind)]]&Table14[[#This Row],[Täckning '[mm']]]&Table14[[#This Row],[OK under 14 D]]&Table14[[#This Row],[OK <21 Dagar]] -> -----
A46: - | B46: - | C46: - | D46: - | E46: - | F46: -20 | G46: 20 | L46: Tidig frysning | M46: =Table14[[#This Row],[Kvalitet]]&Table14[[#This Row],[Gjuttemperatur]]&Table14[[#This Row],[Temperatur motgjutningsyta]]&Table14[[#This Row],[Väderskydd, uppvärmning (ingen vind)]]&Table14[[#This Row],[Täckning '[mm']]]&Table14[[#This Row],[OK under 14 D]]&Table14[[#This Row],[OK <21 Dagar]] -> -----

Sheet Bjälklag (30% slagg)
A1: Kvalitet | B1: Gjuttemperatur | C1: Temperatur motgjutningsyta | D1: Väderskydd, uppvärmning (ingen vind) | E1: Täckning [mm] | F1: Temperatur | G1: Vind | H1: <14 d och >70 % [Dagar] | I1: OK under 14 D | J1: <21 d och >70 % [Dagar] | K1: OK <21 Dagar | L1: Kommentar | M1: Åtgärdskåd
A2: C20/25 | B2: 15 | C2: 20 | D2: - | E2: 0 | F2: 20 | G2: 0 | H2: 7 | I2: OK14 | M2: =Table145[[#This Row],[Kvalitet]]&Table145[[#This Row],[Gjuttemperatur]]&Table145[[#This Row],[Temperatur motgjutningsyta]]&Table145[[#This Row],[Väderskydd, uppvärmning (ingen vind)]]&Table145[[#This Row],[Täckning '[mm']]]&Table145[[#This Row],[OK under 14 D]]&Table145[[#This Row],[OK <21 Dagar]] -> C20/251520-0OK14
A3: C20/25 | B3: 15 | C3: 20 | D3: - | E3: 0 | F3: 20 | G3: 2 | H3: 7.5 | I3: OK14 | M3: =Table145[[#This Row],[Kvalitet]]&Table145[[#This Row],[Gjuttemperatur]]&Table145[[#This Row],[Temperatur motgjutningsyta]]&Table145[[#This Row],[Väderskydd, uppvärmning (ingen vind)]]&Table145[[#This Row],[Täckning '[mm']]]&Table145[[#This Row],[OK under 14 D]]&Table145[[#This Row],[OK <21 Dagar]] -> C20/251520-0OK14
A4: C20/25 | B4: 15 | C4: 20 | D4: - | E4: 0 | F4: 20 | G4: 7 | H4: 7.7 | I4: OK14 | M4: =Table145[[#This Row],[Kvalitet]]&Table145[[#This Row],[Gjuttemperatur]]&Table145[[#This Row],[Temperatur motgjutningsyta]]&Table145[[#This Row],[Väderskydd, uppvärmning (ingen vind)]]&Table145[[#This Row],[Täckning '[mm']]]&Table145[[#This Row],[OK under 14 D]]&Table145[[#This Row],[OK <21 Dagar]] -> C20/251520-0OK14
A5: C20/25 | B5: 15 | C5: 20 | D5: - | E5: 0 | F5: 20 | G5: 12 | H5: 7.8 | I5: OK14 | M5: =Table145[[#This Row],[Kvalitet]]&Table145[[#This Row],[Gjuttemperatur]]&Table145[[#This Row],[Temperatur motgjutningsyta]]&Table145[[#This Row],[Väderskydd, uppvärmning (ingen vind)]]&Table145[[#This Row],[Täckning '[mm']]]&Table145[[#This Row],[OK under 14 D]]&Table145[[#This Row],[OK <21 Dagar]] -> C20/251520-0OK14
A6: C20/25 | B6: 15 | C6: 20 | D6: - | E6: 0 | F6: 20 | G6: 20 | H6: 7.8 | I6: OK14 | M6: =Table145[[#This Row],[Kvalitet]]&Table145[[#This Row],[Gjuttemperatur]]&Table145[[#This Row],[Temperatur motgjutningsyta]]&Table145[[#This Row],[Väderskydd, uppvärmning (ingen vind)]]&Table145[[#This Row],[Täckning '[mm']]]&Table145[[#This Row],[OK under 14 D]]&Table145[[#This Row],[OK <21 Dagar]] -> C20/251520-0OK14
A7: C20/25 | B7: 15 | C7: 15 | D7: - | E7: 0 | F7: 15 | G7: 0 | H7: 9.3 | I7: OK14 | M7: =Table145[[#This Row],[Kvalitet]]&Table145[[#This Row],[Gjuttemperatur]]&Table145[[#This Row],[Temperatur motgjutningsyta]]&Table145[[#This Row],[Väderskydd, uppvärmning (ingen vind)]]&Table145[[#This Row],[Täckning '[mm']]]&Table145[[#This Row],[OK under 14 D]]&Table145[[#This Row],[OK <21 Dagar]] -> C20/251515-0OK14
A8: C20/25 | B8: 15 | C8: 15 | D8: - | E8: 0 | F8: 15 | G8: 2 | H8: 9.9 | I8: OK14 | M8: =Table145[[#This Row],[Kvalitet]]&Table145[[#This Row],[Gjuttemperatur]]&Table145[[#This Row],[Temperatur motgjutningsyta]]&Table145[[#This Row],[Väderskydd, uppvärmning (ingen vind)]]&Table145[[#This Row],[Täckning '[mm']]]&Table145[[#This Row],[OK under 14 D]]&Table145[[#This Row],[OK <21 Dagar]] -> C20/251515-0OK14
A9: C20/25 | B9: 15 | C9: 15 | D9: - | E9: 0 | F9: 15 | G9: 7 | H9: 10.2 | I9: OK14 | M9: =Table145[[#This Row],[Kvalitet]]&Table145[[#This Row],[Gjuttemperatur]]&Table145[[#This Row],[Temperatur motgjutningsyta]]&Table145[[#This Row],[Väderskydd, uppvärmning (ingen vind)]]&Table145[[#This Row],[Täckning '[mm']]]&Table145[[#This Row],[OK under 14 D]]&Table145[[#This Row],[OK <21 Dagar]] -> C20/251515-0OK14
A10: C20/25 | B10: 15 | C10: 15 | D10: - | E10: 0 | F10: 15 | G10: 12 | H10: 10.3 | I10: OK14 | M10: =Table145[[#This Row],[Kvalitet]]&Table145[[#This Row],[Gjuttemperatur]]&Table145[[#This Row],[Temperatur motgjutningsyta]]&Table145[[#This Row],[Väderskydd, uppvärmning (ingen vind)]]&Table145[[#This Row],[Täckning '[mm']]]&Table145[[#This Row],[OK under 14 D]]&Table145[[#This Row],[OK <21 Dagar]] -> C20/251515-0OK14
A11: C20/25 | B11: 15 | C11: 15 | D11: - | E11: 0 | F11: 15 | G11: 20 | H11: 10.3 | I11: OK14 | M11: =Table145[[#This Row],[Kvalitet]]&Table145[[#This Row],[Gjuttemperatur]]&Table145[[#This Row],[Temperatur motgjutningsyta]]&Table145[[#This Row],[Väderskydd, uppvärmning (ingen vind)]]&Table145[[#This Row],[Täckning '[mm']]]&Table145[[#This Row],[OK under 14 D]]&Table145[[#This Row],[OK <21 Dagar]] -> C20/251515-0OK14
A12: C20/25 | B12: 15 | C12: 10 | D12: - | E12: 0 | F12: 10 | G12: 0 | H12: 12.8 | I12: OK14 | M12: =Table145[[#This Row],[Kvalitet]]&Table145[[#This Row],[Gjuttemperatur]]&Table145[[#This Row],[Temperatur motgjutningsyta]]&Table145[[#This Row],[Väderskydd, uppvärmning (ingen vind)]]&Table145[[#This Row],[Täckning '[mm']]]&Table145[[#This Row],[OK under 14 D]]&Table145[[#This Row],[OK <21 Dagar]] -> C20/251510-0OK14
A13: C20/25 | B13: 15 | C13: 10 | D13: - | E13: 0 | F13: 10 | G13: 2 | H13: 13.6 | I13: OK14 | M13: =Table145[[#This Row],[Kvalitet]]&Table145[[#This Row],[Gjuttemperatur]]&Table145[[#This Row],[Temperatur motgjutningsyta]]&Table145[[#This Row],[Väderskydd, uppvärmning (ingen vind)]]&Table145[[#This Row],[Täckning '[mm']]]&Table145[[#This Row],[OK under 14 D]]&Table145[[#This Row],[OK <21 Dagar]] -> C20/251510-0OK14
A14: C20/25 | B14: 15 | C14: 10 | D14: - | E14: 0 | F14: 10 | G14: 7 | H14: 14 | I14: OK14 | M14: =Table145[[#This Row],[Kvalitet]]&Table145[[#This Row],[Gjuttemperatur]]&Table145[[#This Row],[Temperatur motgjutningsyta]]&Table145[[#This Row],[Väderskydd, uppvärmning (ingen vind)]]&Table145[[#This Row],[Täckning '[mm']]]&Table145[[#This Row],[OK under 14 D]]&Table145[[#This Row],[OK <21 Dagar]] -> C20/251510-0OK14
A15: C20/25 | B15: 15 | C15: 10 | D15: 0 | E15: 0 | F15: 10 | G15: 12 | H15: 13.8 | I15: OK14 | M15: =Table145[[#This Row],[Kvalitet]]&Table145[[#This Row],[Gjuttemperatur]]&Table145[[#This Row],[Temperatur motgjutningsyta]]&Table145[[#This Row],[Väderskydd, uppvärmning (ingen vind)]]&Table145[[#This Row],[Täckning '[mm']]]&Table145[[#This Row],[OK under 14 D]]&Table145[[#This Row],[OK <21 Dagar]] -> C20/25151000OK14
A16: C20/25 | B16: 15 | C16: 10 | D16: 0 | E16: 0 | F16: 10 | G16: 20 | H16: 14 | I16: OK14 | M16: =Table145[[#This Row],[Kvalitet]]&Table145[[#This Row],[Gjuttemperatur]]&Table145[[#This Row],[Temperatur motgjutningsyta]]&Table145[[#This Row],[Väderskydd, uppvärmning (ingen vind)]]&Table145[[#This Row],[Täckning '[mm']]]&Table145[[#This Row],[OK under 14 D]]&Table145[[#This Row],[OK <21 Dagar]] -> C20/25151000OK14
A17: C20/25 | B17: 20 | C17: 5 | D17: 10 | E17: 0 | F17: 5 | G17: 0 | H17: 12.8 | I17: OK14 | M17: =Table145[[#This Row],[Kvalitet]]&Table145[[#This Row],[Gjuttemperatur]]&Table145[[#This Row],[Temperatur motgjutningsyta]]&Table145[[#This Row],[Väderskydd, uppvärmning (ingen vind)]]&Table145[[#This Row],[Täckning '[mm']]]&Table145[[#This Row],[OK under 14 D]]&Table145[[#This Row],[OK <21 Dagar]] -> C20/25205100OK14
A18: C20/25 | B18: 20 | C18: 5 | D18: 10 | E18: 0 | F18: 5 | G18: 2 | H18: 13.5 | I18: OK14 | M18: =Table145[[#This Row],[Kvalitet]]&Table145[[#This Row],[Gjuttemperatur]]&Table145[[#This Row],[Temperatur motgjutningsyta]]&Table145[[#This Row],[Väderskydd, uppvärmning (ingen vind)]]&Table145[[#This Row],[Täckning '[mm']]]&Table145[[#This Row],[OK under 14 D]]&Table145[[#This Row],[OK <21 Dagar]] -> C20/25205100OK14
A19: C20/25 | B19: 20 | C19: 5 | D19: 20 | E19: Presenning | F19: 5 | G19: 7 | H19: 12.6 | I19: OK14 | M19: =Table145[[#This Row],[Kvalitet]]&Table145[[#This Row],[Gjuttemperatur]]&Table145[[#This Row],[Temperatur motgjutningsyta]]&Table145[[#This Row],[Väderskydd, uppvärmning (ingen vind)]]&Table145[[#This Row],[Täckning '[mm']]]&Table145[[#This Row],[OK under 14 D]]&Table145[[#This Row],[OK <21 Dagar]] -> C20/2520520PresenningOK14
A20: C20/25 | B20: 20 | C20: 5 | D20: 20 | E20: Presenning | F20: 5 | G20: 12 | H20: 13 | I20: OK14 | M20: =Table145[[#This Row],[Kvalitet]]&Table145[[#This Row],[Gjuttemperatur]]&Table145[[#This Row],[Temperatur motgjutningsyta]]&Table145[[#This Row],[Väderskydd, uppvärmning (ingen vind)]]&Table145[[#This Row],[Täckning '[mm']]]&Table145[[#This Row],[OK under 14 D]]&Table145[[#This Row],[OK <21 Dagar]] -> C20/2520520PresenningOK14
A21: C20/25 | B21: 20 | C21: 5 | D21: 20 | E21: Presenning | F21: 5 | G21: 20 | H21: 13.3 | I21: OK14 | M21: =Table145[[#This Row],[Kvalitet]]&Table145[[#This Row],[Gjuttemperatur]]&Table145[[#This Row],[Temperatur motgjutningsyta]]&Table145[[#This Row],[Väderskydd, uppvärmning (ingen vind)]]&Table145[[#This Row],[Täckning '[mm']]]&Table145[[#This Row],[OK under 14 D]]&Table145[[#This Row],[OK <21 Dagar]] -> C20/2520520PresenningOK14
A22: C20/25 | B22: 20 | C22: 5 | D22: 20 | E22: 0 | F22: 0 | G22: 0 | H22: 13.2 | I22: OK14 | M22: =Table145[[#This Row],[Kvalitet]]&Table145[[#This Row],[Gjuttemperatur]]&Table145[[#This Row],[Temperatur motgjutningsyta]]&Table145[[#This Row],[Väderskydd, uppvärmning (ingen vind)]]&Table145[[#This Row],[Täckning '[mm']]]&Table145[[#This Row],[OK under 14 D]]&Table145[[#This Row],[OK <21 Dagar]] -> C20/25205200OK14
A23: C20/25 | B23: 20 | C23: 5 | D23: 20 | E23: 10 | F23: 0 | G23: 2 | H23: 10.8 | I23: OK14 | M23: =Table145[[#This Row],[Kvalitet]]&Table145[[#This Row],[Gjuttemperatur]]&Table145[[#This Row],[Temperatur motgjutningsyta]]&Table145[[#This Row],[Väderskydd, uppvärmning (ingen vind)]]&Table145[[#This Row],[Täckning '[mm']]]&Table145[[#This Row],[OK under 14 D]]&Table145[[#This Row],[OK <21 Dagar]] -> C20/252052010OK14
A24: C20/25 | B24: 20 | C24: 5 | D24: 20 | E24: 10 | F24: 0 | G24: 7 | H24: 11.5 | I24: OK14 | M24: =Table145[[#This Row],[Kvalitet]]&Table145[[#This Row],[Gjuttemperatur]]&Table145[[#This Row],[Temperatur motgjutningsyta]]&Table145[[#This Row],[Väderskydd, uppvärmning (ingen vind)]]&Table145[[#This Row],[Täckning '[mm']]]&Table145[[#This Row],[OK under 14 D]]&Table145[[#This Row],[OK <21 Dagar]] -> C20/252052010OK14
A25: C20/25 | B25: 20 | C25: 5 | D25: 20 | E25: 10 | F25: 0 | G25: 12 | H25: 11.8 | I25: OK14 | M25: =Table145[[#This Row],[Kvalitet]]&Table145[[#This Row],[Gjuttemperatur]]&Table145[[#This Row],[Temperatur motgjutningsyta]]&Table145[[#This Row],[Väderskydd, uppvärmning (ingen vind)]]&Table145[[#This Row],[Täckning '[mm']]]&Table145[[#This Row],[OK under 14 D]]&Table145[[#This Row],[OK <21 Dagar]] -> C20/252052010OK14
A26: C20/25 | B26: 20 | C26: 5 | D26: 20 | E26: 10 | F26: 0 | G26: 20 | H26: 11.9 | I26: OK14 | M26: =Table145[[#This Row],[Kvalitet]]&Table145[[#This Row],[Gjuttemperatur]]&Table145[[#This Row],[Temperatur motgjutningsyta]]&Table145[[#This Row],[Väderskydd, uppvärmning (ingen vind)]]&Table145[[#This Row],[Täckning '[mm']]]&Table145[[#This Row],[OK under 14 D]]&Table145[[#This Row],[OK <21 Dagar]] -> C20/252052010OK14
A27: C20/25 | B27: 20 | C27: 5 | D27: 20 | E27: 10 | F27: -5 | G27: 0 | H27: 13.7 | I27: OK14 | M27: =Table145[[#This Row],[Kvalitet]]&Table145[[#This Row],[Gjuttemperatur]]&Table145[[#This Row],[Temperatur motgjutningsyta]]&Table145[[#This Row],[Väderskydd, uppvärmning (ingen vind)]]&Table145[[#This Row],[Täckning '[mm']]]&Table145[[#This Row],[OK under 14 D]]&Table145[[#This Row],[OK <21 Dagar]] -> C20/252052010OK14
A28: C20/25 | B28: 20 | C28: 5 | D28: 20 | E28: 20 | F28: -5 | G28: 2 | H28: 12.4 | I28: OK14 | M28: =Table145[[#This Row],[Kvalitet]]&Table145[[#This Row],[Gjuttemperatur]]&Table145[[#This Row],[Temperatur motgjutningsyta]]&Table145[[#This Row],[Väderskydd, uppvärmning (ingen vind)]]&Table145[[#This Row],[Täckning '[mm']]]&Table145[[#This Row],[OK under 14 D]]&Table145[[#This Row],[OK <21 Dagar]] -> C20/252052020OK14
A29: C20/25 | B29: 20 | C29: 5 | D29: 20 | E29: 20 | F29: -5 | G29: 7 | H29: 13 | I29: OK14 | M29: =Table145[[#This Row],[Kvalitet]]&Table145[[#This Row],[Gjuttemperatur]]&Table145[[#This Row],[Temperatur motgjutningsyta]]&Table145[[#This Row],[Väderskydd, uppvärmning (ingen vind)]]&Table145[[#This Row],[Täckning '[mm']]]&Table145[[#This Row],[OK under 14 D]]&Table145[[#This Row],[OK <21 Dagar]] -> C20/252052020OK14
A30: C20/25 | B30: 20 | C30: 5 | D30: 20 | E30: 20 | F30: -5 | G30: 12 | H30: 13.2 | I30: OK14 | M30: =Table145[[#This Row],[Kvalitet]]&Table145[[#This Row],[Gjuttemperatur]]&Table145[[#This Row],[Temperatur motgjutningsyta]]&Table145[[#This Row],[Väderskydd, uppvärmning (ingen vind)]]&Table145[[#This Row],[Täckning '[mm']]]&Table145[[#This Row],[OK under 14 D]]&Table145[[#This Row],[OK <21 Dagar]] -> C20/252052020OK14
A31: C20/25 | B31: 20 | C31: 5 | D31: 20 | E31: 20 | F31: -5 | G31: 20 | H31: 13.3 | I31: OK14 | M31: =Table145[[#This Row],[Kvalitet]]&Table145[[#This Row],[Gjuttemperatur]]&Table145[[#This Row],[Temperatur motgjutningsyta]]&Table145[[#This Row],[Väderskydd, uppvärmning (ingen vind)]]&Table145[[#This Row],[Täckning '[mm']]]&Table145[[#This Row],[OK under 14 D]]&Table145[[#This Row],[OK <21 Dagar]] -> C20/252052020OK14
A32: C20/25 | B32: 20 | C32: 5 | D32: 20 | E32: 50 | F32: -10 | G32: 0 | H32: 12.8 | I32: OK14 | M32: =Table145[[#This Row],[Kvalitet]]&Table145[[#This Row],[Gjuttemperatur]]&Table145[[#This Row],[Temperatur motgjutningsyta]]&Table145[[#This Row],[Väderskydd, uppvärmning (ingen vind)]]&Table145[[#This Row],[Täckning '[mm']]]&Table145[[#This Row],[OK under 14 D]]&Table145[[#This Row],[OK <21 Dagar]] -> C20/252052050OK14
A33: C20/25 | B33: 20 | C33: 5 | D33: 20 | E33: 50 | F33: -10 | G33: 2 | H33: 13.2 | I33: OK14 | M33: =Table145[[#This Row],[Kvalitet]]&Table145[[#This Row],[Gjuttemperatur]]&Table145[[#This Row],[Temperatur motgjutningsyta]]&Table145[[#This Row],[Väderskydd, uppvärmning (ingen vind)]]&Table145[[#This Row],[Täckning '[mm']]]&Table145[[#This Row],[OK under 14 D]]&Table145[[#This Row],[OK <21 Dagar]] -> C20/252052050OK14
A34: C20/25 | B34: 20 | C34: 5 | D34: 20 | E34: 50 | F34: -10 | G34: 7 | H34: 13.6 | I34: OK14 | M34: =Table145[[#This Row],[Kvalitet]]&Table145[[#This Row],[Gjuttemperatur]]&Table145[[#This Row],[Temperatur motgjutningsyta]]&Table145[[#This Row],[Väderskydd, uppvärmning (ingen vind)]]&Table145[[#This Row],[Täckning '[mm']]]&Table145[[#This Row],[OK under 14 D]]&Table145[[#This Row],[OK <21 Dagar]] -> C20/252052050OK14
A35: - | B35: - | C35: - | D35: - | E35: - | F35: -10 | G35: 12 | L35: Fryser innan täck | M35: =Table145[[#This Row],[Kvalitet]]&Table145[[#This Row],[Gjuttemperatur]]&Table145[[#This Row],[Temperatur motgjutningsyta]]&Table145[[#This Row],[Väderskydd, uppvärmning (ingen vind)]]&Table145[[#This Row],[Täckning '[mm']]]&Table145[[#This Row],[OK under 14 D]]&Table145[[#This Row],[OK <21 Dagar]] -> -----
A36: - | B36: - | C36: - | D36: - | E36: - | F36: -10 | G36: 20 | L36: Fryser innan täck | M36: =Table145[[#This Row],[Kvalitet]]&Table145[[#This Row],[Gjuttemperatur]]&Table145[[#This Row],[Temperatur motgjutningsyta]]&Table145[[#This Row],[Väderskydd, uppvärmning (ingen vind)]]&Table145[[#This Row],[Täckning '[mm']]]&Table145[[#This Row],[OK under 14 D]]&Table145[[#This Row],[OK <21 Dagar]] -> -----
A37: C25/30 | B37: 15 | C37: 5 | D37: 20 | E37: 30 | F37: -15 | G37: 0 | H37: 12.8 | I37: OK14 | M37: =Table145[[#This Row],[Kvalitet]]&Table145[[#This Row],[Gjuttemperatur]]&Table145[[#This Row],[Temperatur motgjutningsyta]]&Table145[[#This Row],[Väderskydd, uppvärmning (ingen vind)]]&Table145[[#This Row],[Täckning '[mm']]]&Table145[[#This Row],[OK under 14 D]]&Table145[[#This Row],[OK <21 Dagar]] -> C25/301552030OK14
A38: C25/30 | B38: 15 | C38: 5 | D38: 20 | E38: 30 | F38: -15 | G38: 2 | H38: 13.9 | I38: OK14 | M38: =Table145[[#This Row],[Kvalitet]]&Table145[[#This Row],[Gjuttemperatur]]&Table145[[#This Row],[Temperatur motgjutningsyta]]&Table145[[#This Row],[Väderskydd, uppvärmning (ingen vind)]]&Table145[[#This Row],[Täckning '[mm']]]&Table145[[#This Row],[OK under 14 D]]&Table145[[#This Row],[OK <21 Dagar]] -> C25/301552030OK14
A39: - | B39: - | C39: - | D39: - | E39: - | F39: -15 | G39: 7 | L39: Fryser innan täck | M39: =Table145[[#This Row],[Kvalitet]]&Table145[[#This Row],[Gjuttemperatur]]&Table145[[#This Row],[Temperatur motgjutningsyta]]&Table145[[#This Row],[Väderskydd, uppvärmning (ingen vind)]]&Table145[[#This Row],[Täckning '[mm']]]&Table145[[#This Row],[OK under 14 D]]&Table145[[#This Row],[OK <21 Dagar]] -> -----
A40: - | B40: - | C40: - | D40: - | E40: - | F40: -15 | G40: 12 | L40: Fryser innan täck | M40: =Table145[[#This Row],[Kvalitet]]&Table145[[#This Row],[Gjuttemperatur]]&Table145[[#This Row],[Temperatur motgjutningsyta]]&Table145[[#This Row],[Väderskydd, uppvärmning (ingen vind)]]&Table145[[#This Row],[Täckning '[mm']]]&Table145[[#This Row],[OK under 14 D]]&Table145[[#This Row],[OK <21 Dagar]] -> -----
A41: - | B41: - | C41: - | D41: - | E41: - | F41: -15 | G41: 20 | L41: Fryser innan täck | M41: =Table145[[#This Row],[Kvalitet]]&Table145[[#This Row],[Gjuttemperatur]]&Table145[[#This Row],[Temperatur motgjutningsyta]]&Table145[[#This Row],[Väderskydd, uppvärmning (ingen vind)]]&Table145[[#This Row],[Täckning '[mm']]]&Table145[[#This Row],[OK under 14 D]]&Table145[[#This Row],[OK <21 Dagar]] -> -----
A42: - | B42: - | C42: - | D42: - | E42: - | F42: -20 | G42: 0 | H42: - | J42: - | L42: Når ej 70% | M42: =Table145[[#This Row],[Kvalitet]]&Table145[[#This Row],[Gjuttemperatur]]&Table145[[#This Row],[Temperatur motgjutningsyta]]&Table145[[#This Row],[Väderskydd, uppvärmning (ingen vind)]]&Table145[[#This Row],[Täckning '[mm']]]&Table145[[#This Row],[OK under 14 D]]&Table145[[#This Row],[OK <21 Dagar]] -> -----
A43: - | B43: - | C43: - | D43: - | E43: - | F43: -20 | G43: 2 | H43: - | J43: - | L43: Når ej 70% | M43: =Table145[[#This Row],[Kvalitet]]&Table145[[#This Row],[Gjuttemperatur]]&Table145[[#This Row],[Temperatur motgjutningsyta]]&Table145[[#This Row],[Väderskydd, uppvärmning (ingen vind)]]&Table145[[#This Row],[Täckning '[mm']]]&Table145[[#This Row],[OK under 14 D]]&Table145[[#This Row],[OK <21 Dagar]] -> -----
A44: - | B44: - | C44: - | D44: - | E44: - | F44: -20 | G44: 7 | H44: - | J44: - | L44: Når ej 70% | M44: =Table145[[#This Row],[Kvalitet]]&Table145[[#This Row],[Gjuttemperatur]]&Table145[[#This Row],[Temperatur motgjutningsyta]]&Table145[[#This Row],[Väderskydd, uppvärmning (ingen vind)]]&Table145[[#This Row],[Täckning '[mm']]]&Table145[[#This Row],[OK under 14 D]]&Table145[[#This Row],[OK <21 Dagar]] -> -----
A45: - | B45: - | C45: - | D45: - | E45: - | F45: -20 | G45: 12 | H45: - | J45: - | L45: Når ej 70% | M45: =Table145[[#This Row],[Kvalitet]]&Table145[[#This Row],[Gjuttemperatur]]&Table145[[#This Row],[Temperatur motgjutningsyta]]&Table145[[#This Row],[Väderskydd, uppvärmning (ingen vind)]]&Table145[[#This Row],[Täckning '[mm']]]&Table145[[#This Row],[OK under 14 D]]&Table145[[#This Row],[OK <21 Dagar]] -> -----
A46: - | B46: - | C46: - | D46: - | E46: - | F46: -20 | G46: 20 | H46: - | J46: - | L46: Når ej 70% | M46: =Table145[[#This Row],[Kvalitet]]&Table145[[#This Row],[Gjuttemperatur]]&Table145[[#This Row],[Temperatur motgjutningsyta]]&Table145[[#This Row],[Väderskydd, uppvärmning (ingen vind)]]&Table145[[#This Row],[Täckning '[mm']]]&Table145[[#This Row],[OK under 14 D]]&Table145[[#This Row],[OK <21 Dagar]] -> -----

Sheet Bjälklag (40% slagg)
A1: Kvalitet | B1: Gjuttemperatur | C1: Temperatur motgjutningsyta | D1: Väderskydd, uppvärmning (ingen vind) | E1: Täckning [mm] | F1: Temperatur | G1: Vind | H1: <14 d och >70 % [Dagar] | I1: OK14 under 14 D | J1: <21 d och >70 % [Dagar] | K1: OK <21 Dagar | L1: Kommentar | M1: Åtgärdskåd
A2: C20/25 | B2: 15 | C2: 20 | D2: - | E2: 0 | F2: 20 | G2: 0 | H2: 7.7 | I2: OK14 | M2: =Table1456[[#This Row],[Kvalitet]]&Table1456[[#This Row],[Gjuttemperatur]]&Table1456[[#This Row],[Temperatur motgjutningsyta]]&Table1456[[#This Row],[Väderskydd, uppvärmning (ingen vind)]]&Table1456[[#This Row],[Täckning '[mm']]]&Table1456[[#This Row],[OK14 under 14 D]]&Table1456[[#This Row],[OK <21 Dagar]] -> C20/251520-0OK14
A3: C20/25 | B3: 15 | C3: 20 | D3: - | E3: 0 | F3: 20 | G3: 2 | H3: 8.1 | I3: OK14 | M3: =Table1456[[#This Row],[Kvalitet]]&Table1456[[#This Row],[Gjuttemperatur]]&Table1456[[#This Row],[Temperatur motgjutningsyta]]&Table1456[[#This Row],[Väderskydd, uppvärmning (ingen vind)]]&Table1456[[#This Row],[Täckning '[mm']]]&Table1456[[#This Row],[OK14 under 14 D]]&Table1456[[#This Row],[OK <21 Dagar]] -> C20/251520-0OK14
A4: C20/25 | B4: 15 | C4: 20 | D4: - | E4: 0 | F4: 20 | G4: 7 | H4: 8.3 | I4: OK14 | M4: =Table1456[[#This Row],[Kvalitet]]&Table1456[[#This Row],[Gjuttemperatur]]&Table1456[[#This Row],[Temperatur motgjutningsyta]]&Table1456[[#This Row],[Väderskydd, uppvärmning (ingen vind)]]&Table1456[[#This Row],[Täckning '[mm']]]&Table1456[[#This Row],[OK14 under 14 D]]&Table1456[[#This Row],[OK <21 Dagar]] -> C20/251520-0OK14
A5: C20/25 | B5: 15 | C5: 20 | D5: - | E5: 0 | F5: 20 | G5: 12 | H5: 8.4 | I5: OK14 | M5: =Table1456[[#This Row],[Kvalitet]]&Table1456[[#This Row],[Gjuttemperatur]]&Table1456[[#This Row],[Temperatur motgjutningsyta]]&Table1456[[#This Row],[Väderskydd, uppvärmning (ingen vind)]]&Table1456[[#This Row],[Täckning '[mm']]]&Table1456[[#This Row],[OK14 under 14 D]]&Table1456[[#This Row],[OK <21 Dagar]] -> C20/251520-0OK14
A6: C20/25 | B6: 15 | C6: 20 | D6: - | E6: 0 | F6: 20 | G6: 20 | H6: 8.4 | I6: OK14 | M6: =Table1456[[#This Row],[Kvalitet]]&Table1456[[#This Row],[Gjuttemperatur]]&Table1456[[#This Row],[Temperatur motgjutningsyta]]&Table1456[[#This Row],[Väderskydd, uppvärmning (ingen vind)]]&Table1456[[#This Row],[Täckning '[mm']]]&Table1456[[#This Row],[OK14 under 14 D]]&Table1456[[#This Row],[OK <21 Dagar]] -> C20/251520-0OK14
A7: C20/25 | B7: 15 | C7: 15 | D7: - | E7: 0 | F7: 15 | G7: 0 | H7: 10.1 | I7: OK14 | M7: =Table1456[[#This Row],[Kvalitet]]&Table1456[[#This Row],[Gjuttemperatur]]&Table1456[[#This Row],[Temperatur motgjutningsyta]]&Table1456[[#This Row],[Väderskydd, uppvärmning (ingen vind)]]&Table1456[[#This Row],[Täckning '[mm']]]&Table1456[[#This Row],[OK14 under 14 D]]&Table1456[[#This Row],[OK <21 Dagar]] -> C20/251515-0OK14
A8: C20/25 | B8: 15 | C8: 15 | D8: - | E8: 0 | F8: 15 | G8: 2 | H8: 10.7 | I8: OK14 | M8: =Table1456[[#This Row],[Kvalitet]]&Table1456[[#This Row],[Gjuttemperatur]]&Table1456[[#This Row],[Temperatur motgjutningsyta]]&Table1456[[#This Row],[Väderskydd, uppvärmning (ingen vind)]]&Table1456[[#This Row],[Täckning '[mm']]]&Table1456[[#This Row],[OK14 under 14 D]]&Table1456[[#This Row],[OK <21 Dagar]] -> C20/251515-0OK14
A9: C20/25 | B9: 15 | C9: 15 | D9: - | E9: 0 | F9: 15 | G9: 7 | H9: 11 | I9: OK14 | M9: =Table1456[[#This Row],[Kvalitet]]&Table1456[[#This Row],[Gjuttemperatur]]&Table1456[[#This Row],[Temperatur motgjutningsyta]]&Table1456[[#This Row],[Väderskydd, uppvärmning (ingen vind)]]&Table1456[[#This Row],[Täckning '[mm']]]&Table1456[[#This Row],[OK14 under 14 D]]&Table1456[[#This Row],[OK <21 Dagar]] -> C20/251515-0OK14
A10: C20/25 | B10: 15 | C10: 15 | D10: - | E10: 0 | F10: 15 | G10: 12 | H10: 11 | I10: OK14 | M10: =Table1456[[#This Row],[Kvalitet]]&Table1456[[#This Row],[Gjuttemperatur]]&Table1456[[#This Row],[Temperatur motgjutningsyta]]&Table1456[[#This Row],[Väderskydd, uppvärmning (ingen vind)]]&Table1456[[#This Row],[Täckning '[mm']]]&Table1456[[#This Row],[OK14 under 14 D]]&Table1456[[#This Row],[OK <21 Dagar]] -> C20/251515-0OK14
A11: C20/25 | B11: 15 | C11: 15 | D11: - | E11: 0 | F11: 15 | G11: 20 | H11: 11.1 | I11: OK14 | M11: =Table1456[[#This Row],[Kvalitet]]&Table1456[[#This Row],[Gjuttemperatur]]&Table1456[[#This Row],[Temperatur motgjutningsyta]]&Table1456[[#This Row],[Väderskydd, uppvärmning (ingen vind)]]&Table1456[[#This Row],[Täckning '[mm']]]&Table1456[[#This Row],[OK14 under 14 D]]&Table1456[[#This Row],[OK <21 Dagar]] -> C20/251515-0OK14
A12: C20/25 | B12: 15 | C12: 10 | D12: - | E12: 0 | F12: 10 | G12: 0 | H12: 13.9 | I12: OK14 | M12: =Table1456[[#This Row],[Kvalitet]]&Table1456[[#This Row],[Gjuttemperatur]]&Table1456[[#This Row],[Temperatur motgjutningsyta]]&Table1456[[#This Row],[Väderskydd, uppvärmning (ingen vind)]]&Table1456[[#This Row],[Täckning '[mm']]]&Table1456[[#This Row],[OK14 under 14 D]]&Table1456[[#This Row],[OK <21 Dagar]] -> C20/251510-0OK14
A13: C20/25 | B13: 15 | C13: 10 | D13: 5 | E13: 0 | F13: 10 | G13: 2 | H13: 13 | I13: OK14 | M13: =Table1456[[#This Row],[Kvalitet]]&Table1456[[#This Row],[Gjuttemperatur]]&Table1456[[#This Row],[Temperatur motgjutningsyta]]&Table1456[[#This Row],[Väderskydd, uppvärmning (ingen vind)]]&Table1456[[#This Row],[Täckning '[mm']]]&Table1456[[#This Row],[OK14 under 14 D]]&Table1456[[#This Row],[OK <21 Dagar]] -> C20/25151050OK14
A14: C20/25 | B14: 15 | C14: 10 | D14: 5 | E14: 0 | F14: 10 | G14: 7 | H14: 13.7 | I14: OK14 | M14: =Table1456[[#This Row],[Kvalitet]]&Table1456[[#This Row],[Gjuttemperatur]]&Table1456[[#This Row],[Temperatur motgjutningsyta]]&Table1456[[#This Row],[Väderskydd, uppvärmning (ingen vind)]]&Table1456[[#This Row],[Täckning '[mm']]]&Table1456[[#This Row],[OK14 under 14 D]]&Table1456[[#This Row],[OK <21 Dagar]] -> C20/25151050OK14
A15: C20/25 | B15: 15 | C15: 10 | D15: 5 | E15: 0 | F15: 10 | G15: 12 | H15: 13.9 | I15: OK14 | M15: =Table1456[[#This Row],[Kvalitet]]&Table1456[[#This Row],[Gjuttemperatur]]&Table1456[[#This Row],[Temperatur motgjutningsyta]]&Table1456[[#This Row],[Väderskydd, uppvärmning (ingen vind)]]&Table1456[[#This Row],[Täckning '[mm']]]&Table1456[[#This Row],[OK14 under 14 D]]&Table1456[[#This Row],[OK <21 Dagar]] -> C20/25151050OK14
A16: C20/25 | B16: 15 | C16: 10 | D16: 5 | E16: 0 | F16: 10 | G16: 20 | H16: 14 | I16: OK14 | M16: =Table1456[[#This Row],[Kvalitet]]&Table1456[[#This Row],[Gjuttemperatur]]&Table1456[[#This Row],[Temperatur motgjutningsyta]]&Table1456[[#This Row],[Väderskydd, uppvärmning (ingen vind)]]&Table1456[[#This Row],[Täckning '[mm']]]&Table1456[[#This Row],[OK14 under 14 D]]&Table1456[[#This Row],[OK <21 Dagar]] -> C20/25151050OK14
A17: C20/25 | B17: 20 | C17: 5 | D17: 15 | E17: 0 | F17: 5 | G17: 0 | H17: 12 | I17: OK14 | M17: =Table1456[[#This Row],[Kvalitet]]&Table1456[[#This Row],[Gjuttemperatur]]&Table1456[[#This Row],[Temperatur motgjutningsyta]]&Table1456[[#This Row],[Väderskydd, uppvärmning (ingen vind)]]&Table1456[[#This Row],[Täckning '[mm']]]&Table1456[[#This Row],[OK14 under 14 D]]&Table1456[[#This Row],[OK <21 Dagar]] -> C20/25205150OK14
A18: C20/25 | B18: 20 | C18: 5 | D18: 20 | E18: 0 | F18: 5 | G18: 2 | H18: 13.1 | I18: OK14 | M18: =Table1456[[#This Row],[Kvalitet]]&Table1456[[#This Row],[Gjuttemperatur]]&Table1456[[#This Row],[Temperatur motgjutningsyta]]&Table1456[[#This Row],[Väderskydd, uppvärmning (ingen vind)]]&Table1456[[#This Row],[Täckning '[mm']]]&Table1456[[#This Row],[OK14 under 14 D]]&Table1456[[#This Row],[OK <21 Dagar]] -> C20/25205200OK14
A19: C20/25 | B19: 20 | C19: 5 | D19: 20 | E19: 10 | F19: 5 | G19: 7 | H19: 9.3 | I19: OK14 | M19: =Table1456[[#This Row],[Kvalitet]]&Table1456[[#This Row],[Gjuttemperatur]]&Table1456[[#This Row],[Temperatur motgjutningsyta]]&Table1456[[#This Row],[Väderskydd, uppvärmning (ingen vind)]]&Table1456[[#This Row],[Täckning '[mm']]]&Table1456[[#This Row],[OK14 under 14 D]]&Table1456[[#This Row],[OK <21 Dagar]] -> C20/252052010OK14
A20: C20/25 | B20: 20 | C20: 5 | D20: 20 | E20: 10 | F20: 5 | G20: 12 | H20: 9.5 | I20: OK14 | M20: =Table1456[[#This Row],[Kvalitet]]&Table1456[[#This Row],[Gjuttemperatur]]&Table1456[[#This Row],[Temperatur motgjutningsyta]]&Table1456[[#This Row],[Väderskydd, uppvärmning (ingen vind)]]&Table1456[[#This Row],[Täckning '[mm']]]&Table1456[[#This Row],[OK14 under 14 D]]&Table1456[[#This Row],[OK <21 Dagar]] -> C20/252052010OK14
A21: C20/25 | B21: 20 | C21: 5 | D21: 20 | E21: 10 | F21: 5 | G21: 20 | H21: 9.5 | I21: OK14 | M21: =Table1456[[#This Row],[Kvalitet]]&Table1456[[#This Row],[Gjuttemperatur]]&Table1456[[#This Row],[Temperatur motgjutningsyta]]&Table1456[[#This Row],[Väderskydd, uppvärmning (ingen vind)]]&Table1456[[#This Row],[Täckning '[mm']]]&Table1456[[#This Row],[OK14 under 14 D]]&Table1456[[#This Row],[OK <21 Dagar]] -> C20/252052010OK14
A22: C20/25 | B22: 20 | C22: 5 | D22: 20 | E22: Presenning | F22: 0 | G22: 0 | H22: 13.6 | I22: OK14 | M22: =Table1456[[#This Row],[Kvalitet]]&Table1456[[#This Row],[Gjuttemperatur]]&Table1456[[#This Row],[Temperatur motgjutningsyta]]&Table1456[[#This Row],[Väderskydd, uppvärmning (ingen vind)]]&Table1456[[#This Row],[Täckning '[mm']]]&Table1456[[#This Row],[OK14 under 14 D]]&Table1456[[#This Row],[OK <21 Dagar]] -> C20/2520520PresenningOK14
A23: C20/25 | B23: 20 | C23: 5 | D23: 20 | E23: 10 | F23: 0 | G23: 2 | H23: 11.9 | I23: OK14 | M23: =Table1456[[#This Row],[Kvalitet]]&Table1456[[#This Row],[Gjuttemperatur]]&Table1456[[#This Row],[Temperatur motgjutningsyta]]&Table1456[[#This Row],[Väderskydd, uppvärmning (ingen vind)]]&Table1456[[#This Row],[Täckning '[mm']]]&Table1456[[#This Row],[OK14 under 14 D]]&Table1456[[#This Row],[OK <21 Dagar]] -> C20/252052010OK14
A24: C20/25 | B24: 20 | C24: 5 | D24: 20 | E24: 10 | F24: 0 | G24: 7 | H24: 12.6 | I24: OK14 | M24: =Table1456[[#This Row],[Kvalitet]]&Table1456[[#This Row],[Gjuttemperatur]]&Table1456[[#This Row],[Temperatur motgjutningsyta]]&Table1456[[#This Row],[Väderskydd, uppvärmning (ingen vind)]]&Table1456[[#This Row],[Täckning '[mm']]]&Table1456[[#This Row],[OK14 under 14 D]]&Table1456[[#This Row],[OK <21 Dagar]] -> C20/252052010OK14
A25: C20/25 | B25: 20 | C25: 5 | D25: 20 | E25: 10 | F25: 0 | G25: 12 | H25: 12.8 | I25: OK14 | M25: =Table1456[[#This Row],[Kvalitet]]&Table1456[[#This Row],[Gjuttemperatur]]&Table1456[[#This Row],[Temperatur motgjutningsyta]]&Table1456[[#This Row],[Väderskydd, uppvärmning (ingen vind)]]&Table1456[[#This Row],[Täckning '[mm']]]&Table1456[[#This Row],[OK14 under 14 D]]&Table1456[[#This Row],[OK <21 Dagar]] -> C20/252052010OK14
A26: C20/25 | B26: 20 | C26: 5 | D26: 20 | E26: 10 | F26: 0 | G26: 20 | H26: 13 | I26: OK14 | M26: =Table1456[[#This Row],[Kvalitet]]&Table1456[[#This Row],[Gjuttemperatur]]&Table1456[[#This Row],[Temperatur motgjutningsyta]]&Table1456[[#This Row],[Väderskydd, uppvärmning (ingen vind)]]&Table1456[[#This Row],[Täckning '[mm']]]&Table1456[[#This Row],[OK14 under 14 D]]&Table1456[[#This Row],[OK <21 Dagar]] -> C20/252052010OK14
A27: C20/25 | B27: 20 | C27: 5 | D27: 20 | E27: 20 | F27: -5 | G27: 0 | H27: 12.9 | I27: OK14 | M27: =Table1456[[#This Row],[Kvalitet]]&Table1456[[#This Row],[Gjuttemperatur]]&Table1456[[#This Row],[Temperatur motgjutningsyta]]&Table1456[[#This Row],[Väderskydd, uppvärmning (ingen vind)]]&Table1456[[#This Row],[Täckning '[mm']]]&Table1456[[#This Row],[OK14 under 14 D]]&Table1456[[#This Row],[OK <21 Dagar]] -> C20/252052020OK14
A28: C20/25 | B28: 20 | C28: 5 | D28: 20 | E28: 20 | F28: -5 | G28: 2 | H28: 13.8 | I28: OK14 | M28: =Table1456[[#This Row],[Kvalitet]]&Table1456[[#This Row],[Gjuttemperatur]]&Table1456[[#This Row],[Temperatur motgjutningsyta]]&Table1456[[#This Row],[Väderskydd, uppvärmning (ingen vind)]]&Table1456[[#This Row],[Täckning '[mm']]]&Table1456[[#This Row],[OK14 under 14 D]]&Table1456[[#This Row],[OK <21 Dagar]] -> C20/252052020OK14
A29: C20/25 | B29: 20 | C29: 5 | D29: 20 | E29: 30 | F29: -5 | G29: 7 | H29: 12.6 | I29: OK14 | M29: =Table1456[[#This Row],[Kvalitet]]&Table1456[[#This Row],[Gjuttemperatur]]&Table1456[[#This Row],[Temperatur motgjutningsyta]]&Table1456[[#This Row],[Väderskydd, uppvärmning (ingen vind)]]&Table1456[[#This Row],[Täckning '[mm']]]&Table1456[[#This Row],[OK14 under 14 D]]&Table1456[[#This Row],[OK <21 Dagar]] -> C20/252052030OK14
A30: C20/25 | B30: 20 | C30: 5 | D30: 20 | E30: 30 | F30: -5 | G30: 12 | H30: 12.8 | I30: OK14 | M30: =Table1456[[#This Row],[Kvalitet]]&Table1456[[#This Row],[Gjuttemperatur]]&Table1456[[#This Row],[Temperatur motgjutningsyta]]&Table1456[[#This Row],[Väderskydd, uppvärmning (ingen vind)]]&Table1456[[#This Row],[Täckning '[mm']]]&Table1456[[#This Row],[OK14 under 14 D]]&Table1456[[#This Row],[OK <21 Dagar]] -> C20/252052030OK14
A31: C20/25 | B31: 20 | C31: 5 | D31: 20 | E31: 30 | F31: -5 | G31: 20 | H31: 12.9 | I31: OK14 | M31: =Table1456[[#This Row],[Kvalitet]]&Table1456[[#This Row],[Gjuttemperatur]]&Table1456[[#This Row],[Temperatur motgjutningsyta]]&Table1456[[#This Row],[Väderskydd, uppvärmning (ingen vind)]]&Table1456[[#This Row],[Täckning '[mm']]]&Table1456[[#This Row],[OK14 under 14 D]]&Table1456[[#This Row],[OK <21 Dagar]] -> C20/252052030OK14
A32: C25/30 | B32: 20 | C32: 5 | D32: 20 | E32: 50 | F32: -10 | G32: 0 | H32: 13.1 | I32: OK14 | M32: =Table1456[[#This Row],[Kvalitet]]&Table1456[[#This Row],[Gjuttemperatur]]&Table1456[[#This Row],[Temperatur motgjutningsyta]]&Table1456[[#This Row],[Väderskydd, uppvärmning (ingen vind)]]&Table1456[[#This Row],[Täckning '[mm']]]&Table1456[[#This Row],[OK14 under 14 D]]&Table1456[[#This Row],[OK <21 Dagar]] -> C25/302052050OK14
A33: C25/30 | B33: 20 | C33: 5 | D33: 20 | E33: 50 | F33: -10 | G33: 2 | H33: 13.4 | I33: OK14 | M33: =Table1456[[#This Row],[Kvalitet]]&Table1456[[#This Row],[Gjuttemperatur]]&Table1456[[#This Row],[Temperatur motgjutningsyta]]&Table1456[[#This Row],[Väderskydd, uppvärmning (ingen vind)]]&Table1456[[#This Row],[Täckning '[mm']]]&Table1456[[#This Row],[OK14 under 14 D]]&Table1456[[#This Row],[OK <21 Dagar]] -> C25/302052050OK14
A34: C25/30 | B34: 20 | C34: 5 | D34: 20 | E34: 50 | F34: -10 | G34: 7 | H34: 13.8 | I34: OK14 | M34: =Table1456[[#This Row],[Kvalitet]]&Table1456[[#This Row],[Gjuttemperatur]]&Table1456[[#This Row],[Temperatur motgjutningsyta]]&Table1456[[#This Row],[Väderskydd, uppvärmning (ingen vind)]]&Table1456[[#This Row],[Täckning '[mm']]]&Table1456[[#This Row],[OK14 under 14 D]]&Table1456[[#This Row],[OK <21 Dagar]] -> C25/302052050OK14
A35: - | B35: - | C35: - | D35: - | E35: - | F35: -10 | G35: 12 | L35: Fryser innan täck | M35: =Table1456[[#This Row],[Kvalitet]]&Table1456[[#This Row],[Gjuttemperatur]]&Table1456[[#This Row],[Temperatur motgjutningsyta]]&Table1456[[#This Row],[Väderskydd, uppvärmning (ingen vind)]]&Table1456[[#This Row],[Täckning '[mm']]]&Table1456[[#This Row],[OK14 under 14 D]]&Table1456[[#This Row],[OK <21 Dagar]] -> -----
A36: - | B36: - | C36: - | D36: - | E36: - | F36: -10 | G36: 20 | L36: Fryser innan täck | M36: =Table1456[[#This Row],[Kvalitet]]&Table1456[[#This Row],[Gjuttemperatur]]&Table1456[[#This Row],[Temperatur motgjutningsyta]]&Table1456[[#This Row],[Väderskydd, uppvärmning (ingen vind)]]&Table1456[[#This Row],[Täckning '[mm']]]&Table1456[[#This Row],[OK14 under 14 D]]&Table1456[[#This Row],[OK <21 Dagar]] -> -----
A37: C40/50 | B37: 15 | C37: 5 | D37: 20 | E37: 50 | F37: -15 | G37: 0 | H37: - | J37: 14.9 | K37: OK21 | M37: =Table1456[[#This Row],[Kvalitet]]&Table1456[[#This Row],[Gjuttemperatur]]&Table1456[[#This Row],[Temperatur motgjutningsyta]]&Table1456[[#This Row],[Väderskydd, uppvärmning (ingen vind)]]&Table1456[[#This Row],[Täckning '[mm']]]&Table1456[[#This Row],[OK14 under 14 D]]&Table1456[[#This Row],[OK <21 Dagar]] -> C40/501552050OK21
A38: C40/50 | B38: 15 | C38: 5 | D38: 20 | E38: 50 | F38: -15 | G38: 2 | H38: - | J38: 15.5 | K38: OK21 | M38: =Table1456[[#This Row],[Kvalitet]]&Table1456[[#This Row],[Gjuttemperatur]]&Table1456[[#This Row],[Temperatur motgjutningsyta]]&Table1456[[#This Row],[Väderskydd, uppvärmning (ingen vind)]]&Table1456[[#This Row],[Täckning '[mm']]]&Table1456[[#This Row],[OK14 under 14 D]]&Table1456[[#This Row],[OK <21 Dagar]] -> C40/501552050OK21
A39: - | B39: - | C39: - | D39: - | E39: - | F39: -15 | G39: 7 | H39: - | L39: Tidig frysning | M39: =Table1456[[#This Row],[Kvalitet]]&Table1456[[#This Row],[Gjuttemperatur]]&Table1456[[#This Row],[Temperatur motgjutningsyta]]&Table1456[[#This Row],[Väderskydd, uppvärmning (ingen vind)]]&Table1456[[#This Row],[Täckning '[mm']]]&Table1456[[#This Row],[OK14 under 14 D]]&Table1456[[#This Row],[OK <21 Dagar]] -> -----
A40: - | B40: - | C40: - | D40: - | E40: - | F40: -15 | G40: 12 | H40: - | L40: Tidig frysning | M40: =Table1456[[#This Row],[Kvalitet]]&Table1456[[#This Row],[Gjuttemperatur]]&Table1456[[#This Row],[Temperatur motgjutningsyta]]&Table1456[[#This Row],[Väderskydd, uppvärmning (ingen vind)]]&Table1456[[#This Row],[Täckning '[mm']]]&Table1456[[#This Row],[OK14 under 14 D]]&Table1456[[#This Row],[OK <21 Dagar]] -> -----
A41: - | B41: - | C41: - | D41: - | E41: - | F41: -15 | G41: 20 | H41: - | L41: TIdig frysning | M41: =Table1456[[#This Row],[Kvalitet]]&Table1456[[#This Row],[Gjuttemperatur]]&Table1456[[#This Row],[Temperatur motgjutningsyta]]&Table1456[[#This Row],[Väderskydd, uppvärmning (ingen vind)]]&Table1456[[#This Row],[Täckning '[mm']]]&Table1456[[#This Row],[OK14 under 14 D]]&Table1456[[#This Row],[OK <21 Dagar]] -> -----
A42: - | B42: - | C42: - | D42: - | E42: - | F42: -20 | G42: 0 | L42: Når ej 70% | M42: =Table1456[[#This Row],[Kvalitet]]&Table1456[[#This Row],[Gjuttemperatur]]&Table1456[[#This Row],[Temperatur motgjutningsyta]]&Table1456[[#This Row],[Väderskydd, uppvärmning (ingen vind)]]&Table1456[[#This Row],[Täckning '[mm']]]&Table1456[[#This Row],[OK14 under 14 D]]&Table1456[[#This Row],[OK <21 Dagar]] -> -----
A43: - | B43: - | C43: - | D43: - | E43: - | F43: -20 | G43: 2 | L43: Når ej 70% | M43: =Table1456[[#This Row],[Kvalitet]]&Table1456[[#This Row],[Gjuttemperatur]]&Table1456[[#This Row],[Temperatur motgjutningsyta]]&Table1456[[#This Row],[Väderskydd, uppvärmning (ingen vind)]]&Table1456[[#This Row],[Täckning '[mm']]]&Table1456[[#This Row],[OK14 under 14 D]]&Table1456[[#This Row],[OK <21 Dagar]] -> -----
A44: - | B44: - | C44: - | D44: - | E44: - | F44: -20 | G44: 7 | L44: Når ej 70% | M44: =Table1456[[#This Row],[Kvalitet]]&Table1456[[#This Row],[Gjuttemperatur]]&Table1456[[#This Row],[Temperatur motgjutningsyta]]&Table1456[[#This Row],[Väderskydd, uppvärmning (ingen vind)]]&Table1456[[#This Row],[Täckning '[mm']]]&Table1456[[#This Row],[OK14 under 14 D]]&Table1456[[#This Row],[OK <21 Dagar]] -> -----
A45: - | B45: - | C45: - | D45: - | E45: - | F45: -20 | G45: 12 | L45: Når ej 70% | M45: =Table1456[[#This Row],[Kvalitet]]&Table1456[[#This Row],[Gjuttemperatur]]&Table1456[[#This Row],[Temperatur motgjutningsyta]]&Table1456[[#This Row],[Väderskydd, uppvärmning (ingen vind)]]&Table1456[[#This Row],[Täckning '[mm']]]&Table1456[[#This Row],[OK14 under 14 D]]&Table1456[[#This Row],[OK <21 Dagar]] -> -----
A46: - | B46: - | C46: - | D46: - | E46: - | F46: -20 | G46: 20 | L46: Når ej 70% | M46: =Table1456[[#This Row],[Kvalitet]]&Table1456[[#This Row],[Gjuttemperatur]]&Table1456[[#This Row],[Temperatur motgjutningsyta]]&Table1456[[#This Row],[Väderskydd, uppvärmning (ingen vind)]]&Table1456[[#This Row],[Täckning '[mm']]]&Table1456[[#This Row],[OK14 under 14 D]]&Table1456[[#This Row],[OK <21 Dagar]] -> -----

Sheet Data till Lathund, Kådgenererin
A1: Temperatur | B1: Vind | C1: 10% | D1: 20% | E1: 30% | F1: 40% | H1: Temperatur | I1: Vind | J1: Column1 | K1: Åtgärdskåd | L1: Åtgärdssvårighet | M1: Nummer
A2: 20 | B2: 0 | C2: ='Bjälklag (10% slagg)'!M2 -> C20/251520-0OK14 | D2: ='Bjälklag (20% slagg)'!M2 -> C20/251520-0OK14 | E2: ='Bjälklag (30% slagg)'!M2 -> C20/251520-0OK14 | F2: ='Bjälklag (40% slagg)'!M2 -> C20/251520-0OK14 | K2: =Table8[[#This Row],[Betongkvalitet]]&Table8[[#This Row],[Gjuttemperatur (varmbetong)]]&Table8[[#This Row],[Temperatur motgjutningsyta]]&Table8[[#This Row],[Väderskydd, uppvärmning (ingen vind)]]&Table8[[#This Row],[Täckning '[mm']]]&Table8[[#This Row],[OK under 14 D]]&Table8[[#This Row],[Ok under 21 D]] -> C20/251520-0OK14 | L2: 1 | M2: =MATCH(K2, _xlfn.UNIQUE($K$2:$K$204), 0) -> 1
A3: 20 | B3: 2 | C3: ='Bjälklag (10% slagg)'!M3 -> C20/251520-0OK14 | D3: ='Bjälklag (20% slagg)'!M3 -> C20/251520-0OK14 | E3: ='Bjälklag (30% slagg)'!M3 -> C20/251520-0OK14 | F3: ='Bjälklag (40% slagg)'!M3 -> C20/251520-0OK14 | K3: =Table8[[#This Row],[Betongkvalitet]]&Table8[[#This Row],[Gjuttemperatur (varmbetong)]]&Table8[[#This Row],[Temperatur motgjutningsyta]]&Table8[[#This Row],[Väderskydd, uppvärmning (ingen vind)]]&Table8[[#This Row],[Täckning '[mm']]]&Table8[[#This Row],[OK under 14 D]]&Table8[[#This Row],[Ok under 21 D]] -> C20/251515-0OK14 | L3: 2 | M3: =MATCH(K3, _xlfn.UNIQUE($K$2:$K$204), 0) -> 2
A4: 20 | B4: 7 | C4: ='Bjälklag (10% slagg)'!M4 -> C20/251520-0OK14 | D4: ='Bjälklag (20% slagg)'!M4 -> C20/251520-0OK14 | E4: ='Bjälklag (30% slagg)'!M4 -> C20/251520-0OK14 | F4: ='Bjälklag (40% slagg)'!M4 -> C20/251520-0OK14 | K4: =Table8[[#This Row],[Betongkvalitet]]&Table8[[#This Row],[Gjuttemperatur (varmbetong)]]&Table8[[#This Row],[Temperatur motgjutningsyta]]&Table8[[#This Row],[Väderskydd, uppvärmning (ingen vind)]]&Table8[[#This Row],[Täckning '[mm']]]&Table8[[#This Row],[OK under 14 D]]&Table8[[#This Row],[Ok under 21 D]] -> C20/251510-0OK14 | L4: 3 | M4: =MATCH(K4, _xlfn.UNIQUE($K$2:$K$204), 0) -> 3
A5: 20 | B5: 12 | C5: ='Bjälklag (10% slagg)'!M5 -> C20/251520-0OK14 | D5: ='Bjälklag (20% slagg)'!M5 -> C20/251520-0OK14 | E5: ='Bjälklag (30% slagg)'!M5 -> C20/251520-0OK14 | F5: ='Bjälklag (40% slagg)'!M5 -> C20/251520-0OK14 | K5: =Table8[[#This Row],[Betongkvalitet]]&Table8[[#This Row],[Gjuttemperatur (varmbetong)]]&Table8[[#This Row],[Temperatur motgjutningsyta]]&Table8[[#This Row],[Väderskydd, uppvärmning (ingen vind)]]&Table8[[#This Row],[Täckning '[mm']]]&Table8[[#This Row],[OK under 14 D]]&Table8[[#This Row],[Ok under 21 D]] -> C20/25151000OK14 | L5: 4 | M5: =MATCH(K5, _xlfn.UNIQUE($K$2:$K$204), 0) -> 4
A6: 20 | B6: 20 | C6: ='Bjälklag (10% slagg)'!M6 -> C20/251520-0OK14 | D6: ='Bjälklag (20% slagg)'!M6 -> C20/251520-0OK14 | E6: ='Bjälklag (30% slagg)'!M6 -> C20/251520-0OK14 | F6: ='Bjälklag (40% slagg)'!M6 -> C20/251520-0OK14 | K6: =Table8[[#This Row],[Betongkvalitet]]&Table8[[#This Row],[Gjuttemperatur (varmbetong)]]&Table8[[#This Row],[Temperatur motgjutningsyta]]&Table8[[#This Row],[Väderskydd, uppvärmning (ingen vind)]]&Table8[[#This Row],[Täckning '[mm']]]&Table8[[#This Row],[OK under 14 D]]&Table8[[#This Row],[Ok under 21 D]] -> C20/25151050OK14 | L6: 5 | M6: =MATCH(K6, _xlfn.UNIQUE($K$2:$K$204), 0) -> 5
A7: 15 | B7: 0 | C7: ='Bjälklag (10% slagg)'!M7 -> C20/251515-0OK14 | D7: ='Bjälklag (20% slagg)'!M7 -> C20/251515-0OK14 | E7: ='Bjälklag (30% slagg)'!M7 -> C20/251515-0OK14 | F7: ='Bjälklag (40% slagg)'!M7 -> C20/251515-0OK14 | K7: =Table8[[#This Row],[Betongkvalitet]]&Table8[[#This Row],[Gjuttemperatur (varmbetong)]]&Table8[[#This Row],[Temperatur motgjutningsyta]]&Table8[[#This Row],[Väderskydd, uppvärmning (ingen vind)]]&Table8[[#This Row],[Täckning '[mm']]]&Table8[[#This Row],[OK under 14 D]]&Table8[[#This Row],[Ok under 21 D]] -> C20/25205-0OK14 | L7: 6 | M7: =MATCH(K7, _xlfn.UNIQUE($K$2:$K$204), 0) -> 6
A8: 15 | B8: 2 | C8: ='Bjälklag (10% slagg)'!M8 -> C20/251515-0OK14 | D8: ='Bjälklag (20% slagg)'!M8 -> C20/251515-0OK14 | E8: ='Bjälklag (30% slagg)'!M8 -> C20/251515-0OK14 | F8: ='Bjälklag (40% slagg)'!M8 -> C20/251515-0OK14 | K8: =Table8[[#This Row],[Betongkvalitet]]&Table8[[#This Row],[Gjuttemperatur (varmbetong)]]&Table8[[#This Row],[Temperatur motgjutningsyta]]&Table8[[#This Row],[Väderskydd, uppvärmning (ingen vind)]]&Table8[[#This Row],[Täckning '[mm']]]&Table8[[#This Row],[OK under 14 D]]&Table8[[#This Row],[Ok under 21 D]] -> C20/2520550OK14 | L8: 7 | M8: =MATCH(K8, _xlfn.UNIQUE($K$2:$K$204), 0) -> 7
A9: 15 | B9: 7 | C9: ='Bjälklag (10% slagg)'!M9 -> C20/251515-0OK14 | D9: ='Bjälklag (20% slagg)'!M9 -> C20/251515-0OK14 | E9: ='Bjälklag (30% slagg)'!M9 -> C20/251515-0OK14 | F9: ='Bjälklag (40% slagg)'!M9 -> C20/251515-0OK14 | K9: =Table8[[#This Row],[Betongkvalitet]]&Table8[[#This Row],[Gjuttemperatur (varmbetong)]]&Table8[[#This Row],[Temperatur motgjutningsyta]]&Table8[[#This Row],[Väderskydd, uppvärmning (ingen vind)]]&Table8[[#This Row],[Täckning '[mm']]]&Table8[[#This Row],[OK under 14 D]]&Table8[[#This Row],[Ok under 21 D]] -> C20/25205100OK14 | L9: 8 | M9: =MATCH(K9, _xlfn.UNIQUE($K$2:$K$204), 0) -> 8
A10: 15 | B10: 12 | C10: ='Bjälklag (10% slagg)'!M10 -> C20/251515-0OK14 | D10: ='Bjälklag (20% slagg)'!M10 -> C20/251515-0OK14 | E10: ='Bjälklag (30% slagg)'!M10 -> C20/251515-0OK14 | F10: ='Bjälklag (40% slagg)'!M10 -> C20/251515-0OK14 | K10: =Table8[[#This Row],[Betongkvalitet]]&Table8[[#This Row],[Gjuttemperatur (varmbetong)]]&Table8[[#This Row],[Temperatur motgjutningsyta]]&Table8[[#This Row],[Väderskydd, uppvärmning (ingen vind)]]&Table8[[#This Row],[Täckning '[mm']]]&Table8[[#This Row],[OK under 14 D]]&Table8[[#This Row],[Ok under 21 D]] -> C20/25205150OK14 | L10: 9 | M10: =MATCH(K10, _xlfn.UNIQUE($K$2:$K$204), 0) -> 9
A11: 15 | B11: 20 | C11: ='Bjälklag (10% slagg)'!M11 -> C20/251515-0OK14 | D11: ='Bjälklag (20% slagg)'!M11 -> C20/251515-0OK14 | E11: ='Bjälklag (30% slagg)'!M11 -> C20/251515-0OK14 | F11: ='Bjälklag (40% slagg)'!M11 -> C20/251515-0OK14 | K11: =Table8[[#This Row],[Betongkvalitet]]&Table8[[#This Row],[Gjuttemperatur (varmbetong)]]&Table8[[#This Row],[Temperatur motgjutningsyta]]&Table8[[#This Row],[Väderskydd, uppvärmning (ingen vind)]]&Table8[[#This Row],[Täckning '[mm']]]&Table8[[#This Row],[OK under 14 D]]&Table8[[#This Row],[Ok under 21 D]] -> C20/2520520PresenningOK14 | L11: 10 | M11: =MATCH(K11, _xlfn.UNIQUE($K$2:$K$204), 0) -> 10
A12: 10 | B12: 0 | C12: ='Bjälklag (10% slagg)'!M12 -> C20/251510-0OK14 | D12: ='Bjälklag (20% slagg)'!M12 -> C20/251510-0OK14 | E12: ='Bjälklag (30% slagg)'!M12 -> C20/251510-0OK14 | F12: ='Bjälklag (40% slagg)'!M12 -> C20/251510-0OK14 | K12: =Table8[[#This Row],[Betongkvalitet]]&Table8[[#This Row],[Gjuttemperatur (varmbetong)]]&Table8[[#This Row],[Temperatur motgjutningsyta]]&Table8[[#This Row],[Väderskydd, uppvärmning (ingen vind)]]&Table8[[#This Row],[Täckning '[mm']]]&Table8[[#This Row],[OK under 14 D]]&Table8[[#This Row],[Ok under 21 D]] -> C20/25205200OK14 | L12: 11 | M12: =MATCH(K12, _xlfn.UNIQUE($K$2:$K$204), 0) -> 11
A13: 10 | B13: 2 | C13: ='Bjälklag (10% slagg)'!M13 -> C20/251510-0OK14 | D13: ='Bjälklag (20% slagg)'!M13 -> C20/251510-0OK14 | E13: ='Bjälklag (30% slagg)'!M13 -> C20/251510-0OK14 | F13: ='Bjälklag (40% slagg)'!M13 -> C20/25151050OK14 | K13: =Table8[[#This Row],[Betongkvalitet]]&Table8[[#This Row],[Gjuttemperatur (varmbetong)]]&Table8[[#This Row],[Temperatur motgjutningsyta]]&Table8[[#This Row],[Väderskydd, uppvärmning (ingen vind)]]&Table8[[#This Row],[Täckning '[mm']]]&Table8[[#This Row],[OK under 14 D]]&Table8[[#This Row],[Ok under 21 D]] -> C20/252052010OK14 | L13: 12 | M13: =MATCH(K13, _xlfn.UNIQUE($K$2:$K$204), 0) -> 12
... A23: 0 | B23: 2 | C23: ='Bjälklag (10% slagg)'!M23 -> C20/25205150OK14 | D23: ='Bjälklag (20% slagg)'!M23 -> C20/2520520PresenningOK14 | E23: ='Bjälklag (30% slagg)'!M23 -> C20/252052010OK14 | F23: ='Bjälklag (40% slagg)'!M23 -> C20/252052010OK14 | K23: =Table8[[#This Row],[Betongkvalitet]]&Table8[[#This Row],[Gjuttemperatur (varmbetong)]]&Table8[[#This Row],[Temperatur motgjutningsyta]]&Table8[[#This Row],[Väderskydd, uppvärmning (ingen vind)]]&Table8[[#This Row],[Täckning '[mm']]]&Table8[[#This Row],[OK under 14 D]]&Table8[[#This Row],[Ok under 21 D]] -> C40/501552050OK21 | L23: 22 | M23: =MATCH(K23, _xlfn.UNIQUE($K$2:$K$204), 0) -> 22
A24: 0 | B24: 7 | C24: ='Bjälklag (10% slagg)'!M24 -> C20/2520520PresenningOK14 | D24: ='Bjälklag (20% slagg)'!M24 -> C20/252052010OK14 | E24: ='Bjälklag (30% slagg)'!M24 -> C20/252052010OK14 | F24: ='Bjälklag (40% slagg)'!M24 -> C20/252052010OK14 | K24: =Table8[[#This Row],[Betongkvalitet]]&Table8[[#This Row],[Gjuttemperatur (varmbetong)]]&Table8[[#This Row],[Temperatur motgjutningsyta]]&Table8[[#This Row],[Väderskydd, uppvärmning (ingen vind)]]&Table8[[#This Row],[Täckning '[mm']]] -> ----- | L24: 23 | M24: =MATCH(K24, _xlfn.UNIQUE($K$2:$K$204), 0) -> 23
A25: 0 | B25: 12 | C25: ='Bjälklag (10% slagg)'!M25 -> C20/2520520PresenningOK14 | D25: ='Bjälklag (20% slagg)'!M25 -> C20/252052010OK14 | E25: ='Bjälklag (30% slagg)'!M25 -> C20/252052010OK14 | F25: ='Bjälklag (40% slagg)'!M25 -> C20/252052010OK14 | H25: 20 | I25: 0 | K25: ='Bjälklag (10% slagg)'!M2 -> C20/251520-0OK14 | M25: =MATCH(K25, _xlfn.UNIQUE($K$2:$K$204), 0) -> 1
A26: 0 | B26: 20 | C26: ='Bjälklag (10% slagg)'!M26 -> C20/2520520PresenningOK14 | D26: ='Bjälklag (20% slagg)'!M26 -> C20/252052010OK14 | E26: ='Bjälklag (30% slagg)'!M26 -> C20/252052010OK14 | F26: ='Bjälklag (40% slagg)'!M26 -> C20/252052010OK14 | H26: 20 | I26: 2 | K26: ='Bjälklag (10% slagg)'!M3 -> C20/251520-0OK14 | M26: =MATCH(K26, _xlfn.UNIQUE($K$2:$K$204), 0) -> 1
A27: -5 | B27: 0 | C27: ='Bjälklag (10% slagg)'!M27 -> C20/25205200OK14 | D27: ='Bjälklag (20% slagg)'!M27 -> C20/252052010OK14 | E27: ='Bjälklag (30% slagg)'!M27 -> C20/252052010OK14 | F27: ='Bjälklag (40% slagg)'!M27 -> C20/252052020OK14 | H27: 20 | I27: 7 | K27: ='Bjälklag (10% slagg)'!M4 -> C20/251520-0OK14 | M27: =MATCH(K27, _xlfn.UNIQUE($K$2:$K$204), 0) -> 1
A28: -5 | B28: 2 | C28: ='Bjälklag (10% slagg)'!M28 -> C20/252052010OK14 | D28: ='Bjälklag (20% slagg)'!M28 -> C20/252052010OK14 | E28: ='Bjälklag (30% slagg)'!M28 -> C20/252052020OK14 | F28: ='Bjälklag (40% slagg)'!M28 -> C20/252052020OK14 | H28: 20 | I28: 12 | K28: ='Bjälklag (10% slagg)'!M5 -> C20/251520-0OK14 | M28: =MATCH(K28, _xlfn.UNIQUE($K$2:$K$204), 0) -> 1
A29: -5 | B29: 7 | C29: ='Bjälklag (10% slagg)'!M29 -> C20/252052010OK14 | D29: ='Bjälklag (20% slagg)'!M29 -> C20/252052020OK14 | E29: ='Bjälklag (30% slagg)'!M29 -> C20/252052020OK14 | F29: ='Bjälklag (40% slagg)'!M29 -> C20/252052030OK14 | H29: 20 | I29: 20 | K29: ='Bjälklag (10% slagg)'!M6 -> C20/251520-0OK14 | M29: =MATCH(K29, _xlfn.UNIQUE($K$2:$K$204), 0) -> 1
A30: -5 | B30: 12 | C30: ='Bjälklag (10% slagg)'!M30 -> C20/252052010OK14 | D30: ='Bjälklag (20% slagg)'!M30 -> C20/252052020OK14 | E30: ='Bjälklag (30% slagg)'!M30 -> C20/252052020OK14 | F30: ='Bjälklag (40% slagg)'!M30 -> C20/252052030OK14 | H30: 15 | I30: 0 | K30: ='Bjälklag (10% slagg)'!M7 -> C20/251515-0OK14 | M30: =MATCH(K30, _xlfn.UNIQUE($K$2:$K$204), 0) -> 2
A31: -5 | B31: 20 | C31: ='Bjälklag (10% slagg)'!M31 -> C20/252052010OK14 | D31: ='Bjälklag (20% slagg)'!M31 -> C20/252052020OK14 | E31: ='Bjälklag (30% slagg)'!M31 -> C20/252052020OK14 | F31: ='Bjälklag (40% slagg)'!M31 -> C20/252052030OK14 | H31: 15 | I31: 2 | K31: ='Bjälklag (10% slagg)'!M8 -> C20/251515-0OK14 | M31: =MATCH(K31, _xlfn.UNIQUE($K$2:$K$204), 0) -> 2
A32: -10 | B32: 0 | C32: ='Bjälklag (10% slagg)'!M32 -> C20/252052010OK14 | D32: ='Bjälklag (20% slagg)'!M32 -> C20/252052030OK14 | E32: ='Bjälklag (30% slagg)'!M32 -> C20/252052050OK14 | F32: ='Bjälklag (40% slagg)'!M32 -> C25/302052050OK14 | H32: 15 | I32: 7 | K32: ='Bjälklag (10% slagg)'!M9 -> C20/251515-0OK14 | M32: =MATCH(K32, _xlfn.UNIQUE($K$2:$K$204), 0) -> 2
A33: -10 | B33: 2 | C33: ='Bjälklag (10% slagg)'!M33 -> C20/252052020OK14 | D33: ='Bjälklag (20% slagg)'!M33 -> C20/252052030OK14 | E33: ='Bjälklag (30% slagg)'!M33 -> C20/252052050OK14 | F33: ='Bjälklag (40% slagg)'!M33 -> C25/302052050OK14 | H33: 15 | I33: 12 | K33: ='Bjälklag (10% slagg)'!M10 -> C20/251515-0OK14 | M33: =MATCH(K33, _xlfn.UNIQUE($K$2:$K$204), 0) -> 2
A34: -10 | B34: 7 | C34: ='Bjälklag (10% slagg)'!M34 -> C20/252052020OK14 | D34: ='Bjälklag (20% slagg)'!M34 -> C20/252052050OK14 | E34: ='Bjälklag (30% slagg)'!M34 -> C20/252052050OK14 | F34: ='Bjälklag (40% slagg)'!M34 -> C25/302052050OK14 | H34: 15 | I34: 20 | K34: ='Bjälklag (10% slagg)'!M11 -> C20/251515-0OK14 | M34: =MATCH(K34, _xlfn.UNIQUE($K$2:$K$204), 0) -> 2
A35: -10 | B35: 12 | C35: ='Bjälklag (10% slagg)'!M35 -> ----- | D35: ='Bjälklag (20% slagg)'!M35 -> ----- | E35: ='Bjälklag (30% slagg)'!M35 -> ----- | F35: ='Bjälklag (40% slagg)'!M35 -> ----- | H35: 10 | I35: 0 | K35: ='Bjälklag (10% slagg)'!M12 -> C20/251510-0OK14 | M35: =MATCH(K35, _xlfn.UNIQUE($K$2:$K$204), 0) -> 3
A36: -10 | B36: 20 | C36: ='Bjälklag (10% slagg)'!M36 -> ----- | D36: ='Bjälklag (20% slagg)'!M36 -> ----- | E36: ='Bjälklag (30% slagg)'!M36 -> ----- | F36: ='Bjälklag (40% slagg)'!M36 -> ----- | H36: 10 | I36: 2 | K36: ='Bjälklag (10% slagg)'!M13 -> C20/251510-0OK14 | M36: =MATCH(K36, _xlfn.UNIQUE($K$2:$K$204), 0) -> 3
... A46: -20 | B46: 20 | C46: ='Bjälklag (10% slagg)'!M46 -> ----- | D46: ='Bjälklag (20% slagg)'!M46 -> ----- | E46: ='Bjälklag (30% slagg)'!M46 -> ----- | F46: ='Bjälklag (40% slagg)'!M46 -> ----- | H46: 0 | I46: 2 | K46: ='Bjälklag (10% slagg)'!M23 -> C20/25205150OK14 | M46: =MATCH(K46, _xlfn.UNIQUE($K$2:$K$204), 0) -> 9
H47: 0 | I47: 7 | K47: ='Bjälklag (10% slagg)'!M24 -> C20/2520520PresenningOK14 | M47: =MATCH(K47, _xlfn.UNIQUE($K$2:$K$204), 0) -> 10
H48: 0 | I48: 12 | K48: ='Bjälklag (10% slagg)'!M25 -> C20/2520520PresenningOK14 | M48: =MATCH(K48, _xlfn.UNIQUE($K$2:$K$204), 0) -> 10
H49: 0 | I49: 20 | K49: ='Bjälklag (10% slagg)'!M26 -> C20/2520520PresenningOK14 | M49: =MATCH(K49, _xlfn.UNIQUE($K$2:$K$204), 0) -> 10
H50: -5 | I50: 0 | K50: ='Bjälklag (10% slagg)'!M27 -> C20/25205200OK14 | M50: =MATCH(K50, _xlfn.UNIQUE($K$2:$K$204), 0) -> 11
H51: -5 | I51: 2 | K51: ='Bjälklag (10% slagg)'!M28 -> C20/252052010OK14 | M51: =MATCH(K51, _xlfn.UNIQUE($K$2:$K$204), 0) -> 12
H52: -5 | I52: 7 | K52: ='Bjälklag (10% slagg)'!M29 -> C20/252052010OK14 | M52: =MATCH(K52, _xlfn.UNIQUE($K$2:$K$204), 0) -> 12
H53: -5 | I53: 12 | K53: ='Bjälklag (10% slagg)'!M30 -> C20/252052010OK14 | M53: =MATCH(K53, _xlfn.UNIQUE($K$2:$K$204), 0) -> 12
H54: -5 | I54: 20 | K54: ='Bjälklag (10% slagg)'!M31 -> C20/252052010OK14 | M54: =MATCH(K54, _xlfn.UNIQUE($K$2:$K$204), 0) -> 12
H55: -10 | I55: 0 | K55: ='Bjälklag (10% slagg)'!M32 -> C20/252052010OK14 | M55: =MATCH(K55, _xlfn.UNIQUE($K$2:$K$204), 0) -> 12
H56: -10 | I56: 2 | K56: ='Bjälklag (10% slagg)'!M33 -> C20/252052020OK14 | M56: =MATCH(K56, _xlfn.UNIQUE($K$2:$K$204), 0) -> 13
H57: -10 | I57: 7 | K57: ='Bjälklag (10% slagg)'!M34 -> C20/252052020OK14 | M57: =MATCH(K57, _xlfn.UNIQUE($K$2:$K$204), 0) -> 13
H58: -10 | I58: 12 | K58: ='Bjälklag (10% slagg)'!M35 -> ----- | M58: =MATCH(K58, _xlfn.UNIQUE($K$2:$K$204), 0) -> 23
... H69: -20 | I69: 20 | K69: ='Bjälklag (10% slagg)'!M46 -> ----- | M69: =MATCH(K69, _xlfn.UNIQUE($K$2:$K$204), 0) -> 23
H70: 20 | I70: 0 | K70: ='Bjälklag (20% slagg)'!M2 -> C20/251520-0OK14 | M70: =MATCH(K70, _xlfn.UNIQUE($K$2:$K$204), 0) -> 1
H71: 20 | I71: 2 | K71: ='Bjälklag (20% slagg)'!M3 -> C20/251520-0OK14 | M71: =MATCH(K71, _xlfn.UNIQUE($K$2:$K$204), 0) -> 1
H72: 20 | I72: 7 | K72: ='Bjälklag (20% slagg)'!M4 -> C20/251520-0OK14 | M72: =MATCH(K72, _xlfn.UNIQUE($K$2:$K$204), 0) -> 1
H73: 20 | I73: 12 | K73: ='Bjälklag (20% slagg)'!M5 -> C20/251520-0OK14 | M73: =MATCH(K73, _xlfn.UNIQUE($K$2:$K$204), 0) -> 1
H74: 20 | I74: 20 | K74: ='Bjälklag (20% slagg)'!M6 -> C20/251520-0OK14 | M74: =MATCH(K74, _xlfn.UNIQUE($K$2:$K$204), 0) -> 1
H75: 15 | I75: 0 | K75: ='Bjälklag (20% slagg)'!M7 -> C20/251515-0OK14 | M75: =MATCH(K75, _xlfn.UNIQUE($K$2:$K$204), 0) -> 2
H76: 15 | I76: 2 | K76: ='Bjälklag (20% slagg)'!M8 -> C20/251515-0OK14 | M76: =MATCH(K76, _xlfn.UNIQUE($K$2:$K$204), 0) -> 2
H77: 15 | I77: 7 | K77: ='Bjälklag (20% slagg)'!M9 -> C20/251515-0OK14 | M77: =MATCH(K77, _xlfn.UNIQUE($K$2:$K$204), 0) -> 2
H78: 15 | I78: 12 | K78: ='Bjälklag (20% slagg)'!M10 -> C20/251515-0OK14 | M78: =MATCH(K78, _xlfn.UNIQUE($K$2:$K$204), 0) -> 2
H79: 15 | I79: 20 | K79: ='Bjälklag (20% slagg)'!M11 -> C20/251515-0OK14 | M79: =MATCH(K79, _xlfn.UNIQUE($K$2:$K$204), 0) -> 2
H80: 10 | I80: 0 | K80: ='Bjälklag (20% slagg)'!M12 -> C20/251510-0OK14 | M80: =MATCH(K80, _xlfn.UNIQUE($K$2:$K$204), 0) -> 3
H81: 10 | I81: 2 | K81: ='Bjälklag (20% slagg)'!M13 -> C20/251510-0OK14 | M81: =MATCH(K81, _xlfn.UNIQUE($K$2:$K$204), 0) -> 3
... H114: -20 | I114: 20 | K114: ='Bjälklag (20% slagg)'!M46 -> ----- | M114: =MATCH(K114, _xlfn.UNIQUE($K$2:$K$204), 0) -> 23
H115: 20 | I115: 0 | K115: ='Bjälklag (30% slagg)'!M2 -> C20/251520-0OK14 | M115: =MATCH(K115, _xlfn.UNIQUE($K$2:$K$204), 0) -> 1
H116: 20 | I116: 2 | K116: ='Bjälklag (30% slagg)'!M3 -> C20/251520-0OK14 | M116: =MATCH(K116, _xlfn.UNIQUE($K$2:$K$204), 0) -> 1
H117: 20 | I117: 7 | K117: ='Bjälklag (30% slagg)'!M4 -> C20/251520-0OK14 | M117: =MATCH(K117, _xlfn.UNIQUE($K$2:$K$204), 0) -> 1
H118: 20 | I118: 12 | K118: ='Bjälklag (30% slagg)'!M5 -> C20/251520-0OK14 | M118: =MATCH(K118, _xlfn.UNIQUE($K$2:$K$204), 0) -> 1
H119: 20 | I119: 20 | K119: ='Bjälklag (30% slagg)'!M6 -> C20/251520-0OK14 | M119: =MATCH(K119, _xlfn.UNIQUE($K$2:$K$204), 0) -> 1
H120: 15 | I120: 0 | K120: ='Bjälklag (30% slagg)'!M7 -> C20/251515-0OK14 | M120: =MATCH(K120, _xlfn.UNIQUE($K$2:$K$204), 0) -> 2
H121: 15 | I121: 2 | K121: ='Bjälklag (30% slagg)'!M8 -> C20/251515-0OK14 | M121: =MATCH(K121, _xlfn.UNIQUE($K$2:$K$204), 0) -> 2
H122: 15 | I122: 7 | K122: ='Bjälklag (30% slagg)'!M9 -> C20/251515-0OK14 | M122: =MATCH(K122, _xlfn.UNIQUE($K$2:$K$204), 0) -> 2
H123: 15 | I123: 12 | K123: ='Bjälklag (30% slagg)'!M10 -> C20/251515-0OK14 | M123: =MATCH(K123, _xlfn.UNIQUE($K$2:$K$204), 0) -> 2
H124: 15 | I124: 20 | K124: ='Bjälklag (30% slagg)'!M11 -> C20/251515-0OK14 | M124: =MATCH(K124, _xlfn.UNIQUE($K$2:$K$204), 0) -> 2
H125: 10 | I125: 0 | K125: ='Bjälklag (30% slagg)'!M12 -> C20/251510-0OK14 | M125: =MATCH(K125, _xlfn.UNIQUE($K$2:$K$204), 0) -> 3
H126: 10 | I126: 2 | K126: ='Bjälklag (30% slagg)'!M13 -> C20/251510-0OK14 | M126: =MATCH(K126, _xlfn.UNIQUE($K$2:$K$204), 0) -> 3
... H159: -20 | I159: 20 | K159: ='Bjälklag (30% slagg)'!M46 -> ----- | M159: =MATCH(K159, _xlfn.UNIQUE($K$2:$K$204), 0) -> 23
H160: 20 | I160: 0 | K160: ='Bjälklag (40% slagg)'!M2 -> C20/251520-0OK14 | M160: =MATCH(K160, _xlfn.UNIQUE($K$2:$K$204), 0) -> 1
H161: 20 | I161: 2 | K161: ='Bjälklag (40% slagg)'!M3 -> C20/251520-0OK14 | M161: =MATCH(K161, _xlfn.UNIQUE($K$2:$K$204), 0) -> 1
H162: 20 | I162: 7 | K162: ='Bjälklag (40% slagg)'!M4 -> C20/251520-0OK14 | M162: =MATCH(K162, _xlfn.UNIQUE($K$2:$K$204), 0) -> 1
H163: 20 | I163: 12 | K163: ='Bjälklag (40% slagg)'!M5 -> C20/251520-0OK14 | M163: =MATCH(K163, _xlfn.UNIQUE($K$2:$K$204), 0) -> 1
H164: 20 | I164: 20 | K164: ='Bjälklag (40% slagg)'!M6 -> C20/251520-0OK14 | M164: =MATCH(K164, _xlfn.UNIQUE($K$2:$K$204), 0) -> 1
H165: 15 | I165: 0 | K165: ='Bjälklag (40% slagg)'!M7 -> C20/251515-0OK14 | M165: =MATCH(K165, _xlfn.UNIQUE($K$2:$K$204), 0) -> 2
H166: 15 | I166: 2 | K166: ='Bjälklag (40% slagg)'!M8 -> C20/251515-0OK14 | M166: =MATCH(K166, _xlfn.UNIQUE($K$2:$K$204), 0) -> 2
H167: 15 | I167: 7 | K167: ='Bjälklag (40% slagg)'!M9 -> C20/251515-0OK14 | M167: =MATCH(K167, _xlfn.UNIQUE($K$2:$K$204), 0) -> 2
H168: 15 | I168: 12 | K168: ='Bjälklag (40% slagg)'!M10 -> C20/251515-0OK14 | M168: =MATCH(K168, _xlfn.UNIQUE($K$2:$K$204), 0) -> 2
H169: 15 | I169: 20 | K169: ='Bjälklag (40% slagg)'!M11 -> C20/251515-0OK14 | M169: =MATCH(K169, _xlfn.UNIQUE($K$2:$K$204), 0) -> 2
H170: 10 | I170: 0 | K170: ='Bjälklag (40% slagg)'!M12 -> C20/251510-0OK14 | M170: =MATCH(K170, _xlfn.UNIQUE($K$2:$K$204), 0) -> 3
H171: 10 | I171: 2 | K171: ='Bjälklag (40% slagg)'!M13 -> C20/25151050OK14 | M171: =MATCH(K171, _xlfn.UNIQUE($K$2:$K$204), 0) -> 5
... H204: -20 | I204: 20 | K204: ='Bjälklag (40% slagg)'!M46 -> ----- | M204: =MATCH(K204, _xlfn.UNIQUE($K$2:$K$204), 0) -> 23
K205: Total antal paket | M205: =MAX(M25:M204) -> 23

Sheet Data till lathund Åtgärder
A1: Paket | B1: Betongkvalitet | C1: Gjuttemperatur (varmbetong) | D1: Temperatur motgjutningsyta | E1: Väderskydd, uppvärmning (ingen vind) | F1: Täckning [mm] | G1: OK under 14 D | H1: Ok under 21 D | I1: Column1 | J1: Jobbighetsnivå
A2: 1 | B2: C20/25 | C2: 15 | D2: 20 | E2: - | F2: 0 | G2: OK14 | I2: =Table8[[#This Row],[Betongkvalitet]]&Table8[[#This Row],[Gjuttemperatur (varmbetong)]]&Table8[[#This Row],[Temperatur motgjutningsyta]]&Table8[[#This Row],[Väderskydd, uppvärmning (ingen vind)]]&Table8[[#This Row],[Täckning '[mm']]]&Table8[[#This Row],[OK under 14 D]]&Table8[[#This Row],[Ok under 21 D]] -> C20/251520-0OK14 | J2: =Table8[[#This Row],[Paket]] -> 1
A3: 2 | B3: C20/25 | C3: 15 | D3: 15 | E3: - | F3: 0 | G3: OK14 | I3: =Table8[[#This Row],[Betongkvalitet]]&Table8[[#This Row],[Gjuttemperatur (varmbetong)]]&Table8[[#This Row],[Temperatur motgjutningsyta]]&Table8[[#This Row],[Väderskydd, uppvärmning (ingen vind)]]&Table8[[#This Row],[Täckning '[mm']]]&Table8[[#This Row],[OK under 14 D]]&Table8[[#This Row],[Ok under 21 D]] -> C20/251515-0OK14 | J3: =Table8[[#This Row],[Paket]] -> 2
A4: 3 | B4: C20/25 | C4: 15 | D4: 10 | E4: - | F4: 0 | G4: OK14 | I4: =Table8[[#This Row],[Betongkvalitet]]&Table8[[#This Row],[Gjuttemperatur (varmbetong)]]&Table8[[#This Row],[Temperatur motgjutningsyta]]&Table8[[#This Row],[Väderskydd, uppvärmning (ingen vind)]]&Table8[[#This Row],[Täckning '[mm']]]&Table8[[#This Row],[OK under 14 D]]&Table8[[#This Row],[Ok under 21 D]] -> C20/251510-0OK14 | J4: =Table8[[#This Row],[Paket]] -> 3
A5: 4 | B5: C20/25 | C5: 15 | D5: 10 | E5: 0 | F5: 0 | G5: OK14 | I5: =Table8[[#This Row],[Betongkvalitet]]&Table8[[#This Row],[Gjuttemperatur (varmbetong)]]&Table8[[#This Row],[Temperatur motgjutningsyta]]&Table8[[#This Row],[Väderskydd, uppvärmning (ingen vind)]]&Table8[[#This Row],[Täckning '[mm']]]&Table8[[#This Row],[OK under 14 D]]&Table8[[#This Row],[Ok under 21 D]] -> C20/25151000OK14 | J5: =Table8[[#This Row],[Paket]] -> 4
A6: 5 | B6: C20/25 | C6: 15 | D6: 10 | E6: 5 | F6: 0 | G6: OK14 | I6: =Table8[[#This Row],[Betongkvalitet]]&Table8[[#This Row],[Gjuttemperatur (varmbetong)]]&Table8[[#This Row],[Temperatur motgjutningsyta]]&Table8[[#This Row],[Väderskydd, uppvärmning (ingen vind)]]&Table8[[#This Row],[Täckning '[mm']]]&Table8[[#This Row],[OK under 14 D]]&Table8[[#This Row],[Ok under 21 D]] -> C20/25151050OK14 | J6: =Table8[[#This Row],[Paket]] -> 5
A7: 6 | B7: C20/25 | C7: 20 | D7: 5 | E7: - | F7: 0 | G7: OK14 | I7: =Table8[[#This Row],[Betongkvalitet]]&Table8[[#This Row],[Gjuttemperatur (varmbetong)]]&Table8[[#This Row],[Temperatur motgjutningsyta]]&Table8[[#This Row],[Väderskydd, uppvärmning (ingen vind)]]&Table8[[#This Row],[Täckning '[mm']]]&Table8[[#This Row],[OK under 14 D]]&Table8[[#This Row],[Ok under 21 D]] -> C20/25205-0OK14 | J7: =Table8[[#This Row],[Paket]] -> 6
A8: 7 | B8: C20/25 | C8: 20 | D8: 5 | E8: 5 | F8: 0 | G8: OK14 | I8: =Table8[[#This Row],[Betongkvalitet]]&Table8[[#This Row],[Gjuttemperatur (varmbetong)]]&Table8[[#This Row],[Temperatur motgjutningsyta]]&Table8[[#This Row],[Väderskydd, uppvärmning (ingen vind)]]&Table8[[#This Row],[Täckning '[mm']]]&Table8[[#This Row],[OK under 14 D]]&Table8[[#This Row],[Ok under 21 D]] -> C20/2520550OK14 | J8: =Table8[[#This Row],[Paket]] -> 7
A9: 8 | B9: C20/25 | C9: 20 | D9: 5 | E9: 10 | F9: 0 | G9: OK14 | I9: =Table8[[#This Row],[Betongkvalitet]]&Table8[[#This Row],[Gjuttemperatur (varmbetong)]]&Table8[[#This Row],[Temperatur motgjutningsyta]]&Table8[[#This Row],[Väderskydd, uppvärmning (ingen vind)]]&Table8[[#This Row],[Täckning '[mm']]]&Table8[[#This Row],[OK under 14 D]]&Table8[[#This Row],[Ok under 21 D]] -> C20/25205100OK14 | J9: =Table8[[#This Row],[Paket]] -> 8
A10: 9 | B10: C20/25 | C10: 20 | D10: 5 | E10: 15 | F10: 0 | G10: OK14 | I10: =Table8[[#This Row],[Betongkvalitet]]&Table8[[#This Row],[Gjuttemperatur (varmbetong)]]&Table8[[#This Row],[Temperatur motgjutningsyta]]&Table8[[#This Row],[Väderskydd, uppvärmning (ingen vind)]]&Table8[[#This Row],[Täckning '[mm']]]&Table8[[#This Row],[OK under 14 D]]&Table8[[#This Row],[Ok under 21 D]] -> C20/25205150OK14 | J10: =Table8[[#This Row],[Paket]] -> 9
A11: 10 | B11: C20/25 | C11: 20 | D11: 5 | E11: 20 | F11: Presenning | G11: OK14 | I11: =Table8[[#This Row],[Betongkvalitet]]&Table8[[#This Row],[Gjuttemperatur (varmbetong)]]&Table8[[#This Row],[Temperatur motgjutningsyta]]&Table8[[#This Row],[Väderskydd, uppvärmning (ingen vind)]]&Table8[[#This Row],[Täckning '[mm']]]&Table8[[#This Row],[OK under 14 D]]&Table8[[#This Row],[Ok under 21 D]] -> C20/2520520PresenningOK14 | J11: =Table8[[#This Row],[Paket]] -> 10
A12: 11 | B12: C20/25 | C12: 20 | D12: 5 | E12: 20 | F12: 0 | G12: OK14 | I12: =Table8[[#This Row],[Betongkvalitet]]&Table8[[#This Row],[Gjuttemperatur (varmbetong)]]&Table8[[#This Row],[Temperatur motgjutningsyta]]&Table8[[#This Row],[Väderskydd, uppvärmning (ingen vind)]]&Table8[[#This Row],[Täckning '[mm']]]&Table8[[#This Row],[OK under 14 D]]&Table8[[#This Row],[Ok under 21 D]] -> C20/25205200OK14 | J12: =Table8[[#This Row],[Paket]] -> 11
A13: 12 | B13: C20/25 | C13: 20 | D13: 5 | E13: 20 | F13: 10 | G13: OK14 | I13: =Table8[[#This Row],[Betongkvalitet]]&Table8[[#This Row],[Gjuttemperatur (varmbetong)]]&Table8[[#This Row],[Temperatur motgjutningsyta]]&Table8[[#This Row],[Väderskydd, uppvärmning (ingen vind)]]&Table8[[#This Row],[Täckning '[mm']]]&Table8[[#This Row],[OK under 14 D]]&Table8[[#This Row],[Ok under 21 D]] -> C20/252052010OK14 | J13: =Table8[[#This Row],[Paket]] -> 12
A14: 13 | B14: C20/25 | C14: 20 | D14: 5 | E14: 20 | F14: 20 | G14: OK14 | I14: =Table8[[#This Row],[Betongkvalitet]]&Table8[[#This Row],[Gjuttemperatur (varmbetong)]]&Table8[[#This Row],[Temperatur motgjutningsyta]]&Table8[[#This Row],[Väderskydd, uppvärmning (ingen vind)]]&Table8[[#This Row],[Täckning '[mm']]]&Table8[[#This Row],[OK under 14 D]]&Table8[[#This Row],[Ok under 21 D]] -> C20/252052020OK14 | J14: =Table8[[#This Row],[Paket]] -> 13
A15: 14 | B15: C20/25 | C15: 20 | D15: 5 | E15: 20 | F15: 30 | G15: OK14 | I15: =Table8[[#This Row],[Betongkvalitet]]&Table8[[#This Row],[Gjuttemperatur (varmbetong)]]&Table8[[#This Row],[Temperatur motgjutningsyta]]&Table8[[#This Row],[Väderskydd, uppvärmning (ingen vind)]]&Table8[[#This Row],[Täckning '[mm']]]&Table8[[#This Row],[OK under 14 D]]&Table8[[#This Row],[Ok under 21 D]] -> C20/252052030OK14 | J15: =Table8[[#This Row],[Paket]] -> 14
A16: 15 | B16: C20/25 | C16: 20 | D16: 5 | E16: 20 | F16: 50 | G16: OK14 | I16: =Table8[[#This Row],[Betongkvalitet]]&Table8[[#This Row],[Gjuttemperatur (varmbetong)]]&Table8[[#This Row],[Temperatur motgjutningsyta]]&Table8[[#This Row],[Väderskydd, uppvärmning (ingen vind)]]&Table8[[#This Row],[Täckning '[mm']]]&Table8[[#This Row],[OK under 14 D]]&Table8[[#This Row],[Ok under 21 D]] -> C20/252052050OK14 | J16: =Table8[[#This Row],[Paket]] -> 15
A17: 16 | B17: C25/30 | C17: 15 | D17: 5 | E17: 20 | F17: 30 | G17: OK14 | I17: =Table8[[#This Row],[Betongkvalitet]]&Table8[[#This Row],[Gjuttemperatur (varmbetong)]]&Table8[[#This Row],[Temperatur motgjutningsyta]]&Table8[[#This Row],[Väderskydd, uppvärmning (ingen vind)]]&Table8[[#This Row],[Täckning '[mm']]]&Table8[[#This Row],[OK under 14 D]]&Table8[[#This Row],[Ok under 21 D]] -> C25/301552030OK14 | J17: =Table8[[#This Row],[Paket]] -> 16
A18: 17 | B18: C25/30 | C18: 20 | D18: 5 | E18: 20 | F18: 50 | G18: OK14 | I18: =Table8[[#This Row],[Betongkvalitet]]&Table8[[#This Row],[Gjuttemperatur (varmbetong)]]&Table8[[#This Row],[Temperatur motgjutningsyta]]&Table8[[#This Row],[Väderskydd, uppvärmning (ingen vind)]]&Table8[[#This Row],[Täckning '[mm']]]&Table8[[#This Row],[OK under 14 D]]&Table8[[#This Row],[Ok under 21 D]] -> C25/302052050OK14 | J18: =Table8[[#This Row],[Paket]] -> 17
A19: 18 | B19: C28/35 | C19: 15 | D19: 5 | E19: 20 | F19: 30 | G19: OK14 | I19: =Table8[[#This Row],[Betongkvalitet]]&Table8[[#This Row],[Gjuttemperatur (varmbetong)]]&Table8[[#This Row],[Temperatur motgjutningsyta]]&Table8[[#This Row],[Väderskydd, uppvärmning (ingen vind)]]&Table8[[#This Row],[Täckning '[mm']]]&Table8[[#This Row],[OK under 14 D]]&Table8[[#This Row],[Ok under 21 D]] -> C28/351552030OK14 | J19: =Table8[[#This Row],[Paket]] -> 18
A20: 19 | B20: C28/35 | C20: 15 | D20: 5 | E20: 20 | F20: 50 | G20: OK14 | I20: =Table8[[#This Row],[Betongkvalitet]]&Table8[[#This Row],[Gjuttemperatur (varmbetong)]]&Table8[[#This Row],[Temperatur motgjutningsyta]]&Table8[[#This Row],[Väderskydd, uppvärmning (ingen vind)]]&Table8[[#This Row],[Täckning '[mm']]]&Table8[[#This Row],[OK under 14 D]]&Table8[[#This Row],[Ok under 21 D]] -> C28/351552050OK14 | J20: =Table8[[#This Row],[Paket]] -> 19
A21: 20 | B21: C35/45 | C21: 10 | D21: 5 | E21: 20 | F21: 50 | G21: OK14 | I21: =Table8[[#This Row],[Betongkvalitet]]&Table8[[#This Row],[Gjuttemperatur (varmbetong)]]&Table8[[#This Row],[Temperatur motgjutningsyta]]&Table8[[#This Row],[Väderskydd, uppvärmning (ingen vind)]]&Table8[[#This Row],[Täckning '[mm']]]&Table8[[#This Row],[OK under 14 D]]&Table8[[#This Row],[Ok under 21 D]] -> C35/451052050OK14 | J21: =Table8[[#This Row],[Paket]] -> 20
A22: 21 | B22: C40/50 | C22: 10 | D22: 5 | E22: 20 | F22: 50 | H22: OK21 | I22: =Table8[[#This Row],[Betongkvalitet]]&Table8[[#This Row],[Gjuttemperatur (varmbetong)]]&Table8[[#This Row],[Temperatur motgjutningsyta]]&Table8[[#This Row],[Väderskydd, uppvärmning (ingen vind)]]&Table8[[#This Row],[Täckning '[mm']]]&Table8[[#This Row],[OK under 14 D]]&Table8[[#This Row],[Ok under 21 D]] -> C40/501052050OK21 | J22: =Table8[[#This Row],[Paket]] -> 21
A23: 22 | B23: C40/50 | C23: 15 | D23: 5 | E23: 20 | F23: 50 | H23: OK21 | I23: =Table8[[#This Row],[Betongkvalitet]]&Table8[[#This Row],[Gjuttemperatur (varmbetong)]]&Table8[[#This Row],[Temperatur motgjutningsyta]]&Table8[[#This Row],[Väderskydd, uppvärmning (ingen vind)]]&Table8[[#This Row],[Täckning '[mm']]]&Table8[[#This Row],[OK under 14 D]]&Table8[[#This Row],[Ok under 21 D]] -> C40/501552050OK21 | J23: =Table8[[#This Row],[Paket]] -> 22
A24: 23 | B24: - | C24: - | D24: - | E24: - | F24: - | I24: =Table8[[#This Row],[Betongkvalitet]]&Table8[[#This Row],[Gjuttemperatur (varmbetong)]]&Table8[[#This Row],[Temperatur motgjutningsyta]]&Table8[[#This Row],[Väderskydd, uppvärmning (ingen vind)]]&Table8[[#This Row],[Täckning '[mm']]]&Table8[[#This Row],[OK under 14 D]]&Table8[[#This Row],[Ok under 21 D]] -> ----- | J24: =Table8[[#This Row],[Paket]] -> 23

Sheet Lathund
A1: Temperatur [°C] | B1: Vind [m/s] | C1: 10% Slagg | D1: 20% Slagg | E1: 30% Slagg | F1: 40% Slagg
B2: 0 | C2: ='Data till Lathund, Kådgenererin'!M25 -> 1 | D2: ='Data till Lathund, Kådgenererin'!M70 -> 1 | E2: ='Data till Lathund, Kådgenererin'!M115 -> 1 | F2: ='Data till Lathund, Kådgenererin'!M160 -> 1
B3: 2 | C3: ='Data till Lathund, Kådgenererin'!M26 -> 1 | D3: ='Data till Lathund, Kådgenererin'!M71 -> 1 | E3: ='Data till Lathund, Kådgenererin'!M116 -> 1 | F3: ='Data till Lathund, Kådgenererin'!M161 -> 1
A4: 20 | B4: 7 | C4: ='Data till Lathund, Kådgenererin'!M27 -> 1 | D4: ='Data till Lathund, Kådgenererin'!M72 -> 1 | E4: ='Data till Lathund, Kådgenererin'!M117 -> 1 | F4: ='Data till Lathund, Kådgenererin'!M162 -> 1
B5: 12 | C5: ='Data till Lathund, Kådgenererin'!M28 -> 1 | D5: ='Data till Lathund, Kådgenererin'!M73 -> 1 | E5: ='Data till Lathund, Kådgenererin'!M118 -> 1 | F5: ='Data till Lathund, Kådgenererin'!M163 -> 1
B6: 20 | C6: ='Data till Lathund, Kådgenererin'!M29 -> 1 | D6: ='Data till Lathund, Kådgenererin'!M74 -> 1 | E6: ='Data till Lathund, Kådgenererin'!M119 -> 1 | F6: ='Data till Lathund, Kådgenererin'!M164 -> 1
B7: 0 | C7: ='Data till Lathund, Kådgenererin'!M30 -> 2 | D7: ='Data till Lathund, Kådgenererin'!M75 -> 2 | E7: ='Data till Lathund, Kådgenererin'!M120 -> 2 | F7: ='Data till Lathund, Kådgenererin'!M165 -> 2
B8: 2 | C8: ='Data till Lathund, Kådgenererin'!M31 -> 2 | D8: ='Data till Lathund, Kådgenererin'!M76 -> 2 | E8: ='Data till Lathund, Kådgenererin'!M121 -> 2 | F8: ='Data till Lathund, Kådgenererin'!M166 -> 2
A9: 15 | B9: 7 | C9: ='Data till Lathund, Kådgenererin'!M32 -> 2 | D9: ='Data till Lathund, Kådgenererin'!M77 -> 2 | E9: ='Data till Lathund, Kådgenererin'!M122 -> 2 | F9: ='Data till Lathund, Kådgenererin'!M167 -> 2
B10: 12 | C10: ='Data till Lathund, Kådgenererin'!M33 -> 2 | D10: ='Data till Lathund, Kådgenererin'!M78 -> 2 | E10: ='Data till Lathund, Kådgenererin'!M123 -> 2 | F10: ='Data till Lathund, Kådgenererin'!M168 -> 2
B11: 20 | C11: ='Data till Lathund, Kådgenererin'!M34 -> 2 | D11: ='Data till Lathund, Kådgenererin'!M79 -> 2 | E11: ='Data till Lathund, Kådgenererin'!M124 -> 2 | F11: ='Data till Lathund, Kådgenererin'!M169 -> 2
B12: 0 | C12: ='Data till Lathund, Kådgenererin'!M35 -> 3 | D12: ='Data till Lathund, Kådgenererin'!M80 -> 3 | E12: ='Data till Lathund, Kådgenererin'!M125 -> 3 | F12: ='Data till Lathund, Kådgenererin'!M170 -> 3
B13: 2 | C13: ='Data till Lathund, Kådgenererin'!M36 -> 3 | D13: ='Data till Lathund, Kådgenererin'!M81 -> 3 | E13: ='Data till Lathund, Kådgenererin'!M126 -> 3 | F13: ='Data till Lathund, Kådgenererin'!M171 -> 5
A14: 10 | B14: 7 | C14: ='Data till Lathund, Kådgenererin'!M37 -> 3 | D14: ='Data till Lathund, Kådgenererin'!M82 -> 3 | E14: ='Data till Lathund, Kådgenererin'!M127 -> 3 | F14: ='Data till Lathund, Kådgenererin'!M172 -> 5
B15: 12 | C15: ='Data till Lathund, Kådgenererin'!M38 -> 3 | D15: ='Data till Lathund, Kådgenererin'!M83 -> 3 | E15: ='Data till Lathund, Kådgenererin'!M128 -> 4 | F15: ='Data till Lathund, Kådgenererin'!M173 -> 5
B16: 20 | C16: ='Data till Lathund, Kådgenererin'!M39 -> 3 | D16: ='Data till Lathund, Kådgenererin'!M84 -> 3 | E16: ='Data till Lathund, Kådgenererin'!M129 -> 4 | F16: ='Data till Lathund, Kådgenererin'!M174 -> 5
B17: 0 | C17: ='Data till Lathund, Kådgenererin'!M40 -> 6 | D17: ='Data till Lathund, Kådgenererin'!M85 -> 7 | E17: ='Data till Lathund, Kådgenererin'!M130 -> 8 | F17: ='Data till Lathund, Kådgenererin'!M175 -> 9
B18: 2 | C18: ='Data till Lathund, Kådgenererin'!M41 -> 7 | D18: ='Data till Lathund, Kådgenererin'!M86 -> 8 | E18: ='Data till Lathund, Kådgenererin'!M131 -> 8 | F18: ='Data till Lathund, Kådgenererin'!M176 -> 11
A19: 5 | B19: 7 | C19: ='Data till Lathund, Kådgenererin'!M42 -> 7 | D19: ='Data till Lathund, Kådgenererin'!M87 -> 9 | E19: ='Data till Lathund, Kådgenererin'!M132 -> 10 | F19: ='Data till Lathund, Kådgenererin'!M177 -> 12
B20: 12 | C20: ='Data till Lathund, Kådgenererin'!M43 -> 7 | D20: ='Data till Lathund, Kådgenererin'!M88 -> 11 | E20: ='Data till Lathund, Kådgenererin'!M133 -> 10 | F20: ='Data till Lathund, Kådgenererin'!M178 -> 12
B21: 20 | C21: ='Data till Lathund, Kådgenererin'!M44 -> 7 | D21: ='Data till Lathund, Kådgenererin'!M89 -> 11 | E21: ='Data till Lathund, Kådgenererin'!M134 -> 10 | F21: ='Data till Lathund, Kådgenererin'!M179 -> 12
B22: 0 | C22: ='Data till Lathund, Kådgenererin'!M45 -> 8 | D22: ='Data till Lathund, Kådgenererin'!M90 -> 9 | E22: ='Data till Lathund, Kådgenererin'!M135 -> 11 | F22: ='Data till Lathund, Kådgenererin'!M180 -> 10
B23: 2 | C23: ='Data till Lathund, Kådgenererin'!M46 -> 9 | D23: ='Data till Lathund, Kådgenererin'!M91 -> 10 | E23: ='Data till Lathund, Kådgenererin'!M136 -> 12 | F23: ='Data till Lathund, Kådgenererin'!M181 -> 12
A24: 0 | B24: 7 | C24: ='Data till Lathund, Kådgenererin'!M47 -> 10 | D24: ='Data till Lathund, Kådgenererin'!M92 -> 12 | E24: ='Data till Lathund, Kådgenererin'!M137 -> 12 | F24: ='Data till Lathund, Kådgenererin'!M182 -> 12
B25: 12 | C25: ='Data till Lathund, Kådgenererin'!M48 -> 10 | D25: ='Data till Lathund, Kådgenererin'!M93 -> 12 | E25: ='Data till Lathund, Kådgenererin'!M138 -> 12 | F25: ='Data till Lathund, Kådgenererin'!M183 -> 12
B26: 20 | C26: ='Data till Lathund, Kådgenererin'!M49 -> 10 | D26: ='Data till Lathund, Kådgenererin'!M94 -> 12 | E26: ='Data till Lathund, Kådgenererin'!M139 -> 12 | F26: ='Data till Lathund, Kådgenererin'!M184 -> 12
B27: 0 | C27: ='Data till Lathund, Kådgenererin'!M50 -> 11 | D27: ='Data till Lathund, Kådgenererin'!M95 -> 12 | E27: ='Data till Lathund, Kådgenererin'!M140 -> 12 | F27: ='Data till Lathund, Kådgenererin'!M185 -> 13
B28: 2 | C28: ='Data till Lathund, Kådgenererin'!M51 -> 12 | D28: ='Data till Lathund, Kådgenererin'!M96 -> 12 | E28: ='Data till Lathund, Kådgenererin'!M141 -> 13 | F28: ='Data till Lathund, Kådgenererin'!M186 -> 13
A29: -5 | B29: 7 | C29: ='Data till Lathund, Kådgenererin'!M52 -> 12 | D29: ='Data till Lathund, Kådgenererin'!M97 -> 13 | E29: ='Data till Lathund, Kådgenererin'!M142 -> 13 | F29: ='Data till Lathund, Kådgenererin'!M187 -> 14
B30: 12 | C30: ='Data till Lathund, Kådgenererin'!M53 -> 12 | D30: ='Data till Lathund, Kådgenererin'!M98 -> 13 | E30: ='Data till Lathund, Kådgenererin'!M143 -> 13 | F30: ='Data till Lathund, Kådgenererin'!M188 -> 14
B31: 20 | C31: ='Data till Lathund, Kådgenererin'!M54 -> 12 | D31: ='Data till Lathund, Kådgenererin'!M99 -> 13 | E31: ='Data till Lathund, Kådgenererin'!M144 -> 13 | F31: ='Data till Lathund, Kådgenererin'!M189 -> 14
B32: 0 | C32: ='Data till Lathund, Kådgenererin'!M55 -> 12 | D32: ='Data till Lathund, Kådgenererin'!M100 -> 14 | E32: ='Data till Lathund, Kådgenererin'!M145 -> 15 | F32: ='Data till Lathund, Kådgenererin'!M190 -> 17
B33: 2 | C33: ='Data till Lathund, Kådgenererin'!M56 -> 13 | D33: ='Data till Lathund, Kådgenererin'!M101 -> 14 | E33: ='Data till Lathund, Kådgenererin'!M146 -> 15 | F33: ='Data till Lathund, Kådgenererin'!M191 -> 17
A34: -10 | B34: 7 | C34: ='Data till Lathund, Kådgenererin'!M57 -> 13 | D34: ='Data till Lathund, Kådgenererin'!M102 -> 15 | E34: ='Data till Lathund, Kådgenererin'!M147 -> 15 | F34: ='Data till Lathund, Kådgenererin'!M192 -> 17
B35: 12 | C35: ='Data till Lathund, Kådgenererin'!M58 -> 23 | D35: ='Data till Lathund, Kådgenererin'!M103 -> 23 | E35: ='Data till Lathund, Kådgenererin'!M148 -> 23 | F35: ='Data till Lathund, Kådgenererin'!M193 -> 23
B36: 20 | C36: ='Data till Lathund, Kådgenererin'!M59 -> 23 | D36: ='Data till Lathund, Kådgenererin'!M104 -> 23 | E36: ='Data till Lathund, Kådgenererin'!M149 -> 23 | F36: ='Data till Lathund, Kådgenererin'!M194 -> 23
B37: 0 | C37: ='Data till Lathund, Kådgenererin'!M60 -> 18 | D37: ='Data till Lathund, Kådgenererin'!M105 -> 19 | E37: ='Data till Lathund, Kådgenererin'!M150 -> 16 | F37: ='Data till Lathund, Kådgenererin'!M195 -> 22
B38: 2 | C38: ='Data till Lathund, Kådgenererin'!M61 -> 18 | D38: ='Data till Lathund, Kådgenererin'!M106 -> 19 | E38: ='Data till Lathund, Kådgenererin'!M151 -> 16 | F38: ='Data till Lathund, Kådgenererin'!M196 -> 22
A39: -15 | B39: 7 | C39: ='Data till Lathund, Kådgenererin'!M62 -> 23 | D39: ='Data till Lathund, Kådgenererin'!M107 -> 23 | E39: ='Data till Lathund, Kådgenererin'!M152 -> 23 | F39: ='Data till Lathund, Kådgenererin'!M197 -> 23
B40: 12 | C40: ='Data till Lathund, Kådgenererin'!M63 -> 23 | D40: ='Data till Lathund, Kådgenererin'!M108 -> 23 | E40: ='Data till Lathund, Kådgenererin'!M153 -> 23 | F40: ='Data till Lathund, Kådgenererin'!M198 -> 23
B41: 20 | C41: ='Data till Lathund, Kådgenererin'!M64 -> 23 | D41: ='Data till Lathund, Kådgenererin'!M109 -> 23 | E41: ='Data till Lathund, Kådgenererin'!M154 -> 23 | F41: ='Data till Lathund, Kådgenererin'!M199 -> 23
B42: 0 | C42: ='Data till Lathund, Kådgenererin'!M65 -> 20 | D42: ='Data till Lathund, Kådgenererin'!M110 -> 21 | E42: ='Data till Lathund, Kådgenererin'!M155 -> 23 | F42: ='Data till Lathund, Kådgenererin'!M200 -> 23
B43: 2 | C43: ='Data till Lathund, Kådgenererin'!M66 -> 20 | D43: ='Data till Lathund, Kådgenererin'!M111 -> 21 | E43: ='Data till Lathund, Kådgenererin'!M156 -> 23 | F43: ='Data till Lathund, Kådgenererin'!M201 -> 23
A44: -20 | B44: 7 | C44: ='Data till Lathund, Kådgenererin'!M67 -> 23 | D44: ='Data till Lathund, Kådgenererin'!M112 -> 23 | E44: ='Data till Lathund, Kådgenererin'!M157 -> 23 | F44: ='Data till Lathund, Kådgenererin'!M202 -> 23
B45: 12 | C45: ='Data till Lathund, Kådgenererin'!M68 -> 23 | D45: ='Data till Lathund, Kådgenererin'!M113 -> 23 | E45: ='Data till Lathund, Kådgenererin'!M158 -> 23 | F45: ='Data till Lathund, Kådgenererin'!M203 -> 23
B46: 20 | C46: ='Data till Lathund, Kådgenererin'!M69 -> 23 | D46: ='Data till Lathund, Kådgenererin'!M114 -> 23 | E46: ='Data till Lathund, Kådgenererin'!M159 -> 23 | F46: ='Data till Lathund, Kådgenererin'!M204 -> 23
H50: Paket | I50: Betongkvalitet | J50: Gjuttemperatur | K50: Temperatur motgjutningsyta | L50: Väderskydd med uppvärmning | M50: Täckning [mm] | N50: OK<14D | O50: OK<21D
H51: ='Data till lathund Åtgärder'!A2 -> 1 | I51: ='Data till lathund Åtgärder'!B2 -> C20/25 | J51: ='Data till lathund Åtgärder'!C2 -> 15 | K51: ='Data till lathund Åtgärder'!D2 -> 20 | L51: ='Data till lathund Åtgärder'!E2 -> - | M51: ='Data till lathund Åtgärder'!F2 -> 0 | N51: ='Data till lathund Åtgärder'!G2 -> OK14 | O51: ='Data till lathund Åtgärder'!H2 -> 0
H52: ='Data till lathund Åtgärder'!A3 -> 2 | I52: ='Data till lathund Åtgärder'!B3 -> C20/25 | J52: ='Data till lathund Åtgärder'!C3 -> 15 | K52: ='Data till lathund Åtgärder'!D3 -> 15 | L52: ='Data till lathund Åtgärder'!E3 -> - | M52: ='Data till lathund Åtgärder'!F3 -> 0 | N52: ='Data till lathund Åtgärder'!G3 -> OK14 | O52: ='Data till lathund Åtgärder'!H3 -> 0
H53: ='Data till lathund Åtgärder'!A4 -> 3 | I53: ='Data till lathund Åtgärder'!B4 -> C20/25 | J53: ='Data till lathund Åtgärder'!C4 -> 15 | K53: ='Data till lathund Åtgärder'!D4 -> 10 | L53: ='Data till lathund Åtgärder'!E4 -> - | M53: ='Data till lathund Åtgärder'!F4 -> 0 | N53: ='Data till lathund Åtgärder'!G4 -> OK14 | O53: ='Data till lathund Åtgärder'!H4 -> 0
H54: ='Data till lathund Åtgärder'!A5 -> 4 | I54: ='Data till lathund Åtgärder'!B5 -> C20/25 | J54: ='Data till lathund Åtgärder'!C5 -> 15 | K54: ='Data till lathund Åtgärder'!D5 -> 10 | L54: ='Data till lathund Åtgärder'!E5 -> 0 | M54: ='Data till lathund Åtgärder'!F5 -> 0 | N54: ='Data till lathund Åtgärder'!G5 -> OK14 | O54: ='Data till lathund Åtgärder'!H5 -> 0
H55: ='Data till lathund Åtgärder'!A6 -> 5 | I55: ='Data till lathund Åtgärder'!B6 -> C20/25 | J55: ='Data till lathund Åtgärder'!C6 -> 15 | K55: ='Data till lathund Åtgärder'!D6 -> 10 | L55: ='Data till lathund Åtgärder'!E6 -> 5 | M55: ='Data till lathund Åtgärder'!F6 -> 0 | N55: ='Data till lathund Åtgärder'!G6 -> OK14 | O55: ='Data till lathund Åtgärder'!H6 -> 0
H56: ='Data till lathund Åtgärder'!A7 -> 6 | I56: ='Data till lathund Åtgärder'!B7 -> C20/25 | J56: ='Data till lathund Åtgärder'!C7 -> 20 | K56: ='Data till lathund Åtgärder'!D7 -> 5 | L56: ='Data till lathund Åtgärder'!E7 -> - | M56: ='Data till lathund Åtgärder'!F7 -> 0 | N56: ='Data till lathund Åtgärder'!G7 -> OK14 | O56: ='Data till lathund Åtgärder'!H7 -> 0
H57: ='Data till lathund Åtgärder'!A8 -> 7 | I57: ='Data till lathund Åtgärder'!B8 -> C20/25 | J57: ='Data till lathund Åtgärder'!C8 -> 20 | K57: ='Data till lathund Åtgärder'!D8 -> 5 | L57: ='Data till lathund Åtgärder'!E8 -> 5 | M57: ='Data till lathund Åtgärder'!F8 -> 0 | N57: ='Data till lathund Åtgärder'!G8 -> OK14 | O57: ='Data till lathund Åtgärder'!H8 -> 0
H58: ='Data till lathund Åtgärder'!A9 -> 8 | I58: ='Data till lathund Åtgärder'!B9 -> C20/25 | J58: ='Data till lathund Åtgärder'!C9 -> 20 | K58: ='Data till lathund Åtgärder'!D9 -> 5 | L58: ='Data till lathund Åtgärder'!E9 -> 10 | M58: ='Data till lathund Åtgärder'!F9 -> 0 | N58: ='Data till lathund Åtgärder'!G9 -> OK14 | O58: ='Data till lathund Åtgärder'!H9 -> 0
H59: ='Data till lathund Åtgärder'!A10 -> 9 | I59: ='Data till lathund Åtgärder'!B10 -> C20/25 | J59: ='Data till lathund Åtgärder'!C10 -> 20 | K59: ='Data till lathund Åtgärder'!D10 -> 5 | L59: ='Data till lathund Åtgärder'!E10 -> 15 | M59: ='Data till lathund Åtgärder'!F10 -> 0 | N59: ='Data till lathund Åtgärder'!G10 -> OK14 | O59: ='Data till lathund Åtgärder'!H10 -> 0
H60: ='Data till lathund Åtgärder'!A11 -> 10 | I60: ='Data till lathund Åtgärder'!B11 -> C20/25 | J60: ='Data till lathund Åtgärder'!C11 -> 20 | K60: ='Data till lathund Åtgärder'!D11 -> 5 | L60: ='Data till lathund Åtgärder'!E11 -> 20 | M60: ='Data till lathund Åtgärder'!F11 -> Presenning | N60: ='Data till lathund Åtgärder'!G11 -> OK14 | O60: ='Data till lathund Åtgärder'!H11 -> 0
H61: ='Data till lathund Åtgärder'!A12 -> 11 | I61: ='Data till lathund Åtgärder'!B12 -> C20/25 | J61: ='Data till lathund Åtgärder'!C12 -> 20 | K61: ='Data till lathund Åtgärder'!D12 -> 5 | L61: ='Data till lathund Åtgärder'!E12 -> 20 | M61: ='Data till lathund Åtgärder'!F12 -> 0 | N61: ='Data till lathund Åtgärder'!G12 -> OK14 | O61: ='Data till lathund Åtgärder'!H12 -> 0
H62: ='Data till lathund Åtgärder'!A13 -> 12 | I62: ='Data till lathund Åtgärder'!B13 -> C20/25 | J62: ='Data till lathund Åtgärder'!C13 -> 20 | K62: ='Data till lathund Åtgärder'!D13 -> 5 | L62: ='Data till lathund Åtgärder'!E13 -> 20 | M62: ='Data till lathund Åtgärder'!F13 -> 10 | N62: ='Data till lathund Åtgärder'!G13 -> OK14 | O62: ='Data till lathund Åtgärder'!H13 -> 0
... H73: ='Data till lathund Åtgärder'!A24 -> 23 | I73: ='Data till lathund Åtgärder'!B24 -> - | J73: ='Data till lathund Åtgärder'!C24 -> - | K73: ='Data till lathund Åtgärder'!D24 -> - | L73: ='Data till lathund Åtgärder'!E24 -> - | M73: ='Data till lathund Åtgärder'!F24 -> - | N73: ='Data till lathund Åtgärder'!G24 -> 0 | O73: ='Data till lathund Åtgärder'!H24 -> 0
H75: Utomhustemperatur | I75: Väderskydd | J75: Riktig temp under | K75: Temperatur motgjutiningsyta | L75: Gjuttemperatur
H76: 20 | I76: 0 | J76: =I76+H76 -> 20 | K76: 20 | L76: 15
H77: 15 | I77: 0 | J77: =I77+H77 -> 15 | K77: 15 | L77: 15
H78: 10 | I78: 20 | J78: =I78+H78 -> 30 | K78: 10 | L78: 15
H79: 5 | I79: 20 | J79: =I79+H79 -> 25 | K79: 5 | L79: 20
H80: 0 | I80: 20 | J80: =I80+H80 -> 20 | K80: 5 | L80: 20
H81: -5 | I81: 20 | J81: =I81+H81 -> 15 | K81: 5 | L81: 20
H82: -10 | I82: 20 | J82: =I82+H82 -> 10 | K82: 5 | L82: 20
H83: -15 | I83: 20 | J83: =I83+H83 -> 5 | K83: 5 | L83: 15
H84: -20 | I84: 20 | J84: =I84+H84 -> 0 | K84: 5 | L84: 10

Sheet Förutsättningar
A1: Betongkvalitet | B1: Gjuttemperatur | C1: Temperatur motgjutningsyta | D1: Väderskydd, uppvärmning (ingen vind) | E1: Täckning [mm] | F1: Ok under 14 d | G1: OK under 21 D
A2: - | B2: - | C2: 5 | D2: 0 | E2: 0 | F2: OK14 | G2: OK21
A3: C20/25 | B3: 10 | C3: 10 | D3: 5 | E3: Presenning | H3: Utgångspunkt | I3: Värden
A4: C25/30 | B4: 15 | C4: 15 | D4: 10 | E4: 10 | H4: Tjocklek plattbärlag | I4: 50 mm
A5: C28/35 | B5: 20 | C5: 20 | D5: 15 | E5: 20 | H5: Tjocklek pågjutning | I5: 190 mm
A6: C30/37 | B6: 25 | C6: - | D6: 20 | E6: 30 | H6: 70% hållfasthet | I6: 14 eller 21 dagar
A7: C32/40 | D7: - | E7: 50 | H7: Mellan 14-21 dagar
A8: C35/45 | E8: 100 | H8: Täckning | I8: Påläggning efter 1 timme
A9: C40/50 | E9: -
H10: Utomhustemperatur | I10: Väderskydd | J10: Riktig temp under | K10: Temperatur motgjutiningsyta | L10: Gjuttemperatur
H11: 20 | I11: 0 | J11: =I11+H11 -> 20 | K11: 20 | L11: 15
H12: 15 | I12: 5 | J12: =I12+H12 -> 20 | K12: 15 | L12: 15
H13: 10 | I13: 10 | J13: =I13+H13 -> 20 | K13: 10 | L13: 15
H14: 5 | I14: 15 | J14: =I14+H14 -> 20 | K14: 5 | L14: 20
H15: 0 | I15: 20 | J15: =I15+H15 -> 20 | K15: 5 | L15: 20
H16: -5 | I16: 20 | J16: =I16+H16 -> 15 | K16: 5 | L16: 20
H17: -10 | I17: 20 | J17: =I17+H17 -> 10 | K17: 5 | L17: 20
H18: -15 | I18: 20 | J18: =I18+H18 -> 5 | K18: 5 | L18: 15
H19: -20 | I19: 20 | J19: =I19+H19 -> 0 | K19: 5 | L19: 10
