Workbook

Sheet Bjälklag (C20-25)
A1: Slaggmängd | B1: Gjuttemperatur | C1: Temperatur motgjutningsyta | D1: Värmekabel | E1: Antal värmekablar | F1: Täckning [mm] | G1: Formisolering [mm] | H1: Temperatur | I1: Vind | J1: <17 Timmar och >6 Mpa | K1: OK<17 Timamr | L1: Kommentar | M1: Åtgärdskåd
A2: -- | B2: - | C2: - | D2: - | E2: - | F2: - | G2: - | H2: 20 | I2: 0 | L2: Når ej 6 MPa | M2: =Table1[[#This Row],[Slaggmängd]]&Table1[[#This Row],[Gjuttemperatur]]&Table1[[#This Row],[Temperatur motgjutningsyta]]&Table1[[#This Row],[Värmekabel]]&Table1[[#This Row],[Antal värmekablar]]&Table1[[#This Row],[Täckning '[mm']]]&Table1[[#This Row],[Formisolering '[mm']]]&Table1[[#This Row],[OK<17 Timamr]]&Table1[[#This Row],[Kommentar]] -> --------Når ej 6 MPa
A3: - | B3: - | C3: - | D3: - | E3: - | F3: - | G3: - | H3: 20 | I3: 2 | L3: Når ej 6 MPa | M3: =Table1[[#This Row],[Slaggmängd]]&Table1[[#This Row],[Gjuttemperatur]]&Table1[[#This Row],[Temperatur motgjutningsyta]]&Table1[[#This Row],[Värmekabel]]&Table1[[#This Row],[Antal värmekablar]]&Table1[[#This Row],[Täckning '[mm']]]&Table1[[#This Row],[Formisolering '[mm']]]&Table1[[#This Row],[OK<17 Timamr]]&Table1[[#This Row],[Kommentar]] -> -------Når ej 6 MPa
A4: - | B4: - | C4: - | D4: - | E4: - | F4: - | G4: - | H4: 20 | I4: 7 | L4: Når ej 6 MPa | M4: =Table1[[#This Row],[Slaggmängd]]&Table1[[#This Row],[Gjuttemperatur]]&Table1[[#This Row],[Temperatur motgjutningsyta]]&Table1[[#This Row],[Värmekabel]]&Table1[[#This Row],[Antal värmekablar]]&Table1[[#This Row],[Täckning '[mm']]]&Table1[[#This Row],[Formisolering '[mm']]]&Table1[[#This Row],[OK<17 Timamr]]&Table1[[#This Row],[Kommentar]] -> -------Når ej 6 MPa
A5: - | B5: - | C5: - | D5: - | E5: - | F5: - | G5: - | H5: 20 | I5: 12 | L5: Når ej 6 MPa | M5: =Table1[[#This Row],[Slaggmängd]]&Table1[[#This Row],[Gjuttemperatur]]&Table1[[#This Row],[Temperatur motgjutningsyta]]&Table1[[#This Row],[Värmekabel]]&Table1[[#This Row],[Antal värmekablar]]&Table1[[#This Row],[Täckning '[mm']]]&Table1[[#This Row],[Formisolering '[mm']]]&Table1[[#This Row],[OK<17 Timamr]]&Table1[[#This Row],[Kommentar]] -> -------Når ej 6 MPa
A6: - | B6: - | C6: - | D6: - | E6: - | F6: - | G6: - | H6: 20 | I6: 20 | L6: Når ej 6 MPa | M6: =Table1[[#This Row],[Slaggmängd]]&Table1[[#This Row],[Gjuttemperatur]]&Table1[[#This Row],[Temperatur motgjutningsyta]]&Table1[[#This Row],[Värmekabel]]&Table1[[#This Row],[Antal värmekablar]]&Table1[[#This Row],[Täckning '[mm']]]&Table1[[#This Row],[Formisolering '[mm']]]&Table1[[#This Row],[OK<17 Timamr]]&Table1[[#This Row],[Kommentar]] -> -------Når ej 6 MPa
A7: - | B7: - | C7: - | D7: - | E7: - | F7: - | G7: - | H7: 15 | I7: 0 | L7: Når ej 6 MPa | M7: =Table1[[#This Row],[Slaggmängd]]&Table1[[#This Row],[Gjuttemperatur]]&Table1[[#This Row],[Temperatur motgjutningsyta]]&Table1[[#This Row],[Värmekabel]]&Table1[[#This Row],[Antal värmekablar]]&Table1[[#This Row],[Täckning '[mm']]]&Table1[[#This Row],[Formisolering '[mm']]]&Table1[[#This Row],[OK<17 Timamr]]&Table1[[#This Row],[Kommentar]] -> -------Når ej 6 MPa
A8: - | B8: - | C8: - | D8: - | E8: - | F8: - | G8: - | H8: 15 | I8: 2 | L8: Når ej 6 MPa | M8: =Table1[[#This Row],[Slaggmängd]]&Table1[[#This Row],[Gjuttemperatur]]&Table1[[#This Row],[Temperatur motgjutningsyta]]&Table1[[#This Row],[Värmekabel]]&Table1[[#This Row],[Antal värmekablar]]&Table1[[#This Row],[Täckning '[mm']]]&Table1[[#This Row],[Formisolering '[mm']]]&Table1[[#This Row],[OK<17 Timamr]]&Table1[[#This Row],[Kommentar]] -> -------Når ej 6 MPa
A9: - | B9: - | C9: - | D9: - | E9: - | F9: - | G9: - | H9: 15 | I9: 7 | L9: Når ej 6 MPa | M9: =Table1[[#This Row],[Slaggmängd]]&Table1[[#This Row],[Gjuttemperatur]]&Table1[[#This Row],[Temperatur motgjutningsyta]]&Table1[[#This Row],[Värmekabel]]&Table1[[#This Row],[Antal värmekablar]]&Table1[[#This Row],[Täckning '[mm']]]&Table1[[#This Row],[Formisolering '[mm']]]&Table1[[#This Row],[OK<17 Timamr]]&Table1[[#This Row],[Kommentar]] -> -------Når ej 6 MPa
A10: - | B10: - | C10: - | D10: - | E10: - | F10: - | G10: - | H10: 15 | I10: 12 | L10: Når ej 6 MPa | M10: =Table1[[#This Row],[Slaggmängd]]&Table1[[#This Row],[Gjuttemperatur]]&Table1[[#This Row],[Temperatur motgjutningsyta]]&Table1[[#This Row],[Värmekabel]]&Table1[[#This Row],[Antal värmekablar]]&Table1[[#This Row],[Täckning '[mm']]]&Table1[[#This Row],[Formisolering '[mm']]]&Table1[[#This Row],[OK<17 Timamr]]&Table1[[#This Row],[Kommentar]] -> -------Når ej 6 MPa
A11: - | B11: - | C11: - | D11: - | E11: - | F11: - | G11: - | H11: 15 | I11: 20 | L11: Når ej 6 MPa | M11: =Table1[[#This Row],[Slaggmängd]]&Table1[[#This Row],[Gjuttemperatur]]&Table1[[#This Row],[Temperatur motgjutningsyta]]&Table1[[#This Row],[Värmekabel]]&Table1[[#This Row],[Antal värmekablar]]&Table1[[#This Row],[Täckning '[mm']]]&Table1[[#This Row],[Formisolering '[mm']]]&Table1[[#This Row],[OK<17 Timamr]]&Table1[[#This Row],[Kommentar]] -> -------Når ej 6 MPa
A12: - | B12: - | C12: - | D12: - | E12: - | F12: - | G12: - | H12: 10 | I12: 0 | L12: Når ej 6 MPa | M12: =Table1[[#This Row],[Slaggmängd]]&Table1[[#This Row],[Gjuttemperatur]]&Table1[[#This Row],[Temperatur motgjutningsyta]]&Table1[[#This Row],[Värmekabel]]&Table1[[#This Row],[Antal värmekablar]]&Table1[[#This Row],[Täckning '[mm']]]&Table1[[#This Row],[Formisolering '[mm']]]&Table1[[#This Row],[OK<17 Timamr]]&Table1[[#This Row],[Kommentar]] -> -------Når ej 6 MPa
A13: - | B13: - | C13: - | D13: - | E13: - | F13: - | G13: - | H13: 10 | I13: 2 | L13: Når ej 6 MPa | M13: =Table1[[#This Row],[Slaggmängd]]&Table1[[#This Row],[Gjuttemperatur]]&Table1[[#This Row],[Temperatur motgjutningsyta]]&Table1[[#This Row],[Värmekabel]]&Table1[[#This Row],[Antal värmekablar]]&Table1[[#This Row],[Täckning '[mm']]]&Table1[[#This Row],[Formisolering '[mm']]]&Table1[[#This Row],[OK<17 Timamr]]&Table1[[#This Row],[Kommentar]] -> -------Når ej 6 MPa
... A16: - | B16: - | C16: - | D16: - | E16: - | F16: - | G16: - | H16: 10 | I16: 20 | L16: Når ej 6 MPa | M16: =Table1[[#This Row],[Slaggmängd]]&Table1[[#This Row],[Gjuttemperatur]]&Table1[[#This Row],[Temperatur motgjutningsyta]]&Table1[[#This Row],[Värmekabel]]&Table1[[#This Row],[Antal värmekablar]]&Table1[[#This Row],[Täckning '[mm']]]&Table1[[#This Row],[Formisolering '[mm']]]&Table1[[#This Row],[OK<17 Timamr]]&Table1[[#This Row],[Kommentar]] -> -------Når ej 6 MPa
A17: Bas+0% | B17: 20 | C17: 5 | D17: 40 | E17: 2 | F17: - | G17: Plywood 12-19 cellplast 50 | H17: 5 | I17: 0 | J17: 17 | K17: OK17 | M17: =Table1[[#This Row],[Slaggmängd]]&Table1[[#This Row],[Gjuttemperatur]]&Table1[[#This Row],[Temperatur motgjutningsyta]]&Table1[[#This Row],[Värmekabel]]&Table1[[#This Row],[Antal värmekablar]]&Table1[[#This Row],[Täckning '[mm']]]&Table1[[#This Row],[Formisolering '[mm']]]&Table1[[#This Row],[OK<17 Timamr]]&Table1[[#This Row],[Kommentar]] -> Bas+0%205402-Plywood 12-19 cellplast 50OK17
A18: Bas+0% | B18: 20 | C18: 5 | D18: 40 | E18: 2 | F18: 10 | G18: Plywood 12-19 cellplast 120 | H18: 5 | I18: 2 | J18: 17 | K18: OK17 | M18: =Table1[[#This Row],[Slaggmängd]]&Table1[[#This Row],[Gjuttemperatur]]&Table1[[#This Row],[Temperatur motgjutningsyta]]&Table1[[#This Row],[Värmekabel]]&Table1[[#This Row],[Antal värmekablar]]&Table1[[#This Row],[Täckning '[mm']]]&Table1[[#This Row],[Formisolering '[mm']]]&Table1[[#This Row],[OK<17 Timamr]]&Table1[[#This Row],[Kommentar]] -> Bas+0%20540210Plywood 12-19 cellplast 120OK17
A19: - | B19: - | C19: - | D19: - | E19: - | F19: - | G19: - | H19: 5 | I19: 7 | L19: Når ej 6 MPa | M19: =Table1[[#This Row],[Slaggmängd]]&Table1[[#This Row],[Gjuttemperatur]]&Table1[[#This Row],[Temperatur motgjutningsyta]]&Table1[[#This Row],[Värmekabel]]&Table1[[#This Row],[Antal värmekablar]]&Table1[[#This Row],[Täckning '[mm']]]&Table1[[#This Row],[Formisolering '[mm']]]&Table1[[#This Row],[OK<17 Timamr]]&Table1[[#This Row],[Kommentar]] -> -------Når ej 6 MPa
A20: - | B20: - | C20: - | D20: - | E20: - | F20: - | G20: - | H20: 5 | I20: 12 | L20: Når ej 6 MPa | M20: =Table1[[#This Row],[Slaggmängd]]&Table1[[#This Row],[Gjuttemperatur]]&Table1[[#This Row],[Temperatur motgjutningsyta]]&Table1[[#This Row],[Värmekabel]]&Table1[[#This Row],[Antal värmekablar]]&Table1[[#This Row],[Täckning '[mm']]]&Table1[[#This Row],[Formisolering '[mm']]]&Table1[[#This Row],[OK<17 Timamr]]&Table1[[#This Row],[Kommentar]] -> -------Når ej 6 MPa
A21: - | B21: - | C21: - | D21: - | E21: - | F21: - | G21: - | H21: 5 | I21: 20 | L21: Når ej 6 MPa | M21: =Table1[[#This Row],[Slaggmängd]]&Table1[[#This Row],[Gjuttemperatur]]&Table1[[#This Row],[Temperatur motgjutningsyta]]&Table1[[#This Row],[Värmekabel]]&Table1[[#This Row],[Antal värmekablar]]&Table1[[#This Row],[Täckning '[mm']]]&Table1[[#This Row],[Formisolering '[mm']]]&Table1[[#This Row],[OK<17 Timamr]]&Table1[[#This Row],[Kommentar]] -> -------Når ej 6 MPa
A22: Bas+0% | B22: 20 | C22: 5 | D22: 40 | E22: 3 | F22: 10 | G22: Plywood 12-19 cellplast 70 | H22: 0 | I22: 0 | J22: 16.9 | K22: OK17 | M22: =Table1[[#This Row],[Slaggmängd]]&Table1[[#This Row],[Gjuttemperatur]]&Table1[[#This Row],[Temperatur motgjutningsyta]]&Table1[[#This Row],[Värmekabel]]&Table1[[#This Row],[Antal värmekablar]]&Table1[[#This Row],[Täckning '[mm']]]&Table1[[#This Row],[Formisolering '[mm']]]&Table1[[#This Row],[OK<17 Timamr]]&Table1[[#This Row],[Kommentar]] -> Bas+0%20540310Plywood 12-19 cellplast 70OK17
A23: - | B23: - | C23: - | D23: - | E23: - | F23: - | G23: - | H23: 0 | I23: 2 | L23: Når ej 6 MPa | M23: =Table1[[#This Row],[Slaggmängd]]&Table1[[#This Row],[Gjuttemperatur]]&Table1[[#This Row],[Temperatur motgjutningsyta]]&Table1[[#This Row],[Värmekabel]]&Table1[[#This Row],[Antal värmekablar]]&Table1[[#This Row],[Täckning '[mm']]]&Table1[[#This Row],[Formisolering '[mm']]]&Table1[[#This Row],[OK<17 Timamr]]&Table1[[#This Row],[Kommentar]] -> -------Når ej 6 MPa
A24: - | B24: - | C24: - | D24: - | E24: - | F24: - | G24: - | H24: 0 | I24: 7 | L24: Når ej 6 MPa | M24: =Table1[[#This Row],[Slaggmängd]]&Table1[[#This Row],[Gjuttemperatur]]&Table1[[#This Row],[Temperatur motgjutningsyta]]&Table1[[#This Row],[Värmekabel]]&Table1[[#This Row],[Antal värmekablar]]&Table1[[#This Row],[Täckning '[mm']]]&Table1[[#This Row],[Formisolering '[mm']]]&Table1[[#This Row],[OK<17 Timamr]]&Table1[[#This Row],[Kommentar]] -> -------Når ej 6 MPa
A25: - | B25: - | C25: - | D25: - | E25: - | F25: - | G25: - | H25: 0 | I25: 12 | L25: Når ej 6 MPa | M25: =Table1[[#This Row],[Slaggmängd]]&Table1[[#This Row],[Gjuttemperatur]]&Table1[[#This Row],[Temperatur motgjutningsyta]]&Table1[[#This Row],[Värmekabel]]&Table1[[#This Row],[Antal värmekablar]]&Table1[[#This Row],[Täckning '[mm']]]&Table1[[#This Row],[Formisolering '[mm']]]&Table1[[#This Row],[OK<17 Timamr]]&Table1[[#This Row],[Kommentar]] -> -------Når ej 6 MPa
A26: - | B26: - | C26: - | D26: - | E26: - | F26: - | G26: - | H26: 0 | I26: 20 | L26: Når ej 6 MPa | M26: =Table1[[#This Row],[Slaggmängd]]&Table1[[#This Row],[Gjuttemperatur]]&Table1[[#This Row],[Temperatur motgjutningsyta]]&Table1[[#This Row],[Värmekabel]]&Table1[[#This Row],[Antal värmekablar]]&Table1[[#This Row],[Täckning '[mm']]]&Table1[[#This Row],[Formisolering '[mm']]]&Table1[[#This Row],[OK<17 Timamr]]&Table1[[#This Row],[Kommentar]] -> -------Når ej 6 MPa
A27: - | B27: - | C27: - | D27: - | E27: - | F27: - | G27: - | H27: -5 | I27: 0 | L27: Når ej 6 MPa | M27: =Table1[[#This Row],[Slaggmängd]]&Table1[[#This Row],[Gjuttemperatur]]&Table1[[#This Row],[Temperatur motgjutningsyta]]&Table1[[#This Row],[Värmekabel]]&Table1[[#This Row],[Antal värmekablar]]&Table1[[#This Row],[Täckning '[mm']]]&Table1[[#This Row],[Formisolering '[mm']]]&Table1[[#This Row],[OK<17 Timamr]]&Table1[[#This Row],[Kommentar]] -> -------Når ej 6 MPa
A28: - | B28: - | C28: - | D28: - | E28: - | F28: - | G28: - | H28: -5 | I28: 2 | L28: Når ej 6 MPa | M28: =Table1[[#This Row],[Slaggmängd]]&Table1[[#This Row],[Gjuttemperatur]]&Table1[[#This Row],[Temperatur motgjutningsyta]]&Table1[[#This Row],[Värmekabel]]&Table1[[#This Row],[Antal värmekablar]]&Table1[[#This Row],[Täckning '[mm']]]&Table1[[#This Row],[Formisolering '[mm']]]&Table1[[#This Row],[OK<17 Timamr]]&Table1[[#This Row],[Kommentar]] -> -------Når ej 6 MPa
A29: - | B29: - | C29: - | D29: - | E29: - | F29: - | G29: - | H29: -5 | I29: 7 | L29: Når ej 6 MPa | M29: =Table1[[#This Row],[Slaggmängd]]&Table1[[#This Row],[Gjuttemperatur]]&Table1[[#This Row],[Temperatur motgjutningsyta]]&Table1[[#This Row],[Värmekabel]]&Table1[[#This Row],[Antal värmekablar]]&Table1[[#This Row],[Täckning '[mm']]]&Table1[[#This Row],[Formisolering '[mm']]]&Table1[[#This Row],[OK<17 Timamr]]&Table1[[#This Row],[Kommentar]] -> -------Når ej 6 MPa
A30: - | B30: - | C30: - | D30: - | E30: - | F30: - | G30: - | H30: -5 | I30: 12 | L30: Når ej 6 MPa | M30: =Table1[[#This Row],[Slaggmängd]]&Table1[[#This Row],[Gjuttemperatur]]&Table1[[#This Row],[Temperatur motgjutningsyta]]&Table1[[#This Row],[Värmekabel]]&Table1[[#This Row],[Antal värmekablar]]&Table1[[#This Row],[Täckning '[mm']]]&Table1[[#This Row],[Formisolering '[mm']]]&Table1[[#This Row],[OK<17 Timamr]]&Table1[[#This Row],[Kommentar]] -> -------Når ej 6 MPa
A31: - | B31: - | C31: - | D31: - | E31: - | F31: - | G31: - | H31: -5 | I31: 20 | L31: Fryser innan täck | M31: =Table1[[#This Row],[Slaggmängd]]&Table1[[#This Row],[Gjuttemperatur]]&Table1[[#This Row],[Temperatur motgjutningsyta]]&Table1[[#This Row],[Värmekabel]]&Table1[[#This Row],[Antal värmekablar]]&Table1[[#This Row],[Täckning '[mm']]]&Table1[[#This Row],[Formisolering '[mm']]]&Table1[[#This Row],[OK<17 Timamr]]&Table1[[#This Row],[Kommentar]] -> -------Fryser innan täck
A32: - | B32: - | C32: - | D32: - | E32: - | F32: - | G32: - | H32: -10 | I32: 0 | L32: Når ej 6 MPa | M32: =Table1[[#This Row],[Slaggmängd]]&Table1[[#This Row],[Gjuttemperatur]]&Table1[[#This Row],[Temperatur motgjutningsyta]]&Table1[[#This Row],[Värmekabel]]&Table1[[#This Row],[Antal värmekablar]]&Table1[[#This Row],[Täckning '[mm']]]&Table1[[#This Row],[Formisolering '[mm']]]&Table1[[#This Row],[OK<17 Timamr]]&Table1[[#This Row],[Kommentar]] -> -------Når ej 6 MPa
A33: - | B33: - | C33: - | D33: - | E33: - | F33: - | G33: - | H33: -10 | I33: 2 | L33: Når ej 6 MPa | M33: =Table1[[#This Row],[Slaggmängd]]&Table1[[#This Row],[Gjuttemperatur]]&Table1[[#This Row],[Temperatur motgjutningsyta]]&Table1[[#This Row],[Värmekabel]]&Table1[[#This Row],[Antal värmekablar]]&Table1[[#This Row],[Täckning '[mm']]]&Table1[[#This Row],[Formisolering '[mm']]]&Table1[[#This Row],[OK<17 Timamr]]&Table1[[#This Row],[Kommentar]] -> -------Når ej 6 MPa
A34: - | B34: - | C34: - | D34: - | E34: - | F34: - | G34: - | H34: -10 | I34: 7 | L34: Når ej 6 MPa | M34: =Table1[[#This Row],[Slaggmängd]]&Table1[[#This Row],[Gjuttemperatur]]&Table1[[#This Row],[Temperatur motgjutningsyta]]&Table1[[#This Row],[Värmekabel]]&Table1[[#This Row],[Antal värmekablar]]&Table1[[#This Row],[Täckning '[mm']]]&Table1[[#This Row],[Formisolering '[mm']]]&Table1[[#This Row],[OK<17 Timamr]]&Table1[[#This Row],[Kommentar]] -> -------Når ej 6 MPa
... A46: - | B46: - | C46: - | D46: - | E46: - | F46: - | G46: - | H46: -20 | I46: 20 | L46: Fryser innan täck | M46: =Table1[[#This Row],[Slaggmängd]]&Table1[[#This Row],[Gjuttemperatur]]&Table1[[#This Row],[Temperatur motgjutningsyta]]&Table1[[#This Row],[Värmekabel]]&Table1[[#This Row],[Antal värmekablar]]&Table1[[#This Row],[Täckning '[mm']]]&Table1[[#This Row],[Formisolering '[mm']]]&Table1[[#This Row],[OK<17 Timamr]]&Table1[[#This Row],[Kommentar]] -> -------Fryser innan täck

Sheet Bjälklag (C25-30)
A1: Slaggmängd | B1: Gjuttemperatur | C1: Temperatur motgjutningsyta | D1: Värmekabel | E1: Antal värmekablar | F1: Täckning [mm] | G1: Formisolering [mm] | H1: Temperatur | I1: Vind | J1: <17 Timmar och >6 Mpa | K1: OK<17 Timamr | L1: Kommentar | M1: Åtgärdskåd
A2: Bas+0% | B2: 15 | C2: 20 | D2: - | E2: - | F2: - | G2: Plywood 15, oisolerat | H2: 20 | I2: 0 | J2: 15.3 | K2: OK17 | M2: =Table127[[#This Row],[Slaggmängd]]&Table127[[#This Row],[Gjuttemperatur]]&Table127[[#This Row],[Temperatur motgjutningsyta]]&Table127[[#This Row],[Värmekabel]]&Table127[[#This Row],[Antal värmekablar]]&Table127[[#This Row],[Täckning '[mm']]]&Table127[[#This Row],[Formisolering '[mm']]]&Table127[[#This Row],[OK<17 Timamr]]&Table127[[#This Row],[Kommentar]] -> Bas+0%1520---Plywood 15, oisoleratOK17
A3: Bas+0% | B3: 15 | C3: 20 | D3: - | E3: - | F3: - | G3: Plywood 15, oisolerat | H3: 20 | I3: 2 | J3: 15.3 | K3: OK17 | M3: =Table127[[#This Row],[Slaggmängd]]&Table127[[#This Row],[Gjuttemperatur]]&Table127[[#This Row],[Temperatur motgjutningsyta]]&Table127[[#This Row],[Värmekabel]]&Table127[[#This Row],[Antal värmekablar]]&Table127[[#This Row],[Täckning '[mm']]]&Table127[[#This Row],[Formisolering '[mm']]]&Table127[[#This Row],[OK<17 Timamr]]&Table127[[#This Row],[Kommentar]] -> Bas+0%1520---Plywood 15, oisoleratOK17
A4: Bas+0% | B4: 15 | C4: 20 | D4: - | E4: - | F4: - | G4: Plywood 15, oisolerat | H4: 20 | I4: 7 | J4: 15.3 | K4: OK17 | M4: =Table127[[#This Row],[Slaggmängd]]&Table127[[#This Row],[Gjuttemperatur]]&Table127[[#This Row],[Temperatur motgjutningsyta]]&Table127[[#This Row],[Värmekabel]]&Table127[[#This Row],[Antal värmekablar]]&Table127[[#This Row],[Täckning '[mm']]]&Table127[[#This Row],[Formisolering '[mm']]]&Table127[[#This Row],[OK<17 Timamr]]&Table127[[#This Row],[Kommentar]] -> Bas+0%1520---Plywood 15, oisoleratOK17
A5: Bas+0% | B5: 15 | C5: 20 | D5: - | E5: - | F5: - | G5: Plywood 15, oisolerat | H5: 20 | I5: 12 | J5: 15.3 | K5: OK17 | M5: =Table127[[#This Row],[Slaggmängd]]&Table127[[#This Row],[Gjuttemperatur]]&Table127[[#This Row],[Temperatur motgjutningsyta]]&Table127[[#This Row],[Värmekabel]]&Table127[[#This Row],[Antal värmekablar]]&Table127[[#This Row],[Täckning '[mm']]]&Table127[[#This Row],[Formisolering '[mm']]]&Table127[[#This Row],[OK<17 Timamr]]&Table127[[#This Row],[Kommentar]] -> Bas+0%1520---Plywood 15, oisoleratOK17
A6: Bas+0% | B6: 15 | C6: 20 | D6: - | E6: - | F6: - | G6: Plywood 15, oisolerat | H6: 20 | I6: 20 | J6: 15.3 | K6: OK17 | M6: =Table127[[#This Row],[Slaggmängd]]&Table127[[#This Row],[Gjuttemperatur]]&Table127[[#This Row],[Temperatur motgjutningsyta]]&Table127[[#This Row],[Värmekabel]]&Table127[[#This Row],[Antal värmekablar]]&Table127[[#This Row],[Täckning '[mm']]]&Table127[[#This Row],[Formisolering '[mm']]]&Table127[[#This Row],[OK<17 Timamr]]&Table127[[#This Row],[Kommentar]] -> Bas+0%1520---Plywood 15, oisoleratOK17
A7: - | B7: - | C7: - | D7: - | E7: - | F7: - | G7: - | H7: 15 | I7: 0 | L7: Når ej 6 MPa | M7: =Table127[[#This Row],[Slaggmängd]]&Table127[[#This Row],[Gjuttemperatur]]&Table127[[#This Row],[Temperatur motgjutningsyta]]&Table127[[#This Row],[Värmekabel]]&Table127[[#This Row],[Antal värmekablar]]&Table127[[#This Row],[Täckning '[mm']]]&Table127[[#This Row],[Formisolering '[mm']]]&Table127[[#This Row],[OK<17 Timamr]]&Table127[[#This Row],[Kommentar]] -> -------Når ej 6 MPa
A8: - | B8: - | C8: - | D8: - | E8: - | F8: - | G8: - | H8: 15 | I8: 2 | L8: Når ej 6 MPa | M8: =Table127[[#This Row],[Slaggmängd]]&Table127[[#This Row],[Gjuttemperatur]]&Table127[[#This Row],[Temperatur motgjutningsyta]]&Table127[[#This Row],[Värmekabel]]&Table127[[#This Row],[Antal värmekablar]]&Table127[[#This Row],[Täckning '[mm']]]&Table127[[#This Row],[Formisolering '[mm']]]&Table127[[#This Row],[OK<17 Timamr]]&Table127[[#This Row],[Kommentar]] -> -------Når ej 6 MPa
A9: - | B9: - | C9: - | D9: - | E9: - | F9: - | G9: - | H9: 15 | I9: 7 | L9: Når ej 6 MPa | M9: =Table127[[#This Row],[Slaggmängd]]&Table127[[#This Row],[Gjuttemperatur]]&Table127[[#This Row],[Temperatur motgjutningsyta]]&Table127[[#This Row],[Värmekabel]]&Table127[[#This Row],[Antal värmekablar]]&Table127[[#This Row],[Täckning '[mm']]]&Table127[[#This Row],[Formisolering '[mm']]]&Table127[[#This Row],[OK<17 Timamr]]&Table127[[#This Row],[Kommentar]] -> -------Når ej 6 MPa
A10: - | B10: - | C10: - | D10: - | E10: - | F10: - | G10: - | H10: 15 | I10: 12 | L10: Når ej 6 MPa | M10: =Table127[[#This Row],[Slaggmängd]]&Table127[[#This Row],[Gjuttemperatur]]&Table127[[#This Row],[Temperatur motgjutningsyta]]&Table127[[#This Row],[Värmekabel]]&Table127[[#This Row],[Antal värmekablar]]&Table127[[#This Row],[Täckning '[mm']]]&Table127[[#This Row],[Formisolering '[mm']]]&Table127[[#This Row],[OK<17 Timamr]]&Table127[[#This Row],[Kommentar]] -> -------Når ej 6 MPa
A11: - | B11: - | C11: - | D11: - | E11: - | F11: - | G11: - | H11: 15 | I11: 20 | L11: Når ej 6 MPa | M11: =Table127[[#This Row],[Slaggmängd]]&Table127[[#This Row],[Gjuttemperatur]]&Table127[[#This Row],[Temperatur motgjutningsyta]]&Table127[[#This Row],[Värmekabel]]&Table127[[#This Row],[Antal värmekablar]]&Table127[[#This Row],[Täckning '[mm']]]&Table127[[#This Row],[Formisolering '[mm']]]&Table127[[#This Row],[OK<17 Timamr]]&Table127[[#This Row],[Kommentar]] -> -------Når ej 6 MPa
A12: - | B12: - | C12: - | D12: - | E12: - | F12: - | G12: - | H12: 10 | I12: 0 | L12: Når ej 6 MPa | M12: =Table127[[#This Row],[Slaggmängd]]&Table127[[#This Row],[Gjuttemperatur]]&Table127[[#This Row],[Temperatur motgjutningsyta]]&Table127[[#This Row],[Värmekabel]]&Table127[[#This Row],[Antal värmekablar]]&Table127[[#This Row],[Täckning '[mm']]]&Table127[[#This Row],[Formisolering '[mm']]]&Table127[[#This Row],[OK<17 Timamr]]&Table127[[#This Row],[Kommentar]] -> -------Når ej 6 MPa
A13: - | B13: - | C13: - | D13: - | E13: - | F13: - | G13: - | H13: 10 | I13: 2 | L13: Når ej 6 MPa | M13: =Table127[[#This Row],[Slaggmängd]]&Table127[[#This Row],[Gjuttemperatur]]&Table127[[#This Row],[Temperatur motgjutningsyta]]&Table127[[#This Row],[Värmekabel]]&Table127[[#This Row],[Antal värmekablar]]&Table127[[#This Row],[Täckning '[mm']]]&Table127[[#This Row],[Formisolering '[mm']]]&Table127[[#This Row],[OK<17 Timamr]]&Table127[[#This Row],[Kommentar]] -> -------Når ej 6 MPa
A14: - | B14: - | C14: - | D14: - | E14: - | F14: - | G14: - | H14: 10 | I14: 7 | L14: Når ej 6 MPa | M14: =Table127[[#This Row],[Slaggmängd]]&Table127[[#This Row],[Gjuttemperatur]]&Table127[[#This Row],[Temperatur motgjutningsyta]]&Table127[[#This Row],[Värmekabel]]&Table127[[#This Row],[Antal värmekablar]]&Table127[[#This Row],[Täckning '[mm']]]&Table127[[#This Row],[Formisolering '[mm']]]&Table127[[#This Row],[OK<17 Timamr]]&Table127[[#This Row],[Kommentar]] -> -------Når ej 6 MPa
A15: - | B15: - | C15: - | D15: - | E15: - | F15: - | G15: - | H15: 10 | I15: 12 | L15: Når ej 6 MPa | M15: =Table127[[#This Row],[Slaggmängd]]&Table127[[#This Row],[Gjuttemperatur]]&Table127[[#This Row],[Temperatur motgjutningsyta]]&Table127[[#This Row],[Värmekabel]]&Table127[[#This Row],[Antal värmekablar]]&Table127[[#This Row],[Täckning '[mm']]]&Table127[[#This Row],[Formisolering '[mm']]]&Table127[[#This Row],[OK<17 Timamr]]&Table127[[#This Row],[Kommentar]] -> -------Når ej 6 MPa
A16: - | B16: - | C16: - | D16: - | E16: - | F16: - | G16: - | H16: 10 | I16: 20 | L16: Når ej 6 MPa | M16: =Table127[[#This Row],[Slaggmängd]]&Table127[[#This Row],[Gjuttemperatur]]&Table127[[#This Row],[Temperatur motgjutningsyta]]&Table127[[#This Row],[Värmekabel]]&Table127[[#This Row],[Antal värmekablar]]&Table127[[#This Row],[Täckning '[mm']]]&Table127[[#This Row],[Formisolering '[mm']]]&Table127[[#This Row],[OK<17 Timamr]]&Table127[[#This Row],[Kommentar]] -> -------Når ej 6 MPa
A17: 0.1 | B17: 20 | C17: 5 | D17: 40 | E17: 3 | F17: 10 | G17: Plywood 12-19 cellplast 50 | H17: 5 | I17: 0 | J17: 17 | K17: OK17 | M17: =Table127[[#This Row],[Slaggmängd]]&Table127[[#This Row],[Gjuttemperatur]]&Table127[[#This Row],[Temperatur motgjutningsyta]]&Table127[[#This Row],[Värmekabel]]&Table127[[#This Row],[Antal värmekablar]]&Table127[[#This Row],[Täckning '[mm']]]&Table127[[#This Row],[Formisolering '[mm']]]&Table127[[#This Row],[OK<17 Timamr]]&Table127[[#This Row],[Kommentar]] -> 0,120540310Plywood 12-19 cellplast 50OK17
A18: 0.1 | B18: 20 | C18: 5 | D18: 40 | E18: 3 | F18: 10 | G18: Plywood 12-19 cellplast 70 | H18: 5 | I18: 2 | J18: 17 | K18: OK17 | M18: =Table127[[#This Row],[Slaggmängd]]&Table127[[#This Row],[Gjuttemperatur]]&Table127[[#This Row],[Temperatur motgjutningsyta]]&Table127[[#This Row],[Värmekabel]]&Table127[[#This Row],[Antal värmekablar]]&Table127[[#This Row],[Täckning '[mm']]]&Table127[[#This Row],[Formisolering '[mm']]]&Table127[[#This Row],[OK<17 Timamr]]&Table127[[#This Row],[Kommentar]] -> 0,120540310Plywood 12-19 cellplast 70OK17
A19: Bas+0% | B19: 20 | C19: 5 | D19: 40 | E19: 1 | F19: 10 | G19: Plywood 12-19 cellplast 50 | H19: 5 | I19: 7 | J19: 16.9 | K19: OK17 | M19: =Table127[[#This Row],[Slaggmängd]]&Table127[[#This Row],[Gjuttemperatur]]&Table127[[#This Row],[Temperatur motgjutningsyta]]&Table127[[#This Row],[Värmekabel]]&Table127[[#This Row],[Antal värmekablar]]&Table127[[#This Row],[Täckning '[mm']]]&Table127[[#This Row],[Formisolering '[mm']]]&Table127[[#This Row],[OK<17 Timamr]]&Table127[[#This Row],[Kommentar]] -> Bas+0%20540110Plywood 12-19 cellplast 50OK17
A20: Bas+0% | B20: 20 | C20: 5 | D20: 40 | E20: 1 | F20: 10 | G20: Plywood 12-19 cellplast 70 | H20: 5 | I20: 12 | J20: 16.9 | K20: OK17 | M20: =Table127[[#This Row],[Slaggmängd]]&Table127[[#This Row],[Gjuttemperatur]]&Table127[[#This Row],[Temperatur motgjutningsyta]]&Table127[[#This Row],[Värmekabel]]&Table127[[#This Row],[Antal värmekablar]]&Table127[[#This Row],[Täckning '[mm']]]&Table127[[#This Row],[Formisolering '[mm']]]&Table127[[#This Row],[OK<17 Timamr]]&Table127[[#This Row],[Kommentar]] -> Bas+0%20540110Plywood 12-19 cellplast 70OK17
A21: Bas+0% | B21: 20 | C21: 5 | D21: 40 | E21: 1 | F21: 10 | G21: Plywood 12-19 cellplast 100 | H21: 5 | I21: 20 | J21: 17 | K21: OK17 | M21: =Table127[[#This Row],[Slaggmängd]]&Table127[[#This Row],[Gjuttemperatur]]&Table127[[#This Row],[Temperatur motgjutningsyta]]&Table127[[#This Row],[Värmekabel]]&Table127[[#This Row],[Antal värmekablar]]&Table127[[#This Row],[Täckning '[mm']]]&Table127[[#This Row],[Formisolering '[mm']]]&Table127[[#This Row],[OK<17 Timamr]]&Table127[[#This Row],[Kommentar]] -> Bas+0%20540110Plywood 12-19 cellplast 100OK17
A22: 0.1 | B22: 20 | C22: 5 | D22: 40 | E22: 3 | F22: 10 | G22: Plywood 12-19 cellplast 70 | H22: 0 | I22: 0 | J22: 17 | K22: OK17 | M22: =Table127[[#This Row],[Slaggmängd]]&Table127[[#This Row],[Gjuttemperatur]]&Table127[[#This Row],[Temperatur motgjutningsyta]]&Table127[[#This Row],[Värmekabel]]&Table127[[#This Row],[Antal värmekablar]]&Table127[[#This Row],[Täckning '[mm']]]&Table127[[#This Row],[Formisolering '[mm']]]&Table127[[#This Row],[OK<17 Timamr]]&Table127[[#This Row],[Kommentar]] -> 0,120540310Plywood 12-19 cellplast 70OK17
A23: Bas+0% | B23: 20 | C23: 5 | D23: 40 | E23: 1 | F23: 10 | G23: Plywood 12-19 cellplast 120 | H23: 0 | I23: 2 | J23: 17 | K23: OK17 | M23: =Table127[[#This Row],[Slaggmängd]]&Table127[[#This Row],[Gjuttemperatur]]&Table127[[#This Row],[Temperatur motgjutningsyta]]&Table127[[#This Row],[Värmekabel]]&Table127[[#This Row],[Antal värmekablar]]&Table127[[#This Row],[Täckning '[mm']]]&Table127[[#This Row],[Formisolering '[mm']]]&Table127[[#This Row],[OK<17 Timamr]]&Table127[[#This Row],[Kommentar]] -> Bas+0%20540110Plywood 12-19 cellplast 120OK17
A24: Bas+0% | B24: 20 | C24: 5 | D24: 40 | E24: 2 | F24: 10 | G24: Plywood 12-19 cellplast 70 | H24: 0 | I24: 7 | J24: 16.8 | K24: OK17 | M24: =Table127[[#This Row],[Slaggmängd]]&Table127[[#This Row],[Gjuttemperatur]]&Table127[[#This Row],[Temperatur motgjutningsyta]]&Table127[[#This Row],[Värmekabel]]&Table127[[#This Row],[Antal värmekablar]]&Table127[[#This Row],[Täckning '[mm']]]&Table127[[#This Row],[Formisolering '[mm']]]&Table127[[#This Row],[OK<17 Timamr]]&Table127[[#This Row],[Kommentar]] -> Bas+0%20540210Plywood 12-19 cellplast 70OK17
A25: Bas+0% | B25: 20 | C25: 5 | D25: 40 | E25: 2 | F25: 10 | G25: Plywood 12-19 cellplast 120 | H25: 0 | I25: 12 | J25: 17 | K25: OK17 | M25: =Table127[[#This Row],[Slaggmängd]]&Table127[[#This Row],[Gjuttemperatur]]&Table127[[#This Row],[Temperatur motgjutningsyta]]&Table127[[#This Row],[Värmekabel]]&Table127[[#This Row],[Antal värmekablar]]&Table127[[#This Row],[Täckning '[mm']]]&Table127[[#This Row],[Formisolering '[mm']]]&Table127[[#This Row],[OK<17 Timamr]]&Table127[[#This Row],[Kommentar]] -> Bas+0%20540210Plywood 12-19 cellplast 120OK17
A26: - | B26: - | C26: - | D26: - | E26: - | F26: - | G26: - | H26: 0 | I26: 20 | L26: Når ej 6 MPa | M26: =Table127[[#This Row],[Slaggmängd]]&Table127[[#This Row],[Gjuttemperatur]]&Table127[[#This Row],[Temperatur motgjutningsyta]]&Table127[[#This Row],[Värmekabel]]&Table127[[#This Row],[Antal värmekablar]]&Table127[[#This Row],[Täckning '[mm']]]&Table127[[#This Row],[Formisolering '[mm']]]&Table127[[#This Row],[OK<17 Timamr]]&Table127[[#This Row],[Kommentar]] -> -------Når ej 6 MPa
A27: Bas+0% | B27: 20 | C27: 5 | D27: 40 | E27: 1 | F27: 10 | G27: Plywood 12-19 cellplast 100 | H27: -5 | I27: 0 | J27: 17 | K27: OK17 | M27: =Table127[[#This Row],[Slaggmängd]]&Table127[[#This Row],[Gjuttemperatur]]&Table127[[#This Row],[Temperatur motgjutningsyta]]&Table127[[#This Row],[Värmekabel]]&Table127[[#This Row],[Antal värmekablar]]&Table127[[#This Row],[Täckning '[mm']]]&Table127[[#This Row],[Formisolering '[mm']]]&Table127[[#This Row],[OK<17 Timamr]]&Table127[[#This Row],[Kommentar]] -> Bas+0%20540110Plywood 12-19 cellplast 100OK17
A28: Bas+0% | B28: 20 | C28: 5 | D28: 40 | E28: 2 | F28: 10 | G28: Plywood 12-19 cellplast 70 | H28: -5 | I28: 2 | J28: 16.8 | K28: OK17 | M28: =Table127[[#This Row],[Slaggmängd]]&Table127[[#This Row],[Gjuttemperatur]]&Table127[[#This Row],[Temperatur motgjutningsyta]]&Table127[[#This Row],[Värmekabel]]&Table127[[#This Row],[Antal värmekablar]]&Table127[[#This Row],[Täckning '[mm']]]&Table127[[#This Row],[Formisolering '[mm']]]&Table127[[#This Row],[OK<17 Timamr]]&Table127[[#This Row],[Kommentar]] -> Bas+0%20540210Plywood 12-19 cellplast 70OK17
A29: - | B29: - | C29: - | D29: - | E29: - | F29: - | G29: - | H29: -5 | I29: 7 | L29: Når ej 6 MPa | M29: =Table127[[#This Row],[Slaggmängd]]&Table127[[#This Row],[Gjuttemperatur]]&Table127[[#This Row],[Temperatur motgjutningsyta]]&Table127[[#This Row],[Värmekabel]]&Table127[[#This Row],[Antal värmekablar]]&Table127[[#This Row],[Täckning '[mm']]]&Table127[[#This Row],[Formisolering '[mm']]]&Table127[[#This Row],[OK<17 Timamr]]&Table127[[#This Row],[Kommentar]] -> -------Når ej 6 MPa
A30: - | B30: - | C30: - | D30: - | E30: - | F30: - | G30: - | H30: -5 | I30: 12 | L30: Når ej 6 MPa | M30: =Table127[[#This Row],[Slaggmängd]]&Table127[[#This Row],[Gjuttemperatur]]&Table127[[#This Row],[Temperatur motgjutningsyta]]&Table127[[#This Row],[Värmekabel]]&Table127[[#This Row],[Antal värmekablar]]&Table127[[#This Row],[Täckning '[mm']]]&Table127[[#This Row],[Formisolering '[mm']]]&Table127[[#This Row],[OK<17 Timamr]]&Table127[[#This Row],[Kommentar]] -> -------Når ej 6 MPa
A31: - | B31: - | C31: - | D31: - | E31: - | F31: - | G31: - | H31: -5 | I31: 20 | L31: Fryser innan täck | M31: =Table127[[#This Row],[Slaggmängd]]&Table127[[#This Row],[Gjuttemperatur]]&Table127[[#This Row],[Temperatur motgjutningsyta]]&Table127[[#This Row],[Värmekabel]]&Table127[[#This Row],[Antal värmekablar]]&Table127[[#This Row],[Täckning '[mm']]]&Table127[[#This Row],[Formisolering '[mm']]]&Table127[[#This Row],[OK<17 Timamr]]&Table127[[#This Row],[Kommentar]] -> -------Fryser innan täck
A32: Bas+0% | B32: 20 | C32: 5 | D32: 40 | E32: 2 | F32: 10 | G32: Plywood 12-19 cellplast 50 | H32: -10 | I32: 0 | J32: 16.7 | K32: OK17 | M32: =Table127[[#This Row],[Slaggmängd]]&Table127[[#This Row],[Gjuttemperatur]]&Table127[[#This Row],[Temperatur motgjutningsyta]]&Table127[[#This Row],[Värmekabel]]&Table127[[#This Row],[Antal värmekablar]]&Table127[[#This Row],[Täckning '[mm']]]&Table127[[#This Row],[Formisolering '[mm']]]&Table127[[#This Row],[OK<17 Timamr]]&Table127[[#This Row],[Kommentar]] -> Bas+0%20540210Plywood 12-19 cellplast 50OK17
A33: Bas+0% | B33: 20 | C33: 5 | D33: 40 | E33: 3 | F33: 10 | G33: Plywood 12-19 cellplast 120 | H33: -10 | I33: 2 | J33: 16.9 | K33: OK17 | M33: =Table127[[#This Row],[Slaggmängd]]&Table127[[#This Row],[Gjuttemperatur]]&Table127[[#This Row],[Temperatur motgjutningsyta]]&Table127[[#This Row],[Värmekabel]]&Table127[[#This Row],[Antal värmekablar]]&Table127[[#This Row],[Täckning '[mm']]]&Table127[[#This Row],[Formisolering '[mm']]]&Table127[[#This Row],[OK<17 Timamr]]&Table127[[#This Row],[Kommentar]] -> Bas+0%20540310Plywood 12-19 cellplast 120OK17
A34: - | B34: - | C34: - | D34: - | E34: - | F34: - | G34: - | H34: -10 | I34: 7 | L34: Når ej 6 MPa | M34: =Table127[[#This Row],[Slaggmängd]]&Table127[[#This Row],[Gjuttemperatur]]&Table127[[#This Row],[Temperatur motgjutningsyta]]&Table127[[#This Row],[Värmekabel]]&Table127[[#This Row],[Antal värmekablar]]&Table127[[#This Row],[Täckning '[mm']]]&Table127[[#This Row],[Formisolering '[mm']]]&Table127[[#This Row],[OK<17 Timamr]]&Table127[[#This Row],[Kommentar]] -> -------Når ej 6 MPa
A35: - | B35: - | C35: - | D35: - | E35: - | F35: - | G35: - | H35: -10 | I35: 12 | L35: Fryser innan täck | M35: =Table127[[#This Row],[Slaggmängd]]&Table127[[#This Row],[Gjuttemperatur]]&Table127[[#This Row],[Temperatur motgjutningsyta]]&Table127[[#This Row],[Värmekabel]]&Table127[[#This Row],[Antal värmekablar]]&Table127[[#This Row],[Täckning '[mm']]]&Table127[[#This Row],[Formisolering '[mm']]]&Table127[[#This Row],[OK<17 Timamr]]&Table127[[#This Row],[Kommentar]] -> -------Fryser innan täck
A36: - | B36: - | C36: - | D36: - | E36: - | F36: - | G36: - | H36: -10 | I36: 20 | L36: Fryser innan täck | M36: =Table127[[#This Row],[Slaggmängd]]&Table127[[#This Row],[Gjuttemperatur]]&Table127[[#This Row],[Temperatur motgjutningsyta]]&Table127[[#This Row],[Värmekabel]]&Table127[[#This Row],[Antal värmekablar]]&Table127[[#This Row],[Täckning '[mm']]]&Table127[[#This Row],[Formisolering '[mm']]]&Table127[[#This Row],[OK<17 Timamr]]&Table127[[#This Row],[Kommentar]] -> -------Fryser innan täck
A37: - | B37: - | C37: - | D37: - | E37: - | F37: - | G37: - | H37: -15 | I37: 0 | L37: Når ej 6 MPa | M37: =Table127[[#This Row],[Slaggmängd]]&Table127[[#This Row],[Gjuttemperatur]]&Table127[[#This Row],[Temperatur motgjutningsyta]]&Table127[[#This Row],[Värmekabel]]&Table127[[#This Row],[Antal värmekablar]]&Table127[[#This Row],[Täckning '[mm']]]&Table127[[#This Row],[Formisolering '[mm']]]&Table127[[#This Row],[OK<17 Timamr]]&Table127[[#This Row],[Kommentar]] -> -------Når ej 6 MPa
A38: - | B38: - | C38: - | D38: - | E38: - | F38: - | G38: - | H38: -15 | I38: 2 | L38: Når ej 6 MPa | M38: =Table127[[#This Row],[Slaggmängd]]&Table127[[#This Row],[Gjuttemperatur]]&Table127[[#This Row],[Temperatur motgjutningsyta]]&Table127[[#This Row],[Värmekabel]]&Table127[[#This Row],[Antal värmekablar]]&Table127[[#This Row],[Täckning '[mm']]]&Table127[[#This Row],[Formisolering '[mm']]]&Table127[[#This Row],[OK<17 Timamr]]&Table127[[#This Row],[Kommentar]] -> -------Når ej 6 MPa
A39: - | B39: - | C39: - | D39: - | E39: - | F39: - | G39: - | H39: -15 | I39: 7 | L39: Fryser innan täck | M39: =Table127[[#This Row],[Slaggmängd]]&Table127[[#This Row],[Gjuttemperatur]]&Table127[[#This Row],[Temperatur motgjutningsyta]]&Table127[[#This Row],[Värmekabel]]&Table127[[#This Row],[Antal värmekablar]]&Table127[[#This Row],[Täckning '[mm']]]&Table127[[#This Row],[Formisolering '[mm']]]&Table127[[#This Row],[OK<17 Timamr]]&Table127[[#This Row],[Kommentar]] -> -------Fryser innan täck
A40: - | B40: - | C40: - | D40: - | E40: - | F40: - | G40: - | H40: -15 | I40: 12 | L40: Fryser innan täck | M40: =Table127[[#This Row],[Slaggmängd]]&Table127[[#This Row],[Gjuttemperatur]]&Table127[[#This Row],[Temperatur motgjutningsyta]]&Table127[[#This Row],[Värmekabel]]&Table127[[#This Row],[Antal värmekablar]]&Table127[[#This Row],[Täckning '[mm']]]&Table127[[#This Row],[Formisolering '[mm']]]&Table127[[#This Row],[OK<17 Timamr]]&Table127[[#This Row],[Kommentar]] -> -------Fryser innan täck
A41: - | B41: - | C41: - | D41: - | E41: - | F41: - | G41: - | H41: -15 | I41: 20 | L41: Fryser innan täck | M41: =Table127[[#This Row],[Slaggmängd]]&Table127[[#This Row],[Gjuttemperatur]]&Table127[[#This Row],[Temperatur motgjutningsyta]]&Table127[[#This Row],[Värmekabel]]&Table127[[#This Row],[Antal värmekablar]]&Table127[[#This Row],[Täckning '[mm']]]&Table127[[#This Row],[Formisolering '[mm']]]&Table127[[#This Row],[OK<17 Timamr]]&Table127[[#This Row],[Kommentar]] -> -------Fryser innan täck
A42: - | B42: - | C42: - | D42: - | E42: - | F42: - | G42: - | H42: -20 | I42: 0 | L42: Når ej 6 MPa | M42: =Table127[[#This Row],[Slaggmängd]]&Table127[[#This Row],[Gjuttemperatur]]&Table127[[#This Row],[Temperatur motgjutningsyta]]&Table127[[#This Row],[Värmekabel]]&Table127[[#This Row],[Antal värmekablar]]&Table127[[#This Row],[Täckning '[mm']]]&Table127[[#This Row],[Formisolering '[mm']]]&Table127[[#This Row],[OK<17 Timamr]]&Table127[[#This Row],[Kommentar]] -> -------Når ej 6 MPa
A43: - | B43: - | C43: - | D43: - | E43: - | F43: - | G43: - | H43: -20 | I43: 2 | L43: Fryser innan täck | M43: =Table127[[#This Row],[Slaggmängd]]&Table127[[#This Row],[Gjuttemperatur]]&Table127[[#This Row],[Temperatur motgjutningsyta]]&Table127[[#This Row],[Värmekabel]]&Table127[[#This Row],[Antal värmekablar]]&Table127[[#This Row],[Täckning '[mm']]]&Table127[[#This Row],[Formisolering '[mm']]]&Table127[[#This Row],[OK<17 Timamr]]&Table127[[#This Row],[Kommentar]] -> -------Fryser innan täck
A44: - | B44: - | C44: - | D44: - | E44: - | F44: - | G44: - | H44: -20 | I44: 7 | L44: Fryser innan täck | M44: =Table127[[#This Row],[Slaggmängd]]&Table127[[#This Row],[Gjuttemperatur]]&Table127[[#This Row],[Temperatur motgjutningsyta]]&Table127[[#This Row],[Värmekabel]]&Table127[[#This Row],[Antal värmekablar]]&Table127[[#This Row],[Täckning '[mm']]]&Table127[[#This Row],[Formisolering '[mm']]]&Table127[[#This Row],[OK<17 Timamr]]&Table127[[#This Row],[Kommentar]] -> -------Fryser innan täck
A45: - | B45: - | C45: - | D45: - | E45: - | F45: - | G45: - | H45: -20 | I45: 12 | L45: Fryser innan täck | M45: =Table127[[#This Row],[Slaggmängd]]&Table127[[#This Row],[Gjuttemperatur]]&Table127[[#This Row],[Temperatur motgjutningsyta]]&Table127[[#This Row],[Värmekabel]]&Table127[[#This Row],[Antal värmekablar]]&Table127[[#This Row],[Täckning '[mm']]]&Table127[[#This Row],[Formisolering '[mm']]]&Table127[[#This Row],[OK<17 Timamr]]&Table127[[#This Row],[Kommentar]] -> -------Fryser innan täck
A46: - | B46: - | C46: - | D46: - | E46: - | F46: - | G46: - | H46: -20 | I46: 20 | L46: Fryser innan täck | M46: =Table127[[#This Row],[Slaggmängd]]&Table127[[#This Row],[Gjuttemperatur]]&Table127[[#This Row],[Temperatur motgjutningsyta]]&Table127[[#This Row],[Värmekabel]]&Table127[[#This Row],[Antal värmekablar]]&Table127[[#This Row],[Täckning '[mm']]]&Table127[[#This Row],[Formisolering '[mm']]]&Table127[[#This Row],[OK<17 Timamr]]&Table127[[#This Row],[Kommentar]] -> -------Fryser innan täck

Sheet Bjälklag (C28-35)
A1: Slaggmängd | B1: Gjuttemperatur | C1: Temperatur motgjutningsyta | D1: Värmekabel | E1: Antal värmekablar | F1: Täckning [mm] | G1: Formisolering [mm] | H1: Temperatur | I1: Vind | J1: <17 Timmar och >6 Mpa | K1: OK<17 Timamr | L1: Kommentar | M1: Åtgärdskåd
A2: 0.1 | B2: 15 | C2: 20 | D2: - | E2: - | F2: - | G2: Plywood 15, oisolerat | H2: 20 | I2: 0 | J2: 15.3 | K2: OK17 | M2: =Table128[[#This Row],[Slaggmängd]]&Table128[[#This Row],[Gjuttemperatur]]&Table128[[#This Row],[Temperatur motgjutningsyta]]&Table128[[#This Row],[Värmekabel]]&Table128[[#This Row],[Antal värmekablar]]&Table128[[#This Row],[Täckning '[mm']]]&Table128[[#This Row],[Formisolering '[mm']]]&Table128[[#This Row],[OK<17 Timamr]]&Table128[[#This Row],[Kommentar]] -> 0,11520---Plywood 15, oisoleratOK17
A3: 0.1 | B3: 15 | C3: 20 | D3: - | E3: - | F3: - | G3: Plywood 15, oisolerat | H3: 20 | I3: 2 | J3: 15.3 | K3: OK17 | M3: =Table128[[#This Row],[Slaggmängd]]&Table128[[#This Row],[Gjuttemperatur]]&Table128[[#This Row],[Temperatur motgjutningsyta]]&Table128[[#This Row],[Värmekabel]]&Table128[[#This Row],[Antal värmekablar]]&Table128[[#This Row],[Täckning '[mm']]]&Table128[[#This Row],[Formisolering '[mm']]]&Table128[[#This Row],[OK<17 Timamr]]&Table128[[#This Row],[Kommentar]] -> 0,11520---Plywood 15, oisoleratOK17
A4: 0.1 | B4: 15 | C4: 20 | D4: - | E4: - | F4: - | G4: Plywood 15, oisolerat | H4: 20 | I4: 7 | J4: 15.3 | K4: OK17 | M4: =Table128[[#This Row],[Slaggmängd]]&Table128[[#This Row],[Gjuttemperatur]]&Table128[[#This Row],[Temperatur motgjutningsyta]]&Table128[[#This Row],[Värmekabel]]&Table128[[#This Row],[Antal värmekablar]]&Table128[[#This Row],[Täckning '[mm']]]&Table128[[#This Row],[Formisolering '[mm']]]&Table128[[#This Row],[OK<17 Timamr]]&Table128[[#This Row],[Kommentar]] -> 0,11520---Plywood 15, oisoleratOK17
A5: 0.1 | B5: 15 | C5: 20 | D5: - | E5: - | F5: - | G5: Plywood 15, oisolerat | H5: 20 | I5: 12 | J5: 15.3 | K5: OK17 | M5: =Table128[[#This Row],[Slaggmängd]]&Table128[[#This Row],[Gjuttemperatur]]&Table128[[#This Row],[Temperatur motgjutningsyta]]&Table128[[#This Row],[Värmekabel]]&Table128[[#This Row],[Antal värmekablar]]&Table128[[#This Row],[Täckning '[mm']]]&Table128[[#This Row],[Formisolering '[mm']]]&Table128[[#This Row],[OK<17 Timamr]]&Table128[[#This Row],[Kommentar]] -> 0,11520---Plywood 15, oisoleratOK17
A6: 0.1 | B6: 15 | C6: 20 | D6: - | E6: - | F6: - | G6: Plywood 15, oisolerat | H6: 20 | I6: 20 | J6: 15.3 | K6: OK17 | M6: =Table128[[#This Row],[Slaggmängd]]&Table128[[#This Row],[Gjuttemperatur]]&Table128[[#This Row],[Temperatur motgjutningsyta]]&Table128[[#This Row],[Värmekabel]]&Table128[[#This Row],[Antal värmekablar]]&Table128[[#This Row],[Täckning '[mm']]]&Table128[[#This Row],[Formisolering '[mm']]]&Table128[[#This Row],[OK<17 Timamr]]&Table128[[#This Row],[Kommentar]] -> 0,11520---Plywood 15, oisoleratOK17
A7: Bas+0% | B7: 15 | C7: 15 | D7: - | E7: - | F7: - | G7: Plywood 15, oisolerat | H7: 15 | I7: 0 | J7: 15.7 | K7: OK17 | M7: =Table128[[#This Row],[Slaggmängd]]&Table128[[#This Row],[Gjuttemperatur]]&Table128[[#This Row],[Temperatur motgjutningsyta]]&Table128[[#This Row],[Värmekabel]]&Table128[[#This Row],[Antal värmekablar]]&Table128[[#This Row],[Täckning '[mm']]]&Table128[[#This Row],[Formisolering '[mm']]]&Table128[[#This Row],[OK<17 Timamr]]&Table128[[#This Row],[Kommentar]] -> Bas+0%1515---Plywood 15, oisoleratOK17
A8: Bas+0% | B8: 15 | C8: 15 | D8: - | E8: - | F8: - | G8: Plywood 15, oisolerat | H8: 15 | I8: 2 | J8: 15.9 | K8: OK17 | M8: =Table128[[#This Row],[Slaggmängd]]&Table128[[#This Row],[Gjuttemperatur]]&Table128[[#This Row],[Temperatur motgjutningsyta]]&Table128[[#This Row],[Värmekabel]]&Table128[[#This Row],[Antal värmekablar]]&Table128[[#This Row],[Täckning '[mm']]]&Table128[[#This Row],[Formisolering '[mm']]]&Table128[[#This Row],[OK<17 Timamr]]&Table128[[#This Row],[Kommentar]] -> Bas+0%1515---Plywood 15, oisoleratOK17
A9: Bas+0% | B9: 15 | C9: 15 | D9: - | E9: - | F9: - | G9: Plywood 15, oisolerat | H9: 15 | I9: 7 | J9: 16 | K9: OK17 | M9: =Table128[[#This Row],[Slaggmängd]]&Table128[[#This Row],[Gjuttemperatur]]&Table128[[#This Row],[Temperatur motgjutningsyta]]&Table128[[#This Row],[Värmekabel]]&Table128[[#This Row],[Antal värmekablar]]&Table128[[#This Row],[Täckning '[mm']]]&Table128[[#This Row],[Formisolering '[mm']]]&Table128[[#This Row],[OK<17 Timamr]]&Table128[[#This Row],[Kommentar]] -> Bas+0%1515---Plywood 15, oisoleratOK17
A10: Bas+0% | B10: 15 | C10: 15 | D10: - | E10: - | F10: - | G10: Plywood 15, oisolerat | H10: 15 | I10: 12 | J10: 16.1 | K10: OK17 | M10: =Table128[[#This Row],[Slaggmängd]]&Table128[[#This Row],[Gjuttemperatur]]&Table128[[#This Row],[Temperatur motgjutningsyta]]&Table128[[#This Row],[Värmekabel]]&Table128[[#This Row],[Antal värmekablar]]&Table128[[#This Row],[Täckning '[mm']]]&Table128[[#This Row],[Formisolering '[mm']]]&Table128[[#This Row],[OK<17 Timamr]]&Table128[[#This Row],[Kommentar]] -> Bas+0%1515---Plywood 15, oisoleratOK17
A11: Bas+0% | B11: 15 | C11: 15 | D11: - | E11: - | F11: - | G11: Plywood 15, oisolerat | H11: 15 | I11: 20 | J11: 16.1 | K11: OK17 | M11: =Table128[[#This Row],[Slaggmängd]]&Table128[[#This Row],[Gjuttemperatur]]&Table128[[#This Row],[Temperatur motgjutningsyta]]&Table128[[#This Row],[Värmekabel]]&Table128[[#This Row],[Antal värmekablar]]&Table128[[#This Row],[Täckning '[mm']]]&Table128[[#This Row],[Formisolering '[mm']]]&Table128[[#This Row],[OK<17 Timamr]]&Table128[[#This Row],[Kommentar]] -> Bas+0%1515---Plywood 15, oisoleratOK17
A12: - | B12: - | C12: - | D12: - | E12: - | F12: - | G12: - | H12: 10 | I12: 0 | L12: Når ej 6 MPa | M12: =Table128[[#This Row],[Slaggmängd]]&Table128[[#This Row],[Gjuttemperatur]]&Table128[[#This Row],[Temperatur motgjutningsyta]]&Table128[[#This Row],[Värmekabel]]&Table128[[#This Row],[Antal värmekablar]]&Table128[[#This Row],[Täckning '[mm']]]&Table128[[#This Row],[Formisolering '[mm']]]&Table128[[#This Row],[OK<17 Timamr]]&Table128[[#This Row],[Kommentar]] -> -------Når ej 6 MPa
A13: - | B13: - | C13: - | D13: - | E13: - | F13: - | G13: - | H13: 10 | I13: 2 | L13: Når ej 6 MPa | M13: =Table128[[#This Row],[Slaggmängd]]&Table128[[#This Row],[Gjuttemperatur]]&Table128[[#This Row],[Temperatur motgjutningsyta]]&Table128[[#This Row],[Värmekabel]]&Table128[[#This Row],[Antal värmekablar]]&Table128[[#This Row],[Täckning '[mm']]]&Table128[[#This Row],[Formisolering '[mm']]]&Table128[[#This Row],[OK<17 Timamr]]&Table128[[#This Row],[Kommentar]] -> -------Når ej 6 MPa
A14: - | B14: - | C14: - | D14: - | E14: - | F14: - | G14: - | H14: 10 | I14: 7 | L14: Når ej 6 MPa | M14: =Table128[[#This Row],[Slaggmängd]]&Table128[[#This Row],[Gjuttemperatur]]&Table128[[#This Row],[Temperatur motgjutningsyta]]&Table128[[#This Row],[Värmekabel]]&Table128[[#This Row],[Antal värmekablar]]&Table128[[#This Row],[Täckning '[mm']]]&Table128[[#This Row],[Formisolering '[mm']]]&Table128[[#This Row],[OK<17 Timamr]]&Table128[[#This Row],[Kommentar]] -> -------Når ej 6 MPa
A15: - | B15: - | C15: - | D15: - | E15: - | F15: - | G15: - | H15: 10 | I15: 12 | L15: Når ej 6 MPa | M15: =Table128[[#This Row],[Slaggmängd]]&Table128[[#This Row],[Gjuttemperatur]]&Table128[[#This Row],[Temperatur motgjutningsyta]]&Table128[[#This Row],[Värmekabel]]&Table128[[#This Row],[Antal värmekablar]]&Table128[[#This Row],[Täckning '[mm']]]&Table128[[#This Row],[Formisolering '[mm']]]&Table128[[#This Row],[OK<17 Timamr]]&Table128[[#This Row],[Kommentar]] -> -------Når ej 6 MPa
A16: - | B16: - | C16: - | D16: - | E16: - | F16: - | G16: - | H16: 10 | I16: 20 | L16: Når ej 6 MPa | M16: =Table128[[#This Row],[Slaggmängd]]&Table128[[#This Row],[Gjuttemperatur]]&Table128[[#This Row],[Temperatur motgjutningsyta]]&Table128[[#This Row],[Värmekabel]]&Table128[[#This Row],[Antal värmekablar]]&Table128[[#This Row],[Täckning '[mm']]]&Table128[[#This Row],[Formisolering '[mm']]]&Table128[[#This Row],[OK<17 Timamr]]&Table128[[#This Row],[Kommentar]] -> -------Når ej 6 MPa
A17: 0.2 | B17: 20 | C17: 5 | D17: 40 | E17: 2 | F17: - | G17: Plywood 12-19 cellplast 100 | H17: 5 | I17: 0 | J17: 17 | K17: OK17 | M17: =Table128[[#This Row],[Slaggmängd]]&Table128[[#This Row],[Gjuttemperatur]]&Table128[[#This Row],[Temperatur motgjutningsyta]]&Table128[[#This Row],[Värmekabel]]&Table128[[#This Row],[Antal värmekablar]]&Table128[[#This Row],[Täckning '[mm']]]&Table128[[#This Row],[Formisolering '[mm']]]&Table128[[#This Row],[OK<17 Timamr]]&Table128[[#This Row],[Kommentar]] -> 0,2205402-Plywood 12-19 cellplast 100OK17
A18: 0.2 | B18: 20 | C18: 5 | D18: 40 | E18: 3 | F18: 10 | G18: Plywood 12-19 cellplast 120 | H18: 5 | I18: 2 | J18: 17 | K18: OK17 | M18: =Table128[[#This Row],[Slaggmängd]]&Table128[[#This Row],[Gjuttemperatur]]&Table128[[#This Row],[Temperatur motgjutningsyta]]&Table128[[#This Row],[Värmekabel]]&Table128[[#This Row],[Antal värmekablar]]&Table128[[#This Row],[Täckning '[mm']]]&Table128[[#This Row],[Formisolering '[mm']]]&Table128[[#This Row],[OK<17 Timamr]]&Table128[[#This Row],[Kommentar]] -> 0,220540310Plywood 12-19 cellplast 120OK17
A19: 0.1 | B19: 20 | C19: 5 | D19: 40 | E19: 1 | F19: 10 | G19: Plywood 12-19 cellplast 50 | H19: 5 | I19: 7 | J19: 16.9 | K19: OK17 | M19: =Table128[[#This Row],[Slaggmängd]]&Table128[[#This Row],[Gjuttemperatur]]&Table128[[#This Row],[Temperatur motgjutningsyta]]&Table128[[#This Row],[Värmekabel]]&Table128[[#This Row],[Antal värmekablar]]&Table128[[#This Row],[Täckning '[mm']]]&Table128[[#This Row],[Formisolering '[mm']]]&Table128[[#This Row],[OK<17 Timamr]]&Table128[[#This Row],[Kommentar]] -> 0,120540110Plywood 12-19 cellplast 50OK17
A20: 0.1 | B20: 20 | C20: 5 | D20: 40 | E20: 1 | F20: 10 | G20: Plywood 12-19 cellplast 70 | H20: 5 | I20: 12 | J20: 16.9 | K20: OK17 | M20: =Table128[[#This Row],[Slaggmängd]]&Table128[[#This Row],[Gjuttemperatur]]&Table128[[#This Row],[Temperatur motgjutningsyta]]&Table128[[#This Row],[Värmekabel]]&Table128[[#This Row],[Antal värmekablar]]&Table128[[#This Row],[Täckning '[mm']]]&Table128[[#This Row],[Formisolering '[mm']]]&Table128[[#This Row],[OK<17 Timamr]]&Table128[[#This Row],[Kommentar]] -> 0,120540110Plywood 12-19 cellplast 70OK17
A21: 0.1 | B21: 20 | C21: 5 | D21: 40 | E21: 1 | F21: 10 | G21: Plywood 12-19 cellplast 100 | H21: 5 | I21: 20 | J21: 17 | K21: OK17 | M21: =Table128[[#This Row],[Slaggmängd]]&Table128[[#This Row],[Gjuttemperatur]]&Table128[[#This Row],[Temperatur motgjutningsyta]]&Table128[[#This Row],[Värmekabel]]&Table128[[#This Row],[Antal värmekablar]]&Table128[[#This Row],[Täckning '[mm']]]&Table128[[#This Row],[Formisolering '[mm']]]&Table128[[#This Row],[OK<17 Timamr]]&Table128[[#This Row],[Kommentar]] -> 0,120540110Plywood 12-19 cellplast 100OK17
A22: 0.2 | B22: 20 | C22: 5 | D22: 40 | E22: 3 | F22: 10 | G22: Plywood 12-19 cellplast 100 | H22: 0 | I22: 0 | J22: 16.9 | K22: OK17 | M22: =Table128[[#This Row],[Slaggmängd]]&Table128[[#This Row],[Gjuttemperatur]]&Table128[[#This Row],[Temperatur motgjutningsyta]]&Table128[[#This Row],[Värmekabel]]&Table128[[#This Row],[Antal värmekablar]]&Table128[[#This Row],[Täckning '[mm']]]&Table128[[#This Row],[Formisolering '[mm']]]&Table128[[#This Row],[OK<17 Timamr]]&Table128[[#This Row],[Kommentar]] -> 0,220540310Plywood 12-19 cellplast 100OK17
A23: 0.1 | B23: 20 | C23: 5 | D23: 40 | E23: 1 | F23: 10 | G23: Plywood 12-19 cellplast 100 | H23: 0 | I23: 2 | J23: 16.8 | K23: OK17 | M23: =Table128[[#This Row],[Slaggmängd]]&Table128[[#This Row],[Gjuttemperatur]]&Table128[[#This Row],[Temperatur motgjutningsyta]]&Table128[[#This Row],[Värmekabel]]&Table128[[#This Row],[Antal värmekablar]]&Table128[[#This Row],[Täckning '[mm']]]&Table128[[#This Row],[Formisolering '[mm']]]&Table128[[#This Row],[OK<17 Timamr]]&Table128[[#This Row],[Kommentar]] -> 0,120540110Plywood 12-19 cellplast 100OK17
A24: 0.1 | B24: 20 | C24: 5 | D24: 40 | E24: 2 | F24: 10 | G24: Plywood 12-19 cellplast 50 | H24: 0 | I24: 7 | J24: 16.8 | K24: OK17 | M24: =Table128[[#This Row],[Slaggmängd]]&Table128[[#This Row],[Gjuttemperatur]]&Table128[[#This Row],[Temperatur motgjutningsyta]]&Table128[[#This Row],[Värmekabel]]&Table128[[#This Row],[Antal värmekablar]]&Table128[[#This Row],[Täckning '[mm']]]&Table128[[#This Row],[Formisolering '[mm']]]&Table128[[#This Row],[OK<17 Timamr]]&Table128[[#This Row],[Kommentar]] -> 0,120540210Plywood 12-19 cellplast 50OK17
A25: 0.1 | B25: 20 | C25: 5 | D25: 40 | E25: 2 | F25: 10 | G25: Plywood 12-19 cellplast 100 | H25: 0 | I25: 12 | J25: 16.6 | K25: OK17 | M25: =Table128[[#This Row],[Slaggmängd]]&Table128[[#This Row],[Gjuttemperatur]]&Table128[[#This Row],[Temperatur motgjutningsyta]]&Table128[[#This Row],[Värmekabel]]&Table128[[#This Row],[Antal värmekablar]]&Table128[[#This Row],[Täckning '[mm']]]&Table128[[#This Row],[Formisolering '[mm']]]&Table128[[#This Row],[OK<17 Timamr]]&Table128[[#This Row],[Kommentar]] -> 0,120540210Plywood 12-19 cellplast 100OK17
A26: 0.1 | B26: 20 | C26: 5 | D26: 40 | E26: 2 | F26: 10 | G26: Plywood 12-19 cellplast 120 | H26: 0 | I26: 20 | J26: 17 | K26: OK17 | M26: =Table128[[#This Row],[Slaggmängd]]&Table128[[#This Row],[Gjuttemperatur]]&Table128[[#This Row],[Temperatur motgjutningsyta]]&Table128[[#This Row],[Värmekabel]]&Table128[[#This Row],[Antal värmekablar]]&Table128[[#This Row],[Täckning '[mm']]]&Table128[[#This Row],[Formisolering '[mm']]]&Table128[[#This Row],[OK<17 Timamr]]&Table128[[#This Row],[Kommentar]] -> 0,120540210Plywood 12-19 cellplast 120OK17
A27: 0.1 | B27: 20 | C27: 5 | D27: 40 | E27: 1 | F27: 10 | G27: Plywood 12-19 cellplast 100 | H27: -5 | I27: 0 | J27: 16.7 | K27: OK17 | M27: =Table128[[#This Row],[Slaggmängd]]&Table128[[#This Row],[Gjuttemperatur]]&Table128[[#This Row],[Temperatur motgjutningsyta]]&Table128[[#This Row],[Värmekabel]]&Table128[[#This Row],[Antal värmekablar]]&Table128[[#This Row],[Täckning '[mm']]]&Table128[[#This Row],[Formisolering '[mm']]]&Table128[[#This Row],[OK<17 Timamr]]&Table128[[#This Row],[Kommentar]] -> 0,120540110Plywood 12-19 cellplast 100OK17
A28: 0.1 | B28: 20 | C28: 5 | D28: 40 | E28: 2 | F28: 10 | G28: Plywood 12-19 cellplast 50 | H28: -5 | I28: 2 | J28: 16.8 | K28: OK17 | M28: =Table128[[#This Row],[Slaggmängd]]&Table128[[#This Row],[Gjuttemperatur]]&Table128[[#This Row],[Temperatur motgjutningsyta]]&Table128[[#This Row],[Värmekabel]]&Table128[[#This Row],[Antal värmekablar]]&Table128[[#This Row],[Täckning '[mm']]]&Table128[[#This Row],[Formisolering '[mm']]]&Table128[[#This Row],[OK<17 Timamr]]&Table128[[#This Row],[Kommentar]] -> 0,120540210Plywood 12-19 cellplast 50OK17
A29: Bas+0% | B29: 20 | C29: 5 | D29: 40 | E29: 1 | F29: 10 | G29: Plywood 12-19 cellplast 100 | H29: -5 | I29: 7 | J29: 16.7 | K29: OK17 | M29: =Table128[[#This Row],[Slaggmängd]]&Table128[[#This Row],[Gjuttemperatur]]&Table128[[#This Row],[Temperatur motgjutningsyta]]&Table128[[#This Row],[Värmekabel]]&Table128[[#This Row],[Antal värmekablar]]&Table128[[#This Row],[Täckning '[mm']]]&Table128[[#This Row],[Formisolering '[mm']]]&Table128[[#This Row],[OK<17 Timamr]]&Table128[[#This Row],[Kommentar]] -> Bas+0%20540110Plywood 12-19 cellplast 100OK17
A30: Bas+0% | B30: 20 | C30: 5 | D30: 40 | E30: 2 | F30: 10 | G30: Plywood 12-19 cellplast 50 | H30: -5 | I30: 12 | J30: 16.8 | K30: OK17 | M30: =Table128[[#This Row],[Slaggmängd]]&Table128[[#This Row],[Gjuttemperatur]]&Table128[[#This Row],[Temperatur motgjutningsyta]]&Table128[[#This Row],[Värmekabel]]&Table128[[#This Row],[Antal värmekablar]]&Table128[[#This Row],[Täckning '[mm']]]&Table128[[#This Row],[Formisolering '[mm']]]&Table128[[#This Row],[OK<17 Timamr]]&Table128[[#This Row],[Kommentar]] -> Bas+0%20540210Plywood 12-19 cellplast 50OK17
A31: - | B31: - | C31: - | D31: - | E31: - | F31: - | G31: - | H31: -5 | I31: 20 | L31: Fryser innan täck | M31: =Table128[[#This Row],[Slaggmängd]]&Table128[[#This Row],[Gjuttemperatur]]&Table128[[#This Row],[Temperatur motgjutningsyta]]&Table128[[#This Row],[Värmekabel]]&Table128[[#This Row],[Antal värmekablar]]&Table128[[#This Row],[Täckning '[mm']]]&Table128[[#This Row],[Formisolering '[mm']]]&Table128[[#This Row],[OK<17 Timamr]]&Table128[[#This Row],[Kommentar]] -> -------Fryser innan täck
A32: 0.1 | B32: 20 | C32: 5 | D32: 40 | E32: 2 | F32: 10 | G32: Plywood 12-19 cellplast 50 | H32: -10 | I32: 0 | J32: 16.4 | K32: OK17 | M32: =Table128[[#This Row],[Slaggmängd]]&Table128[[#This Row],[Gjuttemperatur]]&Table128[[#This Row],[Temperatur motgjutningsyta]]&Table128[[#This Row],[Värmekabel]]&Table128[[#This Row],[Antal värmekablar]]&Table128[[#This Row],[Täckning '[mm']]]&Table128[[#This Row],[Formisolering '[mm']]]&Table128[[#This Row],[OK<17 Timamr]]&Table128[[#This Row],[Kommentar]] -> 0,120540210Plywood 12-19 cellplast 50OK17
A33: 0.1 | B33: 20 | C33: 5 | D33: 40 | E33: 3 | F33: 10 | G33: Plywood 12-19 cellplast 100 | H33: -10 | I33: 2 | J33: 16.8 | K33: OK17 | M33: =Table128[[#This Row],[Slaggmängd]]&Table128[[#This Row],[Gjuttemperatur]]&Table128[[#This Row],[Temperatur motgjutningsyta]]&Table128[[#This Row],[Värmekabel]]&Table128[[#This Row],[Antal värmekablar]]&Table128[[#This Row],[Täckning '[mm']]]&Table128[[#This Row],[Formisolering '[mm']]]&Table128[[#This Row],[OK<17 Timamr]]&Table128[[#This Row],[Kommentar]] -> 0,120540310Plywood 12-19 cellplast 100OK17
A34: Bas+0% | B34: 20 | C34: 5 | D34: 40 | E34: 2 | F34: 10 | G34: Plywood 12-19 cellplast 70 | H34: -10 | I34: 7 | J34: 17 | K34: OK17 | M34: =Table128[[#This Row],[Slaggmängd]]&Table128[[#This Row],[Gjuttemperatur]]&Table128[[#This Row],[Temperatur motgjutningsyta]]&Table128[[#This Row],[Värmekabel]]&Table128[[#This Row],[Antal värmekablar]]&Table128[[#This Row],[Täckning '[mm']]]&Table128[[#This Row],[Formisolering '[mm']]]&Table128[[#This Row],[OK<17 Timamr]]&Table128[[#This Row],[Kommentar]] -> Bas+0%20540210Plywood 12-19 cellplast 70OK17
A35: - | B35: - | C35: - | D35: - | E35: - | F35: - | G35: - | H35: -10 | I35: 12 | L35: Fryser innan täck | M35: =Table128[[#This Row],[Slaggmängd]]&Table128[[#This Row],[Gjuttemperatur]]&Table128[[#This Row],[Temperatur motgjutningsyta]]&Table128[[#This Row],[Värmekabel]]&Table128[[#This Row],[Antal värmekablar]]&Table128[[#This Row],[Täckning '[mm']]]&Table128[[#This Row],[Formisolering '[mm']]]&Table128[[#This Row],[OK<17 Timamr]]&Table128[[#This Row],[Kommentar]] -> -------Fryser innan täck
A36: - | B36: - | C36: - | D36: - | E36: - | F36: - | G36: - | H36: -10 | I36: 20 | L36: Fryser innan täck | M36: =Table128[[#This Row],[Slaggmängd]]&Table128[[#This Row],[Gjuttemperatur]]&Table128[[#This Row],[Temperatur motgjutningsyta]]&Table128[[#This Row],[Värmekabel]]&Table128[[#This Row],[Antal värmekablar]]&Table128[[#This Row],[Täckning '[mm']]]&Table128[[#This Row],[Formisolering '[mm']]]&Table128[[#This Row],[OK<17 Timamr]]&Table128[[#This Row],[Kommentar]] -> -------Fryser innan täck
A37: Bas+0% | B37: 15 | C37: 5 | D37: 40 | E37: 3 | F37: 50 | G37: Plywood 12-19 cellplast 70 | H37: -15 | I37: 0 | J37: 17 | K37: OK17 | M37: =Table128[[#This Row],[Slaggmängd]]&Table128[[#This Row],[Gjuttemperatur]]&Table128[[#This Row],[Temperatur motgjutningsyta]]&Table128[[#This Row],[Värmekabel]]&Table128[[#This Row],[Antal värmekablar]]&Table128[[#This Row],[Täckning '[mm']]]&Table128[[#This Row],[Formisolering '[mm']]]&Table128[[#This Row],[OK<17 Timamr]]&Table128[[#This Row],[Kommentar]] -> Bas+0%15540350Plywood 12-19 cellplast 70OK17
A38: - | B38: - | C38: - | D38: - | E38: - | F38: - | G38: - | H38: -15 | I38: 2 | L38: Når ej 6 MPa | M38: =Table128[[#This Row],[Slaggmängd]]&Table128[[#This Row],[Gjuttemperatur]]&Table128[[#This Row],[Temperatur motgjutningsyta]]&Table128[[#This Row],[Värmekabel]]&Table128[[#This Row],[Antal värmekablar]]&Table128[[#This Row],[Täckning '[mm']]]&Table128[[#This Row],[Formisolering '[mm']]]&Table128[[#This Row],[OK<17 Timamr]]&Table128[[#This Row],[Kommentar]] -> -------Når ej 6 MPa
A39: - | B39: - | C39: - | D39: - | E39: - | F39: - | G39: - | H39: -15 | I39: 7 | L39: Fryser innan täck | M39: =Table128[[#This Row],[Slaggmängd]]&Table128[[#This Row],[Gjuttemperatur]]&Table128[[#This Row],[Temperatur motgjutningsyta]]&Table128[[#This Row],[Värmekabel]]&Table128[[#This Row],[Antal värmekablar]]&Table128[[#This Row],[Täckning '[mm']]]&Table128[[#This Row],[Formisolering '[mm']]]&Table128[[#This Row],[OK<17 Timamr]]&Table128[[#This Row],[Kommentar]] -> -------Fryser innan täck
A40: - | B40: - | C40: - | D40: - | E40: - | F40: - | G40: - | H40: -15 | I40: 12 | L40: Fryser innan täck | M40: =Table128[[#This Row],[Slaggmängd]]&Table128[[#This Row],[Gjuttemperatur]]&Table128[[#This Row],[Temperatur motgjutningsyta]]&Table128[[#This Row],[Värmekabel]]&Table128[[#This Row],[Antal värmekablar]]&Table128[[#This Row],[Täckning '[mm']]]&Table128[[#This Row],[Formisolering '[mm']]]&Table128[[#This Row],[OK<17 Timamr]]&Table128[[#This Row],[Kommentar]] -> -------Fryser innan täck
A41: - | B41: - | C41: - | D41: - | E41: - | F41: - | G41: - | H41: -15 | I41: 20 | L41: Fryser innan täck | M41: =Table128[[#This Row],[Slaggmängd]]&Table128[[#This Row],[Gjuttemperatur]]&Table128[[#This Row],[Temperatur motgjutningsyta]]&Table128[[#This Row],[Värmekabel]]&Table128[[#This Row],[Antal värmekablar]]&Table128[[#This Row],[Täckning '[mm']]]&Table128[[#This Row],[Formisolering '[mm']]]&Table128[[#This Row],[OK<17 Timamr]]&Table128[[#This Row],[Kommentar]] -> -------Fryser innan täck
A42: - | B42: - | C42: - | D42: - | E42: - | F42: - | G42: - | H42: -20 | I42: 0 | L42: Når ej 6 MPa | M42: =Table128[[#This Row],[Slaggmängd]]&Table128[[#This Row],[Gjuttemperatur]]&Table128[[#This Row],[Temperatur motgjutningsyta]]&Table128[[#This Row],[Värmekabel]]&Table128[[#This Row],[Antal värmekablar]]&Table128[[#This Row],[Täckning '[mm']]]&Table128[[#This Row],[Formisolering '[mm']]]&Table128[[#This Row],[OK<17 Timamr]]&Table128[[#This Row],[Kommentar]] -> -------Når ej 6 MPa
A43: - | B43: - | C43: - | D43: - | E43: - | F43: - | G43: - | H43: -20 | I43: 2 | L43: Fryser innan täck | M43: =Table128[[#This Row],[Slaggmängd]]&Table128[[#This Row],[Gjuttemperatur]]&Table128[[#This Row],[Temperatur motgjutningsyta]]&Table128[[#This Row],[Värmekabel]]&Table128[[#This Row],[Antal värmekablar]]&Table128[[#This Row],[Täckning '[mm']]]&Table128[[#This Row],[Formisolering '[mm']]]&Table128[[#This Row],[OK<17 Timamr]]&Table128[[#This Row],[Kommentar]] -> -------Fryser innan täck
A44: - | B44: - | C44: - | D44: - | E44: - | F44: - | G44: - | H44: -20 | I44: 7 | L44: Fryser innan täck | M44: =Table128[[#This Row],[Slaggmängd]]&Table128[[#This Row],[Gjuttemperatur]]&Table128[[#This Row],[Temperatur motgjutningsyta]]&Table128[[#This Row],[Värmekabel]]&Table128[[#This Row],[Antal värmekablar]]&Table128[[#This Row],[Täckning '[mm']]]&Table128[[#This Row],[Formisolering '[mm']]]&Table128[[#This Row],[OK<17 Timamr]]&Table128[[#This Row],[Kommentar]] -> -------Fryser innan täck
A45: - | B45: - | C45: - | D45: - | E45: - | F45: - | G45: - | H45: -20 | I45: 12 | L45: Fryser innan täck | M45: =Table128[[#This Row],[Slaggmängd]]&Table128[[#This Row],[Gjuttemperatur]]&Table128[[#This Row],[Temperatur motgjutningsyta]]&Table128[[#This Row],[Värmekabel]]&Table128[[#This Row],[Antal värmekablar]]&Table128[[#This Row],[Täckning '[mm']]]&Table128[[#This Row],[Formisolering '[mm']]]&Table128[[#This Row],[OK<17 Timamr]]&Table128[[#This Row],[Kommentar]] -> -------Fryser innan täck
A46: - | B46: - | C46: - | D46: - | E46: - | F46: - | G46: - | H46: -20 | I46: 20 | L46: Fryser innan täck | M46: =Table128[[#This Row],[Slaggmängd]]&Table128[[#This Row],[Gjuttemperatur]]&Table128[[#This Row],[Temperatur motgjutningsyta]]&Table128[[#This Row],[Värmekabel]]&Table128[[#This Row],[Antal värmekablar]]&Table128[[#This Row],[Täckning '[mm']]]&Table128[[#This Row],[Formisolering '[mm']]]&Table128[[#This Row],[OK<17 Timamr]]&Table128[[#This Row],[Kommentar]] -> -------Fryser innan täck

Sheet Bjälklag (C30-37)
A1: Slaggmängd | B1: Gjuttemperatur | C1: Temperatur motgjutningsyta | D1: Värmekabel | E1: Antal värmekablar | F1: Täckning [mm] | G1: Formisolering [mm] | H1: Temperatur | I1: Vind | J1: <17 Timmar och >6 Mpa | K1: OK<17 Timamr | L1: Kommentar | M1: Åtgärdskåd
A2: 0.2 | B2: 15 | C2: 20 | D2: - | E2: - | F2: - | G2: Plywood 15, oisolerat | H2: 20 | I2: 0 | J2: 16.9 | K2: OK17 | M2: =Table132[[#This Row],[Slaggmängd]]&Table132[[#This Row],[Gjuttemperatur]]&Table132[[#This Row],[Temperatur motgjutningsyta]]&Table132[[#This Row],[Värmekabel]]&Table132[[#This Row],[Antal värmekablar]]&Table132[[#This Row],[Täckning '[mm']]]&Table132[[#This Row],[Formisolering '[mm']]]&Table132[[#This Row],[OK<17 Timamr]]&Table132[[#This Row],[Kommentar]] -> 0,21520---Plywood 15, oisoleratOK17
A3: 0.2 | B3: 15 | C3: 20 | D3: - | E3: - | F3: - | G3: Plywood 15, oisolerat | H3: 20 | I3: 2 | J3: 17 | K3: OK17 | M3: =Table132[[#This Row],[Slaggmängd]]&Table132[[#This Row],[Gjuttemperatur]]&Table132[[#This Row],[Temperatur motgjutningsyta]]&Table132[[#This Row],[Värmekabel]]&Table132[[#This Row],[Antal värmekablar]]&Table132[[#This Row],[Täckning '[mm']]]&Table132[[#This Row],[Formisolering '[mm']]]&Table132[[#This Row],[OK<17 Timamr]]&Table132[[#This Row],[Kommentar]] -> 0,21520---Plywood 15, oisoleratOK17
A4: 0.2 | B4: 15 | C4: 20 | D4: - | E4: - | F4: - | G4: Plywood 15, oisolerat | H4: 20 | I4: 7 | J4: 17 | K4: OK17 | M4: =Table132[[#This Row],[Slaggmängd]]&Table132[[#This Row],[Gjuttemperatur]]&Table132[[#This Row],[Temperatur motgjutningsyta]]&Table132[[#This Row],[Värmekabel]]&Table132[[#This Row],[Antal värmekablar]]&Table132[[#This Row],[Täckning '[mm']]]&Table132[[#This Row],[Formisolering '[mm']]]&Table132[[#This Row],[OK<17 Timamr]]&Table132[[#This Row],[Kommentar]] -> 0,21520---Plywood 15, oisoleratOK17
A5: 0.2 | B5: 15 | C5: 20 | D5: - | E5: - | F5: - | G5: Plywood 15, oisolerat | H5: 20 | I5: 12 | J5: 17 | K5: OK17 | M5: =Table132[[#This Row],[Slaggmängd]]&Table132[[#This Row],[Gjuttemperatur]]&Table132[[#This Row],[Temperatur motgjutningsyta]]&Table132[[#This Row],[Värmekabel]]&Table132[[#This Row],[Antal värmekablar]]&Table132[[#This Row],[Täckning '[mm']]]&Table132[[#This Row],[Formisolering '[mm']]]&Table132[[#This Row],[OK<17 Timamr]]&Table132[[#This Row],[Kommentar]] -> 0,21520---Plywood 15, oisoleratOK17
A6: 0.2 | B6: 15 | C6: 20 | D6: - | E6: - | F6: - | G6: Plywood 15, oisolerat | H6: 20 | I6: 20 | J6: 17 | K6: OK17 | M6: =Table132[[#This Row],[Slaggmängd]]&Table132[[#This Row],[Gjuttemperatur]]&Table132[[#This Row],[Temperatur motgjutningsyta]]&Table132[[#This Row],[Värmekabel]]&Table132[[#This Row],[Antal värmekablar]]&Table132[[#This Row],[Täckning '[mm']]]&Table132[[#This Row],[Formisolering '[mm']]]&Table132[[#This Row],[OK<17 Timamr]]&Table132[[#This Row],[Kommentar]] -> 0,21520---Plywood 15, oisoleratOK17
A7: 0.1 | B7: 15 | C7: 15 | D7: - | E7: - | F7: - | G7: Plywood 15, oisolerat | H7: 15 | I7: 0 | J7: 16.4 | K7: OK17 | M7: =Table132[[#This Row],[Slaggmängd]]&Table132[[#This Row],[Gjuttemperatur]]&Table132[[#This Row],[Temperatur motgjutningsyta]]&Table132[[#This Row],[Värmekabel]]&Table132[[#This Row],[Antal värmekablar]]&Table132[[#This Row],[Täckning '[mm']]]&Table132[[#This Row],[Formisolering '[mm']]]&Table132[[#This Row],[OK<17 Timamr]]&Table132[[#This Row],[Kommentar]] -> 0,11515---Plywood 15, oisoleratOK17
A8: 0.1 | B8: 15 | C8: 15 | D8: - | E8: - | F8: - | G8: Plywood 15, oisolerat | H8: 15 | I8: 2 | J8: 16.6 | K8: OK17 | M8: =Table132[[#This Row],[Slaggmängd]]&Table132[[#This Row],[Gjuttemperatur]]&Table132[[#This Row],[Temperatur motgjutningsyta]]&Table132[[#This Row],[Värmekabel]]&Table132[[#This Row],[Antal värmekablar]]&Table132[[#This Row],[Täckning '[mm']]]&Table132[[#This Row],[Formisolering '[mm']]]&Table132[[#This Row],[OK<17 Timamr]]&Table132[[#This Row],[Kommentar]] -> 0,11515---Plywood 15, oisoleratOK17
A9: 0.1 | B9: 15 | C9: 15 | D9: - | E9: - | F9: - | G9: Plywood 15, oisolerat | H9: 15 | I9: 7 | J9: 16.8 | K9: OK17 | M9: =Table132[[#This Row],[Slaggmängd]]&Table132[[#This Row],[Gjuttemperatur]]&Table132[[#This Row],[Temperatur motgjutningsyta]]&Table132[[#This Row],[Värmekabel]]&Table132[[#This Row],[Antal värmekablar]]&Table132[[#This Row],[Täckning '[mm']]]&Table132[[#This Row],[Formisolering '[mm']]]&Table132[[#This Row],[OK<17 Timamr]]&Table132[[#This Row],[Kommentar]] -> 0,11515---Plywood 15, oisoleratOK17
A10: 0.1 | B10: 15 | C10: 15 | D10: - | E10: - | F10: Presenning | G10: Plywood 15, oisolerat | H10: 15 | I10: 12 | J10: 16.9 | K10: OK17 | M10: =Table132[[#This Row],[Slaggmängd]]&Table132[[#This Row],[Gjuttemperatur]]&Table132[[#This Row],[Temperatur motgjutningsyta]]&Table132[[#This Row],[Värmekabel]]&Table132[[#This Row],[Antal värmekablar]]&Table132[[#This Row],[Täckning '[mm']]]&Table132[[#This Row],[Formisolering '[mm']]]&Table132[[#This Row],[OK<17 Timamr]]&Table132[[#This Row],[Kommentar]] -> 0,11515--PresenningPlywood 15, oisoleratOK17
A11: 0.1 | B11: 15 | C11: 15 | D11: - | E11: - | F11: Presenning | G11: Plywood 15, oisolerat | H11: 15 | I11: 20 | J11: 17 | K11: OK17 | M11: =Table132[[#This Row],[Slaggmängd]]&Table132[[#This Row],[Gjuttemperatur]]&Table132[[#This Row],[Temperatur motgjutningsyta]]&Table132[[#This Row],[Värmekabel]]&Table132[[#This Row],[Antal värmekablar]]&Table132[[#This Row],[Täckning '[mm']]]&Table132[[#This Row],[Formisolering '[mm']]]&Table132[[#This Row],[OK<17 Timamr]]&Table132[[#This Row],[Kommentar]] -> 0,11515--PresenningPlywood 15, oisoleratOK17
A12: - | B12: - | C12: - | D12: - | E12: - | F12: - | G12: - | H12: 10 | I12: 0 | L12: Når ej 6 MPa | M12: =Table132[[#This Row],[Slaggmängd]]&Table132[[#This Row],[Gjuttemperatur]]&Table132[[#This Row],[Temperatur motgjutningsyta]]&Table132[[#This Row],[Värmekabel]]&Table132[[#This Row],[Antal värmekablar]]&Table132[[#This Row],[Täckning '[mm']]]&Table132[[#This Row],[Formisolering '[mm']]]&Table132[[#This Row],[OK<17 Timamr]]&Table132[[#This Row],[Kommentar]] -> -------Når ej 6 MPa
A13: - | B13: - | C13: - | D13: - | E13: - | F13: - | G13: - | H13: 10 | I13: 2 | L13: Når ej 6 MPa | M13: =Table132[[#This Row],[Slaggmängd]]&Table132[[#This Row],[Gjuttemperatur]]&Table132[[#This Row],[Temperatur motgjutningsyta]]&Table132[[#This Row],[Värmekabel]]&Table132[[#This Row],[Antal värmekablar]]&Table132[[#This Row],[Täckning '[mm']]]&Table132[[#This Row],[Formisolering '[mm']]]&Table132[[#This Row],[OK<17 Timamr]]&Table132[[#This Row],[Kommentar]] -> -------Når ej 6 MPa
A14: - | B14: - | C14: - | D14: - | E14: - | F14: - | G14: - | H14: 10 | I14: 7 | L14: Når ej 6 MPa | M14: =Table132[[#This Row],[Slaggmängd]]&Table132[[#This Row],[Gjuttemperatur]]&Table132[[#This Row],[Temperatur motgjutningsyta]]&Table132[[#This Row],[Värmekabel]]&Table132[[#This Row],[Antal värmekablar]]&Table132[[#This Row],[Täckning '[mm']]]&Table132[[#This Row],[Formisolering '[mm']]]&Table132[[#This Row],[OK<17 Timamr]]&Table132[[#This Row],[Kommentar]] -> -------Når ej 6 MPa
A15: - | B15: - | C15: - | D15: - | E15: - | F15: - | G15: - | H15: 10 | I15: 12 | L15: Når ej 6 MPa | M15: =Table132[[#This Row],[Slaggmängd]]&Table132[[#This Row],[Gjuttemperatur]]&Table132[[#This Row],[Temperatur motgjutningsyta]]&Table132[[#This Row],[Värmekabel]]&Table132[[#This Row],[Antal värmekablar]]&Table132[[#This Row],[Täckning '[mm']]]&Table132[[#This Row],[Formisolering '[mm']]]&Table132[[#This Row],[OK<17 Timamr]]&Table132[[#This Row],[Kommentar]] -> -------Når ej 6 MPa
A16: - | B16: - | C16: - | D16: - | E16: - | F16: - | G16: - | H16: 10 | I16: 20 | L16: Når ej 6 MPa | M16: =Table132[[#This Row],[Slaggmängd]]&Table132[[#This Row],[Gjuttemperatur]]&Table132[[#This Row],[Temperatur motgjutningsyta]]&Table132[[#This Row],[Värmekabel]]&Table132[[#This Row],[Antal värmekablar]]&Table132[[#This Row],[Täckning '[mm']]]&Table132[[#This Row],[Formisolering '[mm']]]&Table132[[#This Row],[OK<17 Timamr]]&Table132[[#This Row],[Kommentar]] -> -------Når ej 6 MPa
A17: 0.2 | B17: 20 | C17: 5 | D17: 40 | E17: 2 | F17: Presenning | G17: Plywood 15 cellplast 30 | H17: 5 | I17: 0 | J17: 16.7 | K17: OK17 | M17: =Table132[[#This Row],[Slaggmängd]]&Table132[[#This Row],[Gjuttemperatur]]&Table132[[#This Row],[Temperatur motgjutningsyta]]&Table132[[#This Row],[Värmekabel]]&Table132[[#This Row],[Antal värmekablar]]&Table132[[#This Row],[Täckning '[mm']]]&Table132[[#This Row],[Formisolering '[mm']]]&Table132[[#This Row],[OK<17 Timamr]]&Table132[[#This Row],[Kommentar]] -> 0,2205402PresenningPlywood 15 cellplast 30OK17
A18: 0.2 | B18: 20 | C18: 5 | D18: 40 | E18: 2 | F18: 10 | G18: Plywood 12-19 cellplast 50 | H18: 5 | I18: 2 | J18: 16.7 | K18: OK17 | M18: =Table132[[#This Row],[Slaggmängd]]&Table132[[#This Row],[Gjuttemperatur]]&Table132[[#This Row],[Temperatur motgjutningsyta]]&Table132[[#This Row],[Värmekabel]]&Table132[[#This Row],[Antal värmekablar]]&Table132[[#This Row],[Täckning '[mm']]]&Table132[[#This Row],[Formisolering '[mm']]]&Table132[[#This Row],[OK<17 Timamr]]&Table132[[#This Row],[Kommentar]] -> 0,220540210Plywood 12-19 cellplast 50OK17
A19: 0.2 | B19: 20 | C19: 5 | D19: 40 | E19: 2 | F19: 10 | G19: Plywood 12-19 cellplast 100 | H19: 5 | I19: 7 | J19: 17 | K19: OK17 | M19: =Table132[[#This Row],[Slaggmängd]]&Table132[[#This Row],[Gjuttemperatur]]&Table132[[#This Row],[Temperatur motgjutningsyta]]&Table132[[#This Row],[Värmekabel]]&Table132[[#This Row],[Antal värmekablar]]&Table132[[#This Row],[Täckning '[mm']]]&Table132[[#This Row],[Formisolering '[mm']]]&Table132[[#This Row],[OK<17 Timamr]]&Table132[[#This Row],[Kommentar]] -> 0,220540210Plywood 12-19 cellplast 100OK17
A20: 0.1 | B20: 20 | C20: 5 | D20: 40 | E20: 1 | F20: 10 | G20: Plywood 15 cellplast 30 | H20: 5 | I20: 12 | J20: 16.5 | K20: OK17 | M20: =Table132[[#This Row],[Slaggmängd]]&Table132[[#This Row],[Gjuttemperatur]]&Table132[[#This Row],[Temperatur motgjutningsyta]]&Table132[[#This Row],[Värmekabel]]&Table132[[#This Row],[Antal värmekablar]]&Table132[[#This Row],[Täckning '[mm']]]&Table132[[#This Row],[Formisolering '[mm']]]&Table132[[#This Row],[OK<17 Timamr]]&Table132[[#This Row],[Kommentar]] -> 0,120540110Plywood 15 cellplast 30OK17
A21: 0.1 | B21: 20 | C21: 5 | D21: 40 | E21: 1 | F21: 10 | G21: Plywood 15 cellplast 30 | H21: 5 | I21: 20 | J21: 16.7 | K21: OK17 | M21: =Table132[[#This Row],[Slaggmängd]]&Table132[[#This Row],[Gjuttemperatur]]&Table132[[#This Row],[Temperatur motgjutningsyta]]&Table132[[#This Row],[Värmekabel]]&Table132[[#This Row],[Antal värmekablar]]&Table132[[#This Row],[Täckning '[mm']]]&Table132[[#This Row],[Formisolering '[mm']]]&Table132[[#This Row],[OK<17 Timamr]]&Table132[[#This Row],[Kommentar]] -> 0,120540110Plywood 15 cellplast 30OK17
A22: 0.2 | B22: 20 | C22: 5 | D22: 40 | E22: 2 | F22: 10 | G22: Plywood 12-19 cellplast 70 | H22: 0 | I22: 0 | J22: 16.6 | K22: OK17 | M22: =Table132[[#This Row],[Slaggmängd]]&Table132[[#This Row],[Gjuttemperatur]]&Table132[[#This Row],[Temperatur motgjutningsyta]]&Table132[[#This Row],[Värmekabel]]&Table132[[#This Row],[Antal värmekablar]]&Table132[[#This Row],[Täckning '[mm']]]&Table132[[#This Row],[Formisolering '[mm']]]&Table132[[#This Row],[OK<17 Timamr]]&Table132[[#This Row],[Kommentar]] -> 0,220540210Plywood 12-19 cellplast 70OK17
A23: 0.2 | B23: 20 | C23: 5 | D23: 40 | E23: 3 | F23: 10 | G23: Plywood 12-19 cellplast 70 | H23: 0 | I23: 2 | J23: 17 | K23: OK17 | M23: =Table132[[#This Row],[Slaggmängd]]&Table132[[#This Row],[Gjuttemperatur]]&Table132[[#This Row],[Temperatur motgjutningsyta]]&Table132[[#This Row],[Värmekabel]]&Table132[[#This Row],[Antal värmekablar]]&Table132[[#This Row],[Täckning '[mm']]]&Table132[[#This Row],[Formisolering '[mm']]]&Table132[[#This Row],[OK<17 Timamr]]&Table132[[#This Row],[Kommentar]] -> 0,220540310Plywood 12-19 cellplast 70OK17
A24: 0.1 | B24: 20 | C24: 5 | D24: 40 | E24: 1 | F24: 10 | G24: Plywood 12-19 cellplast 70 | H24: 0 | I24: 7 | J24: 16.7 | K24: OK17 | M24: =Table132[[#This Row],[Slaggmängd]]&Table132[[#This Row],[Gjuttemperatur]]&Table132[[#This Row],[Temperatur motgjutningsyta]]&Table132[[#This Row],[Värmekabel]]&Table132[[#This Row],[Antal värmekablar]]&Table132[[#This Row],[Täckning '[mm']]]&Table132[[#This Row],[Formisolering '[mm']]]&Table132[[#This Row],[OK<17 Timamr]]&Table132[[#This Row],[Kommentar]] -> 0,120540110Plywood 12-19 cellplast 70OK17
A25: 0.1 | B25: 20 | C25: 5 | D25: 40 | E25: 1 | F25: 10 | G25: Plywood 12-19 cellplast 100 | H25: 0 | I25: 12 | J25: 17 | K25: OK17 | M25: =Table132[[#This Row],[Slaggmängd]]&Table132[[#This Row],[Gjuttemperatur]]&Table132[[#This Row],[Temperatur motgjutningsyta]]&Table132[[#This Row],[Värmekabel]]&Table132[[#This Row],[Antal värmekablar]]&Table132[[#This Row],[Täckning '[mm']]]&Table132[[#This Row],[Formisolering '[mm']]]&Table132[[#This Row],[OK<17 Timamr]]&Table132[[#This Row],[Kommentar]] -> 0,120540110Plywood 12-19 cellplast 100OK17
A26: 0.1 | B26: 20 | C26: 5 | D26: 40 | E26: 2 | F26: 10 | G26: Plywood 12-19 cellplast 50 | H26: 0 | I26: 20 | J26: 16.6 | K26: OK17 | M26: =Table132[[#This Row],[Slaggmängd]]&Table132[[#This Row],[Gjuttemperatur]]&Table132[[#This Row],[Temperatur motgjutningsyta]]&Table132[[#This Row],[Värmekabel]]&Table132[[#This Row],[Antal värmekablar]]&Table132[[#This Row],[Täckning '[mm']]]&Table132[[#This Row],[Formisolering '[mm']]]&Table132[[#This Row],[OK<17 Timamr]]&Table132[[#This Row],[Kommentar]] -> 0,120540210Plywood 12-19 cellplast 50OK17
A27: 0.2 | B27: 20 | C27: 5 | D27: 40 | E27: 3 | F27: 10 | G27: Plywood 12-19 cellplast 70 | H27: -5 | I27: 0 | J27: 16.9 | K27: OK17 | M27: =Table132[[#This Row],[Slaggmängd]]&Table132[[#This Row],[Gjuttemperatur]]&Table132[[#This Row],[Temperatur motgjutningsyta]]&Table132[[#This Row],[Värmekabel]]&Table132[[#This Row],[Antal värmekablar]]&Table132[[#This Row],[Täckning '[mm']]]&Table132[[#This Row],[Formisolering '[mm']]]&Table132[[#This Row],[OK<17 Timamr]]&Table132[[#This Row],[Kommentar]] -> 0,220540310Plywood 12-19 cellplast 70OK17
A28: 0.1 | B28: 20 | C28: 5 | D28: 40 | E28: 1 | F28: 10 | G28: Plywood 12-19 cellplast 100 | H28: -5 | I28: 2 | J28: 16.6 | K28: OK17 | M28: =Table132[[#This Row],[Slaggmängd]]&Table132[[#This Row],[Gjuttemperatur]]&Table132[[#This Row],[Temperatur motgjutningsyta]]&Table132[[#This Row],[Värmekabel]]&Table132[[#This Row],[Antal värmekablar]]&Table132[[#This Row],[Täckning '[mm']]]&Table132[[#This Row],[Formisolering '[mm']]]&Table132[[#This Row],[OK<17 Timamr]]&Table132[[#This Row],[Kommentar]] -> 0,120540110Plywood 12-19 cellplast 100OK17
A29: 0.1 | B29: 20 | C29: 5 | D29: 40 | E29: 2 | F29: 10 | G29: Plywood 12-19 cellplast 70 | H29: -5 | I29: 7 | J29: 16.8 | K29: OK17 | M29: =Table132[[#This Row],[Slaggmängd]]&Table132[[#This Row],[Gjuttemperatur]]&Table132[[#This Row],[Temperatur motgjutningsyta]]&Table132[[#This Row],[Värmekabel]]&Table132[[#This Row],[Antal värmekablar]]&Table132[[#This Row],[Täckning '[mm']]]&Table132[[#This Row],[Formisolering '[mm']]]&Table132[[#This Row],[OK<17 Timamr]]&Table132[[#This Row],[Kommentar]] -> 0,120540210Plywood 12-19 cellplast 70OK17
A30: 0.1 | B30: 20 | C30: 5 | D30: 40 | E30: 2 | F30: 10 | G30: Plywood 12-19 cellplast 120 | H30: -5 | I30: 12 | J30: 17 | K30: OK17 | M30: =Table132[[#This Row],[Slaggmängd]]&Table132[[#This Row],[Gjuttemperatur]]&Table132[[#This Row],[Temperatur motgjutningsyta]]&Table132[[#This Row],[Värmekabel]]&Table132[[#This Row],[Antal värmekablar]]&Table132[[#This Row],[Täckning '[mm']]]&Table132[[#This Row],[Formisolering '[mm']]]&Table132[[#This Row],[OK<17 Timamr]]&Table132[[#This Row],[Kommentar]] -> 0,120540210Plywood 12-19 cellplast 120OK17
A31: - | B31: - | C31: - | D31: - | E31: - | F31: - | G31: - | H31: -5 | I31: 20 | L31: Fryser innan täck | M31: =Table132[[#This Row],[Slaggmängd]]&Table132[[#This Row],[Gjuttemperatur]]&Table132[[#This Row],[Temperatur motgjutningsyta]]&Table132[[#This Row],[Värmekabel]]&Table132[[#This Row],[Antal värmekablar]]&Table132[[#This Row],[Täckning '[mm']]]&Table132[[#This Row],[Formisolering '[mm']]]&Table132[[#This Row],[OK<17 Timamr]]&Table132[[#This Row],[Kommentar]] -> -------Fryser innan täck
A32: 0.2 | B32: 20 | C32: 5 | D32: 40 | E32: 3 | F32: 10 | G32: Plywood 12-19 cellplast 100 | H32: -10 | I32: 0 | J32: 17 | K32: OK17 | M32: =Table132[[#This Row],[Slaggmängd]]&Table132[[#This Row],[Gjuttemperatur]]&Table132[[#This Row],[Temperatur motgjutningsyta]]&Table132[[#This Row],[Värmekabel]]&Table132[[#This Row],[Antal värmekablar]]&Table132[[#This Row],[Täckning '[mm']]]&Table132[[#This Row],[Formisolering '[mm']]]&Table132[[#This Row],[OK<17 Timamr]]&Table132[[#This Row],[Kommentar]] -> 0,220540310Plywood 12-19 cellplast 100OK17
A33: 0.1 | B33: 20 | C33: 5 | D33: 40 | E33: 2 | F33: 10 | G33: Plywood 12-19 cellplast 70 | H33: -10 | I33: 2 | J33: 16.7 | K33: OK17 | M33: =Table132[[#This Row],[Slaggmängd]]&Table132[[#This Row],[Gjuttemperatur]]&Table132[[#This Row],[Temperatur motgjutningsyta]]&Table132[[#This Row],[Värmekabel]]&Table132[[#This Row],[Antal värmekablar]]&Table132[[#This Row],[Täckning '[mm']]]&Table132[[#This Row],[Formisolering '[mm']]]&Table132[[#This Row],[OK<17 Timamr]]&Table132[[#This Row],[Kommentar]] -> 0,120540210Plywood 12-19 cellplast 70OK17
A34: Bas+0% | B34: 20 | C34: 5 | D34: 40 | E34: 2 | F34: 10 | G34: Plywood 12-19 cellplast 70 | H34: -10 | I34: 7 | J34: 16.7 | K34: OK17 | M34: =Table132[[#This Row],[Slaggmängd]]&Table132[[#This Row],[Gjuttemperatur]]&Table132[[#This Row],[Temperatur motgjutningsyta]]&Table132[[#This Row],[Värmekabel]]&Table132[[#This Row],[Antal värmekablar]]&Table132[[#This Row],[Täckning '[mm']]]&Table132[[#This Row],[Formisolering '[mm']]]&Table132[[#This Row],[OK<17 Timamr]]&Table132[[#This Row],[Kommentar]] -> Bas+0%20540210Plywood 12-19 cellplast 70OK17
A35: - | B35: - | C35: - | D35: - | E35: - | F35: - | G35: - | H35: -10 | I35: 12 | L35: Fryser innan täck | M35: =Table132[[#This Row],[Slaggmängd]]&Table132[[#This Row],[Gjuttemperatur]]&Table132[[#This Row],[Temperatur motgjutningsyta]]&Table132[[#This Row],[Värmekabel]]&Table132[[#This Row],[Antal värmekablar]]&Table132[[#This Row],[Täckning '[mm']]]&Table132[[#This Row],[Formisolering '[mm']]]&Table132[[#This Row],[OK<17 Timamr]]&Table132[[#This Row],[Kommentar]] -> -------Fryser innan täck
A36: - | B36: - | C36: - | D36: - | E36: - | F36: - | G36: - | H36: -10 | I36: 20 | L36: Fryser innan täck | M36: =Table132[[#This Row],[Slaggmängd]]&Table132[[#This Row],[Gjuttemperatur]]&Table132[[#This Row],[Temperatur motgjutningsyta]]&Table132[[#This Row],[Värmekabel]]&Table132[[#This Row],[Antal värmekablar]]&Table132[[#This Row],[Täckning '[mm']]]&Table132[[#This Row],[Formisolering '[mm']]]&Table132[[#This Row],[OK<17 Timamr]]&Table132[[#This Row],[Kommentar]] -> -------Fryser innan täck
A37: Bas+0% | B37: 15 | C37: 5 | D37: 40 | E37: 2 | F37: 20 | G37: Plywood 12-19 cellplast 100 | H37: -15 | I37: 0 | J37: 16.7 | K37: OK17 | M37: =Table132[[#This Row],[Slaggmängd]]&Table132[[#This Row],[Gjuttemperatur]]&Table132[[#This Row],[Temperatur motgjutningsyta]]&Table132[[#This Row],[Värmekabel]]&Table132[[#This Row],[Antal värmekablar]]&Table132[[#This Row],[Täckning '[mm']]]&Table132[[#This Row],[Formisolering '[mm']]]&Table132[[#This Row],[OK<17 Timamr]]&Table132[[#This Row],[Kommentar]] -> Bas+0%15540220Plywood 12-19 cellplast 100OK17
A38: - | B38: - | C38: - | D38: - | E38: - | F38: - | G38: - | H38: -15 | I38: 2 | L38: Når ej 6 MPa | M38: =Table132[[#This Row],[Slaggmängd]]&Table132[[#This Row],[Gjuttemperatur]]&Table132[[#This Row],[Temperatur motgjutningsyta]]&Table132[[#This Row],[Värmekabel]]&Table132[[#This Row],[Antal värmekablar]]&Table132[[#This Row],[Täckning '[mm']]]&Table132[[#This Row],[Formisolering '[mm']]]&Table132[[#This Row],[OK<17 Timamr]]&Table132[[#This Row],[Kommentar]] -> -------Når ej 6 MPa
A39: - | B39: - | C39: - | D39: - | E39: - | F39: - | G39: - | H39: -15 | I39: 7 | L39: Fryser innan täck | M39: =Table132[[#This Row],[Slaggmängd]]&Table132[[#This Row],[Gjuttemperatur]]&Table132[[#This Row],[Temperatur motgjutningsyta]]&Table132[[#This Row],[Värmekabel]]&Table132[[#This Row],[Antal värmekablar]]&Table132[[#This Row],[Täckning '[mm']]]&Table132[[#This Row],[Formisolering '[mm']]]&Table132[[#This Row],[OK<17 Timamr]]&Table132[[#This Row],[Kommentar]] -> -------Fryser innan täck
A40: - | B40: - | C40: - | D40: - | E40: - | F40: - | G40: - | H40: -15 | I40: 12 | L40: Fryser innan täck | M40: =Table132[[#This Row],[Slaggmängd]]&Table132[[#This Row],[Gjuttemperatur]]&Table132[[#This Row],[Temperatur motgjutningsyta]]&Table132[[#This Row],[Värmekabel]]&Table132[[#This Row],[Antal värmekablar]]&Table132[[#This Row],[Täckning '[mm']]]&Table132[[#This Row],[Formisolering '[mm']]]&Table132[[#This Row],[OK<17 Timamr]]&Table132[[#This Row],[Kommentar]] -> -------Fryser innan täck
A41: - | B41: - | C41: - | D41: - | E41: - | F41: - | G41: - | H41: -15 | I41: 20 | L41: Fryser innan täck | M41: =Table132[[#This Row],[Slaggmängd]]&Table132[[#This Row],[Gjuttemperatur]]&Table132[[#This Row],[Temperatur motgjutningsyta]]&Table132[[#This Row],[Värmekabel]]&Table132[[#This Row],[Antal värmekablar]]&Table132[[#This Row],[Täckning '[mm']]]&Table132[[#This Row],[Formisolering '[mm']]]&Table132[[#This Row],[OK<17 Timamr]]&Table132[[#This Row],[Kommentar]] -> -------Fryser innan täck
A42: - | B42: - | C42: - | D42: - | E42: - | F42: - | G42: - | H42: -20 | I42: 0 | L42: Når ej 6 MPa | M42: =Table132[[#This Row],[Slaggmängd]]&Table132[[#This Row],[Gjuttemperatur]]&Table132[[#This Row],[Temperatur motgjutningsyta]]&Table132[[#This Row],[Värmekabel]]&Table132[[#This Row],[Antal värmekablar]]&Table132[[#This Row],[Täckning '[mm']]]&Table132[[#This Row],[Formisolering '[mm']]]&Table132[[#This Row],[OK<17 Timamr]]&Table132[[#This Row],[Kommentar]] -> -------Når ej 6 MPa
A43: - | B43: - | C43: - | D43: - | E43: - | F43: - | G43: - | H43: -20 | I43: 2 | L43: Fryser innan täck | M43: =Table132[[#This Row],[Slaggmängd]]&Table132[[#This Row],[Gjuttemperatur]]&Table132[[#This Row],[Temperatur motgjutningsyta]]&Table132[[#This Row],[Värmekabel]]&Table132[[#This Row],[Antal värmekablar]]&Table132[[#This Row],[Täckning '[mm']]]&Table132[[#This Row],[Formisolering '[mm']]]&Table132[[#This Row],[OK<17 Timamr]]&Table132[[#This Row],[Kommentar]] -> -------Fryser innan täck
A44: - | B44: - | C44: - | D44: - | E44: - | F44: - | G44: - | H44: -20 | I44: 7 | L44: Fryser innan täck | M44: =Table132[[#This Row],[Slaggmängd]]&Table132[[#This Row],[Gjuttemperatur]]&Table132[[#This Row],[Temperatur motgjutningsyta]]&Table132[[#This Row],[Värmekabel]]&Table132[[#This Row],[Antal värmekablar]]&Table132[[#This Row],[Täckning '[mm']]]&Table132[[#This Row],[Formisolering '[mm']]]&Table132[[#This Row],[OK<17 Timamr]]&Table132[[#This Row],[Kommentar]] -> -------Fryser innan täck
A45: - | B45: - | C45: - | D45: - | E45: - | F45: - | G45: - | H45: -20 | I45: 12 | L45: Fryser innan täck | M45: =Table132[[#This Row],[Slaggmängd]]&Table132[[#This Row],[Gjuttemperatur]]&Table132[[#This Row],[Temperatur motgjutningsyta]]&Table132[[#This Row],[Värmekabel]]&Table132[[#This Row],[Antal värmekablar]]&Table132[[#This Row],[Täckning '[mm']]]&Table132[[#This Row],[Formisolering '[mm']]]&Table132[[#This Row],[OK<17 Timamr]]&Table132[[#This Row],[Kommentar]] -> -------Fryser innan täck
A46: - | B46: - | C46: - | D46: - | E46: - | F46: - | G46: - | H46: -20 | I46: 20 | L46: Fryser innan täck | M46: =Table132[[#This Row],[Slaggmängd]]&Table132[[#This Row],[Gjuttemperatur]]&Table132[[#This Row],[Temperatur motgjutningsyta]]&Table132[[#This Row],[Värmekabel]]&Table132[[#This Row],[Antal värmekablar]]&Table132[[#This Row],[Täckning '[mm']]]&Table132[[#This Row],[Formisolering '[mm']]]&Table132[[#This Row],[OK<17 Timamr]]&Table132[[#This Row],[Kommentar]] -> -------Fryser innan täck

Sheet Bjälklag (C32-40)
A1: Slaggmängd | B1: Gjuttemperatur | C1: Temperatur motgjutningsyta | D1: Värmekabel | E1: Antal värmekablar | F1: Täckning [mm] | G1: Formisolering [mm] | H1: Temperatur | I1: Vind | J1: <17 Timmar och >6 Mpa | K1: OK<17 Timamr | L1: Kommentar | M1: Åtgärdskåd
A2: 0.2 | B2: 15 | C2: 20 | D2: - | E2: - | F2: - | G2: Plywood 15, oisolerat | H2: 20 | I2: 0 | J2: 15.6 | K2: OK17 | M2: =Table129[[#This Row],[Slaggmängd]]&Table129[[#This Row],[Gjuttemperatur]]&Table129[[#This Row],[Temperatur motgjutningsyta]]&Table129[[#This Row],[Värmekabel]]&Table129[[#This Row],[Antal värmekablar]]&Table129[[#This Row],[Täckning '[mm']]]&Table129[[#This Row],[Formisolering '[mm']]]&Table129[[#This Row],[OK<17 Timamr]]&Table129[[#This Row],[Kommentar]] -> 0,21520---Plywood 15, oisoleratOK17
A3: 0.2 | B3: 15 | C3: 20 | D3: - | E3: - | F3: - | G3: Plywood 15, oisolerat | H3: 20 | I3: 2 | J3: 15.6 | K3: OK17 | M3: =Table129[[#This Row],[Slaggmängd]]&Table129[[#This Row],[Gjuttemperatur]]&Table129[[#This Row],[Temperatur motgjutningsyta]]&Table129[[#This Row],[Värmekabel]]&Table129[[#This Row],[Antal värmekablar]]&Table129[[#This Row],[Täckning '[mm']]]&Table129[[#This Row],[Formisolering '[mm']]]&Table129[[#This Row],[OK<17 Timamr]]&Table129[[#This Row],[Kommentar]] -> 0,21520---Plywood 15, oisoleratOK17
A4: 0.2 | B4: 15 | C4: 20 | D4: - | E4: - | F4: - | G4: Plywood 15, oisolerat | H4: 20 | I4: 7 | J4: 15.6 | K4: OK17 | M4: =Table129[[#This Row],[Slaggmängd]]&Table129[[#This Row],[Gjuttemperatur]]&Table129[[#This Row],[Temperatur motgjutningsyta]]&Table129[[#This Row],[Värmekabel]]&Table129[[#This Row],[Antal värmekablar]]&Table129[[#This Row],[Täckning '[mm']]]&Table129[[#This Row],[Formisolering '[mm']]]&Table129[[#This Row],[OK<17 Timamr]]&Table129[[#This Row],[Kommentar]] -> 0,21520---Plywood 15, oisoleratOK17
A5: 0.2 | B5: 15 | C5: 20 | D5: - | E5: - | F5: - | G5: Plywood 15, oisolerat | H5: 20 | I5: 12 | J5: 15.6 | K5: OK17 | M5: =Table129[[#This Row],[Slaggmängd]]&Table129[[#This Row],[Gjuttemperatur]]&Table129[[#This Row],[Temperatur motgjutningsyta]]&Table129[[#This Row],[Värmekabel]]&Table129[[#This Row],[Antal värmekablar]]&Table129[[#This Row],[Täckning '[mm']]]&Table129[[#This Row],[Formisolering '[mm']]]&Table129[[#This Row],[OK<17 Timamr]]&Table129[[#This Row],[Kommentar]] -> 0,21520---Plywood 15, oisoleratOK17
A6: 0.2 | B6: 15 | C6: 20 | D6: - | E6: - | F6: - | G6: Plywood 15, oisolerat | H6: 20 | I6: 20 | J6: 15.6 | K6: OK17 | M6: =Table129[[#This Row],[Slaggmängd]]&Table129[[#This Row],[Gjuttemperatur]]&Table129[[#This Row],[Temperatur motgjutningsyta]]&Table129[[#This Row],[Värmekabel]]&Table129[[#This Row],[Antal värmekablar]]&Table129[[#This Row],[Täckning '[mm']]]&Table129[[#This Row],[Formisolering '[mm']]]&Table129[[#This Row],[OK<17 Timamr]]&Table129[[#This Row],[Kommentar]] -> 0,21520---Plywood 15, oisoleratOK17
A7: 0.1 | B7: 15 | C7: 15 | D7: - | E7: - | F7: - | G7: Plywood 15, oisolerat | H7: 15 | I7: 0 | J7: 15.2 | K7: OK17 | M7: =Table129[[#This Row],[Slaggmängd]]&Table129[[#This Row],[Gjuttemperatur]]&Table129[[#This Row],[Temperatur motgjutningsyta]]&Table129[[#This Row],[Värmekabel]]&Table129[[#This Row],[Antal värmekablar]]&Table129[[#This Row],[Täckning '[mm']]]&Table129[[#This Row],[Formisolering '[mm']]]&Table129[[#This Row],[OK<17 Timamr]]&Table129[[#This Row],[Kommentar]] -> 0,11515---Plywood 15, oisoleratOK17
A8: 0.1 | B8: 15 | C8: 15 | D8: - | E8: - | F8: - | G8: Plywood 15, oisolerat | H8: 15 | I8: 2 | J8: 15.3 | K8: OK17 | M8: =Table129[[#This Row],[Slaggmängd]]&Table129[[#This Row],[Gjuttemperatur]]&Table129[[#This Row],[Temperatur motgjutningsyta]]&Table129[[#This Row],[Värmekabel]]&Table129[[#This Row],[Antal värmekablar]]&Table129[[#This Row],[Täckning '[mm']]]&Table129[[#This Row],[Formisolering '[mm']]]&Table129[[#This Row],[OK<17 Timamr]]&Table129[[#This Row],[Kommentar]] -> 0,11515---Plywood 15, oisoleratOK17
A9: 0.1 | B9: 15 | C9: 15 | D9: - | E9: - | F9: - | G9: Plywood 15, oisolerat | H9: 15 | I9: 7 | J9: 15.5 | K9: OK17 | M9: =Table129[[#This Row],[Slaggmängd]]&Table129[[#This Row],[Gjuttemperatur]]&Table129[[#This Row],[Temperatur motgjutningsyta]]&Table129[[#This Row],[Värmekabel]]&Table129[[#This Row],[Antal värmekablar]]&Table129[[#This Row],[Täckning '[mm']]]&Table129[[#This Row],[Formisolering '[mm']]]&Table129[[#This Row],[OK<17 Timamr]]&Table129[[#This Row],[Kommentar]] -> 0,11515---Plywood 15, oisoleratOK17
A10: 0.1 | B10: 15 | C10: 15 | D10: - | E10: - | F10: - | G10: Plywood 15, oisolerat | H10: 15 | I10: 12 | J10: 15.6 | K10: OK17 | M10: =Table129[[#This Row],[Slaggmängd]]&Table129[[#This Row],[Gjuttemperatur]]&Table129[[#This Row],[Temperatur motgjutningsyta]]&Table129[[#This Row],[Värmekabel]]&Table129[[#This Row],[Antal värmekablar]]&Table129[[#This Row],[Täckning '[mm']]]&Table129[[#This Row],[Formisolering '[mm']]]&Table129[[#This Row],[OK<17 Timamr]]&Table129[[#This Row],[Kommentar]] -> 0,11515---Plywood 15, oisoleratOK17
A11: 0.1 | B11: 15 | C11: 15 | D11: - | E11: - | F11: - | G11: Plywood 15, oisolerat | H11: 15 | I11: 20 | J11: 16.6 | K11: OK17 | M11: =Table129[[#This Row],[Slaggmängd]]&Table129[[#This Row],[Gjuttemperatur]]&Table129[[#This Row],[Temperatur motgjutningsyta]]&Table129[[#This Row],[Värmekabel]]&Table129[[#This Row],[Antal värmekablar]]&Table129[[#This Row],[Täckning '[mm']]]&Table129[[#This Row],[Formisolering '[mm']]]&Table129[[#This Row],[OK<17 Timamr]]&Table129[[#This Row],[Kommentar]] -> 0,11515---Plywood 15, oisoleratOK17
A12: Bas+0% | B12: 15 | C12: 10 | D12: - | E12: - | F12: - | G12: Plywood 15, oisolerat | H12: 10 | I12: 0 | J12: 16.7 | K12: OK17 | M12: =Table129[[#This Row],[Slaggmängd]]&Table129[[#This Row],[Gjuttemperatur]]&Table129[[#This Row],[Temperatur motgjutningsyta]]&Table129[[#This Row],[Värmekabel]]&Table129[[#This Row],[Antal värmekablar]]&Table129[[#This Row],[Täckning '[mm']]]&Table129[[#This Row],[Formisolering '[mm']]]&Table129[[#This Row],[OK<17 Timamr]]&Table129[[#This Row],[Kommentar]] -> Bas+0%1510---Plywood 15, oisoleratOK17
A13: - | B13: - | C13: - | D13: - | E13: - | F13: - | G13: - | H13: 10 | I13: 2 | L13: Når ej 6 MPa | M13: =Table129[[#This Row],[Slaggmängd]]&Table129[[#This Row],[Gjuttemperatur]]&Table129[[#This Row],[Temperatur motgjutningsyta]]&Table129[[#This Row],[Värmekabel]]&Table129[[#This Row],[Antal värmekablar]]&Table129[[#This Row],[Täckning '[mm']]]&Table129[[#This Row],[Formisolering '[mm']]]&Table129[[#This Row],[OK<17 Timamr]]&Table129[[#This Row],[Kommentar]] -> -------Når ej 6 MPa
A14: - | B14: - | C14: - | D14: - | E14: - | F14: - | G14: - | H14: 10 | I14: 7 | L14: Når ej 6 MPa | M14: =Table129[[#This Row],[Slaggmängd]]&Table129[[#This Row],[Gjuttemperatur]]&Table129[[#This Row],[Temperatur motgjutningsyta]]&Table129[[#This Row],[Värmekabel]]&Table129[[#This Row],[Antal värmekablar]]&Table129[[#This Row],[Täckning '[mm']]]&Table129[[#This Row],[Formisolering '[mm']]]&Table129[[#This Row],[OK<17 Timamr]]&Table129[[#This Row],[Kommentar]] -> -------Når ej 6 MPa
A15: - | B15: - | C15: - | D15: - | E15: - | F15: - | G15: - | H15: 10 | I15: 12 | L15: Når ej 6 MPa | M15: =Table129[[#This Row],[Slaggmängd]]&Table129[[#This Row],[Gjuttemperatur]]&Table129[[#This Row],[Temperatur motgjutningsyta]]&Table129[[#This Row],[Värmekabel]]&Table129[[#This Row],[Antal värmekablar]]&Table129[[#This Row],[Täckning '[mm']]]&Table129[[#This Row],[Formisolering '[mm']]]&Table129[[#This Row],[OK<17 Timamr]]&Table129[[#This Row],[Kommentar]] -> -------Når ej 6 MPa
A16: - | B16: - | C16: - | D16: - | E16: - | F16: - | G16: - | H16: 10 | I16: 20 | L16: Når ej 6 MPa | M16: =Table129[[#This Row],[Slaggmängd]]&Table129[[#This Row],[Gjuttemperatur]]&Table129[[#This Row],[Temperatur motgjutningsyta]]&Table129[[#This Row],[Värmekabel]]&Table129[[#This Row],[Antal värmekablar]]&Table129[[#This Row],[Täckning '[mm']]]&Table129[[#This Row],[Formisolering '[mm']]]&Table129[[#This Row],[OK<17 Timamr]]&Table129[[#This Row],[Kommentar]] -> -------Når ej 6 MPa
A17: 0.2 | B17: 20 | C17: 5 | D17: 40 | E17: 1 | F17: - | G17: Plywood 15 cellplast 30 | H17: 5 | I17: 0 | J17: 16.8 | K17: OK17 | M17: =Table129[[#This Row],[Slaggmängd]]&Table129[[#This Row],[Gjuttemperatur]]&Table129[[#This Row],[Temperatur motgjutningsyta]]&Table129[[#This Row],[Värmekabel]]&Table129[[#This Row],[Antal värmekablar]]&Table129[[#This Row],[Täckning '[mm']]]&Table129[[#This Row],[Formisolering '[mm']]]&Table129[[#This Row],[OK<17 Timamr]]&Table129[[#This Row],[Kommentar]] -> 0,2205401-Plywood 15 cellplast 30OK17
A18: 0.2 | B18: 20 | C18: 5 | D18: 40 | E18: 1 | F18: 10 | G18: Plywood 12-19 cellplast 50 | H18: 5 | I18: 2 | J18: 16.6 | K18: OK17 | M18: =Table129[[#This Row],[Slaggmängd]]&Table129[[#This Row],[Gjuttemperatur]]&Table129[[#This Row],[Temperatur motgjutningsyta]]&Table129[[#This Row],[Värmekabel]]&Table129[[#This Row],[Antal värmekablar]]&Table129[[#This Row],[Täckning '[mm']]]&Table129[[#This Row],[Formisolering '[mm']]]&Table129[[#This Row],[OK<17 Timamr]]&Table129[[#This Row],[Kommentar]] -> 0,220540110Plywood 12-19 cellplast 50OK17
A19: 0.2 | B19: 20 | C19: 5 | D19: 40 | E19: 1 | F19: 10 | G19: Plywood 12-19 cellplast 70 | H19: 5 | I19: 7 | J19: 16.8 | K19: OK17 | M19: =Table129[[#This Row],[Slaggmängd]]&Table129[[#This Row],[Gjuttemperatur]]&Table129[[#This Row],[Temperatur motgjutningsyta]]&Table129[[#This Row],[Värmekabel]]&Table129[[#This Row],[Antal värmekablar]]&Table129[[#This Row],[Täckning '[mm']]]&Table129[[#This Row],[Formisolering '[mm']]]&Table129[[#This Row],[OK<17 Timamr]]&Table129[[#This Row],[Kommentar]] -> 0,220540110Plywood 12-19 cellplast 70OK17
A20: 0.2 | B20: 20 | C20: 5 | D20: 40 | E20: 1 | F20: 10 | G20: Plywood 12-19 cellplast 100 | H20: 5 | I20: 12 | J20: 17 | K20: OK17 | M20: =Table129[[#This Row],[Slaggmängd]]&Table129[[#This Row],[Gjuttemperatur]]&Table129[[#This Row],[Temperatur motgjutningsyta]]&Table129[[#This Row],[Värmekabel]]&Table129[[#This Row],[Antal värmekablar]]&Table129[[#This Row],[Täckning '[mm']]]&Table129[[#This Row],[Formisolering '[mm']]]&Table129[[#This Row],[OK<17 Timamr]]&Table129[[#This Row],[Kommentar]] -> 0,220540110Plywood 12-19 cellplast 100OK17
A21: 0.2 | B21: 20 | C21: 5 | D21: 40 | E21: 1 | F21: 10 | G21: Plywood 12-19 cellplast 100 | H21: 5 | I21: 20 | J21: 17 | K21: OK17 | M21: =Table129[[#This Row],[Slaggmängd]]&Table129[[#This Row],[Gjuttemperatur]]&Table129[[#This Row],[Temperatur motgjutningsyta]]&Table129[[#This Row],[Värmekabel]]&Table129[[#This Row],[Antal värmekablar]]&Table129[[#This Row],[Täckning '[mm']]]&Table129[[#This Row],[Formisolering '[mm']]]&Table129[[#This Row],[OK<17 Timamr]]&Table129[[#This Row],[Kommentar]] -> 0,220540110Plywood 12-19 cellplast 100OK17
A22: 0.2 | B22: 20 | C22: 5 | D22: 40 | E22: 1 | F22: Presenning | G22: Plywood 12-19 cellplast 50 | H22: 0 | I22: 0 | J22: 17 | K22: OK17 | M22: =Table129[[#This Row],[Slaggmängd]]&Table129[[#This Row],[Gjuttemperatur]]&Table129[[#This Row],[Temperatur motgjutningsyta]]&Table129[[#This Row],[Värmekabel]]&Table129[[#This Row],[Antal värmekablar]]&Table129[[#This Row],[Täckning '[mm']]]&Table129[[#This Row],[Formisolering '[mm']]]&Table129[[#This Row],[OK<17 Timamr]]&Table129[[#This Row],[Kommentar]] -> 0,2205401PresenningPlywood 12-19 cellplast 50OK17
A23: 0.2 | B23: 20 | C23: 5 | D23: 40 | E23: 2 | F23: 10 | G23: Plywood 15 cellplast 30 | H23: 0 | I23: 2 | J23: 16.8 | K23: OK17 | M23: =Table129[[#This Row],[Slaggmängd]]&Table129[[#This Row],[Gjuttemperatur]]&Table129[[#This Row],[Temperatur motgjutningsyta]]&Table129[[#This Row],[Värmekabel]]&Table129[[#This Row],[Antal värmekablar]]&Table129[[#This Row],[Täckning '[mm']]]&Table129[[#This Row],[Formisolering '[mm']]]&Table129[[#This Row],[OK<17 Timamr]]&Table129[[#This Row],[Kommentar]] -> 0,220540210Plywood 15 cellplast 30OK17
A24: 0.2 | B24: 20 | C24: 5 | D24: 40 | E24: 2 | F24: 10 | G24: Plywood 12-19 cellplast 70 | H24: 0 | I24: 7 | J24: 17 | K24: OK17 | M24: =Table129[[#This Row],[Slaggmängd]]&Table129[[#This Row],[Gjuttemperatur]]&Table129[[#This Row],[Temperatur motgjutningsyta]]&Table129[[#This Row],[Värmekabel]]&Table129[[#This Row],[Antal värmekablar]]&Table129[[#This Row],[Täckning '[mm']]]&Table129[[#This Row],[Formisolering '[mm']]]&Table129[[#This Row],[OK<17 Timamr]]&Table129[[#This Row],[Kommentar]] -> 0,220540210Plywood 12-19 cellplast 70OK17
A25: 0.2 | B25: 20 | C25: 5 | D25: 40 | E25: 3 | F25: 10 | G25: Plywood 12-19 cellplast 100 | H25: 0 | I25: 12 | J25: 16.8 | K25: OK17 | M25: =Table129[[#This Row],[Slaggmängd]]&Table129[[#This Row],[Gjuttemperatur]]&Table129[[#This Row],[Temperatur motgjutningsyta]]&Table129[[#This Row],[Värmekabel]]&Table129[[#This Row],[Antal värmekablar]]&Table129[[#This Row],[Täckning '[mm']]]&Table129[[#This Row],[Formisolering '[mm']]]&Table129[[#This Row],[OK<17 Timamr]]&Table129[[#This Row],[Kommentar]] -> 0,220540310Plywood 12-19 cellplast 100OK17
A26: 0.1 | B26: 20 | C26: 5 | D26: 40 | E26: 1 | F26: 10 | G26: Plywood 15 cellplast 30 | H26: 0 | I26: 20 | J26: 16.9 | K26: OK17 | M26: =Table129[[#This Row],[Slaggmängd]]&Table129[[#This Row],[Gjuttemperatur]]&Table129[[#This Row],[Temperatur motgjutningsyta]]&Table129[[#This Row],[Värmekabel]]&Table129[[#This Row],[Antal värmekablar]]&Table129[[#This Row],[Täckning '[mm']]]&Table129[[#This Row],[Formisolering '[mm']]]&Table129[[#This Row],[OK<17 Timamr]]&Table129[[#This Row],[Kommentar]] -> 0,120540110Plywood 15 cellplast 30OK17
A27: 0.2 | B27: 20 | C27: 5 | D27: 40 | E27: 2 | F27: 10 | G27: Plywood 15 cellplast 30 | H27: -5 | I27: 0 | J27: 16.6 | K27: OK17 | M27: =Table129[[#This Row],[Slaggmängd]]&Table129[[#This Row],[Gjuttemperatur]]&Table129[[#This Row],[Temperatur motgjutningsyta]]&Table129[[#This Row],[Värmekabel]]&Table129[[#This Row],[Antal värmekablar]]&Table129[[#This Row],[Täckning '[mm']]]&Table129[[#This Row],[Formisolering '[mm']]]&Table129[[#This Row],[OK<17 Timamr]]&Table129[[#This Row],[Kommentar]] -> 0,220540210Plywood 15 cellplast 30OK17
A28: 0.2 | B28: 20 | C28: 5 | D28: 40 | E28: 2 | F28: 10 | G28: Plywood 12-19 cellplast 70 | H28: -5 | I28: 2 | J28: 16.9 | K28: OK17 | M28: =Table129[[#This Row],[Slaggmängd]]&Table129[[#This Row],[Gjuttemperatur]]&Table129[[#This Row],[Temperatur motgjutningsyta]]&Table129[[#This Row],[Värmekabel]]&Table129[[#This Row],[Antal värmekablar]]&Table129[[#This Row],[Täckning '[mm']]]&Table129[[#This Row],[Formisolering '[mm']]]&Table129[[#This Row],[OK<17 Timamr]]&Table129[[#This Row],[Kommentar]] -> 0,220540210Plywood 12-19 cellplast 70OK17
A29: 0.1 | B29: 20 | C29: 5 | D29: 40 | E29: 1 | F29: 10 | G29: Plywood 12-19 cellplast 70 | H29: -5 | I29: 7 | J29: 16.7 | K29: OK17 | M29: =Table129[[#This Row],[Slaggmängd]]&Table129[[#This Row],[Gjuttemperatur]]&Table129[[#This Row],[Temperatur motgjutningsyta]]&Table129[[#This Row],[Värmekabel]]&Table129[[#This Row],[Antal värmekablar]]&Table129[[#This Row],[Täckning '[mm']]]&Table129[[#This Row],[Formisolering '[mm']]]&Table129[[#This Row],[OK<17 Timamr]]&Table129[[#This Row],[Kommentar]] -> 0,120540110Plywood 12-19 cellplast 70OK17
A30: 0.1 | B30: 20 | C30: 5 | D30: 40 | E30: 1 | F30: 10 | G30: Plywood 12-19 cellplast 100 | H30: -5 | I30: 12 | J30: 17 | K30: OK17 | M30: =Table129[[#This Row],[Slaggmängd]]&Table129[[#This Row],[Gjuttemperatur]]&Table129[[#This Row],[Temperatur motgjutningsyta]]&Table129[[#This Row],[Värmekabel]]&Table129[[#This Row],[Antal värmekablar]]&Table129[[#This Row],[Täckning '[mm']]]&Table129[[#This Row],[Formisolering '[mm']]]&Table129[[#This Row],[OK<17 Timamr]]&Table129[[#This Row],[Kommentar]] -> 0,120540110Plywood 12-19 cellplast 100OK17
A31: - | B31: - | C31: - | D31: - | E31: - | F31: - | G31: - | H31: -5 | I31: 20 | L31: Fryser innan täck | M31: =Table129[[#This Row],[Slaggmängd]]&Table129[[#This Row],[Gjuttemperatur]]&Table129[[#This Row],[Temperatur motgjutningsyta]]&Table129[[#This Row],[Värmekabel]]&Table129[[#This Row],[Antal värmekablar]]&Table129[[#This Row],[Täckning '[mm']]]&Table129[[#This Row],[Formisolering '[mm']]]&Table129[[#This Row],[OK<17 Timamr]]&Table129[[#This Row],[Kommentar]] -> -------Fryser innan täck
A32: 0.2 | B32: 20 | C32: 5 | D32: 40 | E32: 2 | F32: 10 | G32: Plywood 12-19 cellplast 50 | H32: -10 | I32: 0 | J32: 16.8 | K32: OK17 | M32: =Table129[[#This Row],[Slaggmängd]]&Table129[[#This Row],[Gjuttemperatur]]&Table129[[#This Row],[Temperatur motgjutningsyta]]&Table129[[#This Row],[Värmekabel]]&Table129[[#This Row],[Antal värmekablar]]&Table129[[#This Row],[Täckning '[mm']]]&Table129[[#This Row],[Formisolering '[mm']]]&Table129[[#This Row],[OK<17 Timamr]]&Table129[[#This Row],[Kommentar]] -> 0,220540210Plywood 12-19 cellplast 50OK17
A33: 0.1 | B33: 20 | C33: 5 | D33: 40 | E33: 1 | F33: 10 | G33: Plywood 12-19 cellplast 70 | H33: -10 | I33: 2 | J33: 16.8 | K33: OK17 | M33: =Table129[[#This Row],[Slaggmängd]]&Table129[[#This Row],[Gjuttemperatur]]&Table129[[#This Row],[Temperatur motgjutningsyta]]&Table129[[#This Row],[Värmekabel]]&Table129[[#This Row],[Antal värmekablar]]&Table129[[#This Row],[Täckning '[mm']]]&Table129[[#This Row],[Formisolering '[mm']]]&Table129[[#This Row],[OK<17 Timamr]]&Table129[[#This Row],[Kommentar]] -> 0,120540110Plywood 12-19 cellplast 70OK17
A34: 0.1 | B34: 20 | C34: 5 | D34: 40 | E34: 2 | F34: 10 | G34: Plywood 12-19 cellplast 100 | H34: -10 | I34: 7 | J34: 16.7 | K34: OK17 | M34: =Table129[[#This Row],[Slaggmängd]]&Table129[[#This Row],[Gjuttemperatur]]&Table129[[#This Row],[Temperatur motgjutningsyta]]&Table129[[#This Row],[Värmekabel]]&Table129[[#This Row],[Antal värmekablar]]&Table129[[#This Row],[Täckning '[mm']]]&Table129[[#This Row],[Formisolering '[mm']]]&Table129[[#This Row],[OK<17 Timamr]]&Table129[[#This Row],[Kommentar]] -> 0,120540210Plywood 12-19 cellplast 100OK17
A35: - | B35: - | C35: - | D35: - | E35: - | F35: - | G35: - | H35: -10 | I35: 12 | L35: Fryser innan täck | M35: =Table129[[#This Row],[Slaggmängd]]&Table129[[#This Row],[Gjuttemperatur]]&Table129[[#This Row],[Temperatur motgjutningsyta]]&Table129[[#This Row],[Värmekabel]]&Table129[[#This Row],[Antal värmekablar]]&Table129[[#This Row],[Täckning '[mm']]]&Table129[[#This Row],[Formisolering '[mm']]]&Table129[[#This Row],[OK<17 Timamr]]&Table129[[#This Row],[Kommentar]] -> -------Fryser innan täck
A36: - | B36: - | C36: - | D36: - | E36: - | F36: - | G36: - | H36: -10 | I36: 20 | L36: Fryser innan täck | M36: =Table129[[#This Row],[Slaggmängd]]&Table129[[#This Row],[Gjuttemperatur]]&Table129[[#This Row],[Temperatur motgjutningsyta]]&Table129[[#This Row],[Värmekabel]]&Table129[[#This Row],[Antal värmekablar]]&Table129[[#This Row],[Täckning '[mm']]]&Table129[[#This Row],[Formisolering '[mm']]]&Table129[[#This Row],[OK<17 Timamr]]&Table129[[#This Row],[Kommentar]] -> -------Fryser innan täck
A37: 0.1 | B37: 15 | C37: 5 | D37: 40 | E37: 2 | F37: 20 | G37: Plywood 12-19 cellplast 120 | H37: -15 | I37: 0 | J37: 16.9 | K37: OK17 | M37: =Table129[[#This Row],[Slaggmängd]]&Table129[[#This Row],[Gjuttemperatur]]&Table129[[#This Row],[Temperatur motgjutningsyta]]&Table129[[#This Row],[Värmekabel]]&Table129[[#This Row],[Antal värmekablar]]&Table129[[#This Row],[Täckning '[mm']]]&Table129[[#This Row],[Formisolering '[mm']]]&Table129[[#This Row],[OK<17 Timamr]]&Table129[[#This Row],[Kommentar]] -> 0,115540220Plywood 12-19 cellplast 120OK17
A38: Bas+0% | B38: 15 | C38: 5 | D38: 40 | E38: 3 | F38: 20 | G38: Plywood 12-19 cellplast 120 | H38: -15 | I38: 2 | J38: 17 | K38: OK17 | M38: =Table129[[#This Row],[Slaggmängd]]&Table129[[#This Row],[Gjuttemperatur]]&Table129[[#This Row],[Temperatur motgjutningsyta]]&Table129[[#This Row],[Värmekabel]]&Table129[[#This Row],[Antal värmekablar]]&Table129[[#This Row],[Täckning '[mm']]]&Table129[[#This Row],[Formisolering '[mm']]]&Table129[[#This Row],[OK<17 Timamr]]&Table129[[#This Row],[Kommentar]] -> Bas+0%15540320Plywood 12-19 cellplast 120OK17
A39: - | B39: - | C39: - | D39: - | E39: - | F39: - | G39: - | H39: -15 | I39: 7 | L39: Fryser innan täck | M39: =Table129[[#This Row],[Slaggmängd]]&Table129[[#This Row],[Gjuttemperatur]]&Table129[[#This Row],[Temperatur motgjutningsyta]]&Table129[[#This Row],[Värmekabel]]&Table129[[#This Row],[Antal värmekablar]]&Table129[[#This Row],[Täckning '[mm']]]&Table129[[#This Row],[Formisolering '[mm']]]&Table129[[#This Row],[OK<17 Timamr]]&Table129[[#This Row],[Kommentar]] -> -------Fryser innan täck
A40: - | B40: - | C40: - | D40: - | E40: - | F40: - | G40: - | H40: -15 | I40: 12 | L40: Fryser innan täck | M40: =Table129[[#This Row],[Slaggmängd]]&Table129[[#This Row],[Gjuttemperatur]]&Table129[[#This Row],[Temperatur motgjutningsyta]]&Table129[[#This Row],[Värmekabel]]&Table129[[#This Row],[Antal värmekablar]]&Table129[[#This Row],[Täckning '[mm']]]&Table129[[#This Row],[Formisolering '[mm']]]&Table129[[#This Row],[OK<17 Timamr]]&Table129[[#This Row],[Kommentar]] -> -------Fryser innan täck
A41: - | B41: - | C41: - | D41: - | E41: - | F41: - | G41: - | H41: -15 | I41: 20 | L41: Fryser innan täck | M41: =Table129[[#This Row],[Slaggmängd]]&Table129[[#This Row],[Gjuttemperatur]]&Table129[[#This Row],[Temperatur motgjutningsyta]]&Table129[[#This Row],[Värmekabel]]&Table129[[#This Row],[Antal värmekablar]]&Table129[[#This Row],[Täckning '[mm']]]&Table129[[#This Row],[Formisolering '[mm']]]&Table129[[#This Row],[OK<17 Timamr]]&Table129[[#This Row],[Kommentar]] -> -------Fryser innan täck
A42: - | B42: - | C42: - | D42: - | E42: - | F42: - | G42: - | H42: -20 | I42: 0 | L42: Når ej 6 MPa | M42: =Table129[[#This Row],[Slaggmängd]]&Table129[[#This Row],[Gjuttemperatur]]&Table129[[#This Row],[Temperatur motgjutningsyta]]&Table129[[#This Row],[Värmekabel]]&Table129[[#This Row],[Antal värmekablar]]&Table129[[#This Row],[Täckning '[mm']]]&Table129[[#This Row],[Formisolering '[mm']]]&Table129[[#This Row],[OK<17 Timamr]]&Table129[[#This Row],[Kommentar]] -> -------Når ej 6 MPa
A43: - | B43: - | C43: - | D43: - | E43: - | F43: - | G43: - | H43: -20 | I43: 2 | L43: Fryser innan täck | M43: =Table129[[#This Row],[Slaggmängd]]&Table129[[#This Row],[Gjuttemperatur]]&Table129[[#This Row],[Temperatur motgjutningsyta]]&Table129[[#This Row],[Värmekabel]]&Table129[[#This Row],[Antal värmekablar]]&Table129[[#This Row],[Täckning '[mm']]]&Table129[[#This Row],[Formisolering '[mm']]]&Table129[[#This Row],[OK<17 Timamr]]&Table129[[#This Row],[Kommentar]] -> -------Fryser innan täck
A44: - | B44: - | C44: - | D44: - | E44: - | F44: - | G44: - | H44: -20 | I44: 7 | L44: Fryser innan täck | M44: =Table129[[#This Row],[Slaggmängd]]&Table129[[#This Row],[Gjuttemperatur]]&Table129[[#This Row],[Temperatur motgjutningsyta]]&Table129[[#This Row],[Värmekabel]]&Table129[[#This Row],[Antal värmekablar]]&Table129[[#This Row],[Täckning '[mm']]]&Table129[[#This Row],[Formisolering '[mm']]]&Table129[[#This Row],[OK<17 Timamr]]&Table129[[#This Row],[Kommentar]] -> -------Fryser innan täck
A45: - | B45: - | C45: - | D45: - | E45: - | F45: - | G45: - | H45: -20 | I45: 12 | L45: Fryser innan täck | M45: =Table129[[#This Row],[Slaggmängd]]&Table129[[#This Row],[Gjuttemperatur]]&Table129[[#This Row],[Temperatur motgjutningsyta]]&Table129[[#This Row],[Värmekabel]]&Table129[[#This Row],[Antal värmekablar]]&Table129[[#This Row],[Täckning '[mm']]]&Table129[[#This Row],[Formisolering '[mm']]]&Table129[[#This Row],[OK<17 Timamr]]&Table129[[#This Row],[Kommentar]] -> -------Fryser innan täck
A46: - | B46: - | C46: - | D46: - | E46: - | F46: - | G46: - | H46: -20 | I46: 20 | L46: Fryser innan täck | M46: =Table129[[#This Row],[Slaggmängd]]&Table129[[#This Row],[Gjuttemperatur]]&Table129[[#This Row],[Temperatur motgjutningsyta]]&Table129[[#This Row],[Värmekabel]]&Table129[[#This Row],[Antal värmekablar]]&Table129[[#This Row],[Täckning '[mm']]]&Table129[[#This Row],[Formisolering '[mm']]]&Table129[[#This Row],[OK<17 Timamr]]&Table129[[#This Row],[Kommentar]] -> -------Fryser innan täck

Sheet Bjälklag (C35-45)
A1: Slaggmängd | B1: Gjuttemperatur | C1: Temperatur motgjutningsyta | D1: Värmekabel | E1: Antal värmekablar | F1: Täckning [mm] | G1: Formisolering [mm] | H1: Temperatur | I1: Vind | J1: <17 Timmar och >6 Mpa | K1: OK<17 Timamr | L1: Kommentar | M1: Åtgärdskåd
A2: 0.3 | B2: 15 | C2: 20 | D2: - | E2: - | F2: - | G2: Plywood 15, oisolerat | H2: 20 | I2: 0 | J2: 16.9 | K2: OK17 | M2: =Table130[[#This Row],[Slaggmängd]]&Table130[[#This Row],[Gjuttemperatur]]&Table130[[#This Row],[Temperatur motgjutningsyta]]&Table130[[#This Row],[Värmekabel]]&Table130[[#This Row],[Antal värmekablar]]&Table130[[#This Row],[Täckning '[mm']]]&Table130[[#This Row],[Formisolering '[mm']]]&Table130[[#This Row],[OK<17 Timamr]]&Table130[[#This Row],[Kommentar]] -> 0,31520---Plywood 15, oisoleratOK17
A3: 0.3 | B3: 15 | C3: 20 | D3: - | E3: - | F3: - | G3: Plywood 15, oisolerat | H3: 20 | I3: 2 | J3: 16.8 | K3: OK17 | M3: =Table130[[#This Row],[Slaggmängd]]&Table130[[#This Row],[Gjuttemperatur]]&Table130[[#This Row],[Temperatur motgjutningsyta]]&Table130[[#This Row],[Värmekabel]]&Table130[[#This Row],[Antal värmekablar]]&Table130[[#This Row],[Täckning '[mm']]]&Table130[[#This Row],[Formisolering '[mm']]]&Table130[[#This Row],[OK<17 Timamr]]&Table130[[#This Row],[Kommentar]] -> 0,31520---Plywood 15, oisoleratOK17
A4: 0.3 | B4: 15 | C4: 20 | D4: - | E4: - | F4: - | G4: Plywood 15, oisolerat | H4: 20 | I4: 7 | J4: 16.8 | K4: OK17 | M4: =Table130[[#This Row],[Slaggmängd]]&Table130[[#This Row],[Gjuttemperatur]]&Table130[[#This Row],[Temperatur motgjutningsyta]]&Table130[[#This Row],[Värmekabel]]&Table130[[#This Row],[Antal värmekablar]]&Table130[[#This Row],[Täckning '[mm']]]&Table130[[#This Row],[Formisolering '[mm']]]&Table130[[#This Row],[OK<17 Timamr]]&Table130[[#This Row],[Kommentar]] -> 0,31520---Plywood 15, oisoleratOK17
A5: 0.3 | B5: 15 | C5: 20 | D5: - | E5: - | F5: - | G5: Plywood 15, oisolerat | H5: 20 | I5: 12 | J5: 16.8 | K5: OK17 | M5: =Table130[[#This Row],[Slaggmängd]]&Table130[[#This Row],[Gjuttemperatur]]&Table130[[#This Row],[Temperatur motgjutningsyta]]&Table130[[#This Row],[Värmekabel]]&Table130[[#This Row],[Antal värmekablar]]&Table130[[#This Row],[Täckning '[mm']]]&Table130[[#This Row],[Formisolering '[mm']]]&Table130[[#This Row],[OK<17 Timamr]]&Table130[[#This Row],[Kommentar]] -> 0,31520---Plywood 15, oisoleratOK17
A6: 0.3 | B6: 15 | C6: 20 | D6: - | E6: - | F6: - | G6: Plywood 15, oisolerat | H6: 20 | I6: 20 | J6: 16.8 | K6: OK17 | M6: =Table130[[#This Row],[Slaggmängd]]&Table130[[#This Row],[Gjuttemperatur]]&Table130[[#This Row],[Temperatur motgjutningsyta]]&Table130[[#This Row],[Värmekabel]]&Table130[[#This Row],[Antal värmekablar]]&Table130[[#This Row],[Täckning '[mm']]]&Table130[[#This Row],[Formisolering '[mm']]]&Table130[[#This Row],[OK<17 Timamr]]&Table130[[#This Row],[Kommentar]] -> 0,31520---Plywood 15, oisoleratOK17
A7: 0.2 | B7: 15 | C7: 15 | D7: - | E7: - | F7: - | G7: Plywood 15, oisolerat | H7: 15 | I7: 0 | J7: 15.8 | K7: OK17 | M7: =Table130[[#This Row],[Slaggmängd]]&Table130[[#This Row],[Gjuttemperatur]]&Table130[[#This Row],[Temperatur motgjutningsyta]]&Table130[[#This Row],[Värmekabel]]&Table130[[#This Row],[Antal värmekablar]]&Table130[[#This Row],[Täckning '[mm']]]&Table130[[#This Row],[Formisolering '[mm']]]&Table130[[#This Row],[OK<17 Timamr]]&Table130[[#This Row],[Kommentar]] -> 0,21515---Plywood 15, oisoleratOK17
A8: 0.2 | B8: 15 | C8: 15 | D8: - | E8: - | F8: - | G8: Plywood 15, oisolerat | H8: 15 | I8: 2 | J8: 16 | K8: OK17 | M8: =Table130[[#This Row],[Slaggmängd]]&Table130[[#This Row],[Gjuttemperatur]]&Table130[[#This Row],[Temperatur motgjutningsyta]]&Table130[[#This Row],[Värmekabel]]&Table130[[#This Row],[Antal värmekablar]]&Table130[[#This Row],[Täckning '[mm']]]&Table130[[#This Row],[Formisolering '[mm']]]&Table130[[#This Row],[OK<17 Timamr]]&Table130[[#This Row],[Kommentar]] -> 0,21515---Plywood 15, oisoleratOK17
A9: 0.2 | B9: 15 | C9: 15 | D9: - | E9: - | F9: - | G9: Plywood 15, oisolerat | H9: 15 | I9: 7 | J9: 16.2 | K9: OK17 | M9: =Table130[[#This Row],[Slaggmängd]]&Table130[[#This Row],[Gjuttemperatur]]&Table130[[#This Row],[Temperatur motgjutningsyta]]&Table130[[#This Row],[Värmekabel]]&Table130[[#This Row],[Antal värmekablar]]&Table130[[#This Row],[Täckning '[mm']]]&Table130[[#This Row],[Formisolering '[mm']]]&Table130[[#This Row],[OK<17 Timamr]]&Table130[[#This Row],[Kommentar]] -> 0,21515---Plywood 15, oisoleratOK17
A10: 0.2 | B10: 15 | C10: 15 | D10: - | E10: - | F10: - | G10: Plywood 15, oisolerat | H10: 15 | I10: 12 | J10: 16.2 | K10: OK17 | M10: =Table130[[#This Row],[Slaggmängd]]&Table130[[#This Row],[Gjuttemperatur]]&Table130[[#This Row],[Temperatur motgjutningsyta]]&Table130[[#This Row],[Värmekabel]]&Table130[[#This Row],[Antal värmekablar]]&Table130[[#This Row],[Täckning '[mm']]]&Table130[[#This Row],[Formisolering '[mm']]]&Table130[[#This Row],[OK<17 Timamr]]&Table130[[#This Row],[Kommentar]] -> 0,21515---Plywood 15, oisoleratOK17
A11: 0.2 | B11: 15 | C11: 15 | D11: - | E11: - | F11: Presenning | G11: Plywood 15, oisolerat | H11: 15 | I11: 20 | J11: 16.3 | K11: OK17 | M11: =Table130[[#This Row],[Slaggmängd]]&Table130[[#This Row],[Gjuttemperatur]]&Table130[[#This Row],[Temperatur motgjutningsyta]]&Table130[[#This Row],[Värmekabel]]&Table130[[#This Row],[Antal värmekablar]]&Table130[[#This Row],[Täckning '[mm']]]&Table130[[#This Row],[Formisolering '[mm']]]&Table130[[#This Row],[OK<17 Timamr]]&Table130[[#This Row],[Kommentar]] -> 0,21515--PresenningPlywood 15, oisoleratOK17
A12: 0.1 | B12: 15 | C12: 10 | D12: - | E12: - | F12: - | G12: Plywood 15, oisolerat | H12: 10 | I12: 0 | J12: 16.7 | K12: OK17 | M12: =Table130[[#This Row],[Slaggmängd]]&Table130[[#This Row],[Gjuttemperatur]]&Table130[[#This Row],[Temperatur motgjutningsyta]]&Table130[[#This Row],[Värmekabel]]&Table130[[#This Row],[Antal värmekablar]]&Table130[[#This Row],[Täckning '[mm']]]&Table130[[#This Row],[Formisolering '[mm']]]&Table130[[#This Row],[OK<17 Timamr]]&Table130[[#This Row],[Kommentar]] -> 0,11510---Plywood 15, oisoleratOK17
A13: Bas+0% | B13: 15 | C13: 10 | D13: - | E13: - | F13: - | G13: Plywood 15, oisolerat | H13: 10 | I13: 2 | J13: 16.1 | K13: OK17 | M13: =Table130[[#This Row],[Slaggmängd]]&Table130[[#This Row],[Gjuttemperatur]]&Table130[[#This Row],[Temperatur motgjutningsyta]]&Table130[[#This Row],[Värmekabel]]&Table130[[#This Row],[Antal värmekablar]]&Table130[[#This Row],[Täckning '[mm']]]&Table130[[#This Row],[Formisolering '[mm']]]&Table130[[#This Row],[OK<17 Timamr]]&Table130[[#This Row],[Kommentar]] -> Bas+0%1510---Plywood 15, oisoleratOK17
A14: Bas+0% | B14: 15 | C14: 10 | D14: - | E14: - | F14: Presenning | G14: Plywood 15, oisolerat | H14: 10 | I14: 7 | J14: 16.3 | K14: OK17 | M14: =Table130[[#This Row],[Slaggmängd]]&Table130[[#This Row],[Gjuttemperatur]]&Table130[[#This Row],[Temperatur motgjutningsyta]]&Table130[[#This Row],[Värmekabel]]&Table130[[#This Row],[Antal värmekablar]]&Table130[[#This Row],[Täckning '[mm']]]&Table130[[#This Row],[Formisolering '[mm']]]&Table130[[#This Row],[OK<17 Timamr]]&Table130[[#This Row],[Kommentar]] -> Bas+0%1510--PresenningPlywood 15, oisoleratOK17
A15: Bas+0% | B15: 15 | C15: 10 | D15: - | E15: - | F15: Presenning | G15: Plywood 15, oisolerat | H15: 10 | I15: 12 | J15: 16.5 | K15: OK17 | M15: =Table130[[#This Row],[Slaggmängd]]&Table130[[#This Row],[Gjuttemperatur]]&Table130[[#This Row],[Temperatur motgjutningsyta]]&Table130[[#This Row],[Värmekabel]]&Table130[[#This Row],[Antal värmekablar]]&Table130[[#This Row],[Täckning '[mm']]]&Table130[[#This Row],[Formisolering '[mm']]]&Table130[[#This Row],[OK<17 Timamr]]&Table130[[#This Row],[Kommentar]] -> Bas+0%1510--PresenningPlywood 15, oisoleratOK17
A16: Bas+0% | B16: 15 | C16: 10 | D16: - | E16: - | F16: Presenning | G16: Plywood 15, oisolerat | H16: 10 | I16: 20 | J16: 16.5 | K16: OK17 | M16: =Table130[[#This Row],[Slaggmängd]]&Table130[[#This Row],[Gjuttemperatur]]&Table130[[#This Row],[Temperatur motgjutningsyta]]&Table130[[#This Row],[Värmekabel]]&Table130[[#This Row],[Antal värmekablar]]&Table130[[#This Row],[Täckning '[mm']]]&Table130[[#This Row],[Formisolering '[mm']]]&Table130[[#This Row],[OK<17 Timamr]]&Table130[[#This Row],[Kommentar]] -> Bas+0%1510--PresenningPlywood 15, oisoleratOK17
A17: 0.3 | B17: 20 | C17: 5 | D17: 40 | E17: 2 | F17: Presenning | G17: Plywood 15 cellplast 30 | H17: 5 | I17: 0 | J17: 16.6 | K17: OK17 | M17: =Table130[[#This Row],[Slaggmängd]]&Table130[[#This Row],[Gjuttemperatur]]&Table130[[#This Row],[Temperatur motgjutningsyta]]&Table130[[#This Row],[Värmekabel]]&Table130[[#This Row],[Antal värmekablar]]&Table130[[#This Row],[Täckning '[mm']]]&Table130[[#This Row],[Formisolering '[mm']]]&Table130[[#This Row],[OK<17 Timamr]]&Table130[[#This Row],[Kommentar]] -> 0,3205402PresenningPlywood 15 cellplast 30OK17
A18: 0.3 | B18: 20 | C18: 5 | D18: 40 | E18: 2 | F18: 10 | G18: Plywood 12-19 cellplast 50 | H18: 5 | I18: 2 | J18: 16.7 | K18: OK17 | M18: =Table130[[#This Row],[Slaggmängd]]&Table130[[#This Row],[Gjuttemperatur]]&Table130[[#This Row],[Temperatur motgjutningsyta]]&Table130[[#This Row],[Värmekabel]]&Table130[[#This Row],[Antal värmekablar]]&Table130[[#This Row],[Täckning '[mm']]]&Table130[[#This Row],[Formisolering '[mm']]]&Table130[[#This Row],[OK<17 Timamr]]&Table130[[#This Row],[Kommentar]] -> 0,320540210Plywood 12-19 cellplast 50OK17
A19: 0.3 | B19: 20 | C19: 5 | D19: 40 | E19: 2 | F19: 10 | G19: Plywood 12-19 cellplast 100 | H19: 5 | I19: 7 | J19: 17 | K19: OK17 | M19: =Table130[[#This Row],[Slaggmängd]]&Table130[[#This Row],[Gjuttemperatur]]&Table130[[#This Row],[Temperatur motgjutningsyta]]&Table130[[#This Row],[Värmekabel]]&Table130[[#This Row],[Antal värmekablar]]&Table130[[#This Row],[Täckning '[mm']]]&Table130[[#This Row],[Formisolering '[mm']]]&Table130[[#This Row],[OK<17 Timamr]]&Table130[[#This Row],[Kommentar]] -> 0,320540210Plywood 12-19 cellplast 100OK17
A20: 0.2 | B20: 20 | C20: 5 | D20: 40 | E20: 1 | F20: 10 | G20: Plywood 15 cellplast 30 | H20: 5 | I20: 12 | J20: 15.8 | K20: OK17 | M20: =Table130[[#This Row],[Slaggmängd]]&Table130[[#This Row],[Gjuttemperatur]]&Table130[[#This Row],[Temperatur motgjutningsyta]]&Table130[[#This Row],[Värmekabel]]&Table130[[#This Row],[Antal värmekablar]]&Table130[[#This Row],[Täckning '[mm']]]&Table130[[#This Row],[Formisolering '[mm']]]&Table130[[#This Row],[OK<17 Timamr]]&Table130[[#This Row],[Kommentar]] -> 0,220540110Plywood 15 cellplast 30OK17
A21: 0.2 | B21: 20 | C21: 5 | D21: 40 | E21: 1 | F21: 10 | G21: Plywood 15 cellplast 30 | H21: 5 | I21: 20 | J21: 15.9 | K21: OK17 | M21: =Table130[[#This Row],[Slaggmängd]]&Table130[[#This Row],[Gjuttemperatur]]&Table130[[#This Row],[Temperatur motgjutningsyta]]&Table130[[#This Row],[Värmekabel]]&Table130[[#This Row],[Antal värmekablar]]&Table130[[#This Row],[Täckning '[mm']]]&Table130[[#This Row],[Formisolering '[mm']]]&Table130[[#This Row],[OK<17 Timamr]]&Table130[[#This Row],[Kommentar]] -> 0,220540110Plywood 15 cellplast 30OK17
A22: 0.2 | B22: 20 | C22: 5 | D22: 40 | E22: 1 | F22: - | G22: Plywood 15 cellplast 30 | H22: 0 | I22: 0 | J22: 15.6 | K22: OK17 | M22: =Table130[[#This Row],[Slaggmängd]]&Table130[[#This Row],[Gjuttemperatur]]&Table130[[#This Row],[Temperatur motgjutningsyta]]&Table130[[#This Row],[Värmekabel]]&Table130[[#This Row],[Antal värmekablar]]&Table130[[#This Row],[Täckning '[mm']]]&Table130[[#This Row],[Formisolering '[mm']]]&Table130[[#This Row],[OK<17 Timamr]]&Table130[[#This Row],[Kommentar]] -> 0,2205401-Plywood 15 cellplast 30OK17
A23: 0.2 | B23: 20 | C23: 5 | D23: 40 | E23: 1 | F23: 10 | G23: Plywood 15 cellplast 30 | H23: 0 | I23: 2 | J23: 15.9 | K23: OK17 | M23: =Table130[[#This Row],[Slaggmängd]]&Table130[[#This Row],[Gjuttemperatur]]&Table130[[#This Row],[Temperatur motgjutningsyta]]&Table130[[#This Row],[Värmekabel]]&Table130[[#This Row],[Antal värmekablar]]&Table130[[#This Row],[Täckning '[mm']]]&Table130[[#This Row],[Formisolering '[mm']]]&Table130[[#This Row],[OK<17 Timamr]]&Table130[[#This Row],[Kommentar]] -> 0,220540110Plywood 15 cellplast 30OK17
A24: 0.2 | B24: 20 | C24: 5 | D24: 40 | E24: 1 | F24: 10 | G24: Plywood 15 cellplast 30 | H24: 0 | I24: 7 | J24: 16.9 | K24: OK17 | M24: =Table130[[#This Row],[Slaggmängd]]&Table130[[#This Row],[Gjuttemperatur]]&Table130[[#This Row],[Temperatur motgjutningsyta]]&Table130[[#This Row],[Värmekabel]]&Table130[[#This Row],[Antal värmekablar]]&Table130[[#This Row],[Täckning '[mm']]]&Table130[[#This Row],[Formisolering '[mm']]]&Table130[[#This Row],[OK<17 Timamr]]&Table130[[#This Row],[Kommentar]] -> 0,220540110Plywood 15 cellplast 30OK17
A25: 0.2 | B25: 20 | C25: 5 | D25: 40 | E25: 1 | F25: 10 | G25: Plywood 12-19 cellplast 50 | H25: 0 | I25: 12 | J25: 16.6 | K25: OK17 | M25: =Table130[[#This Row],[Slaggmängd]]&Table130[[#This Row],[Gjuttemperatur]]&Table130[[#This Row],[Temperatur motgjutningsyta]]&Table130[[#This Row],[Värmekabel]]&Table130[[#This Row],[Antal värmekablar]]&Table130[[#This Row],[Täckning '[mm']]]&Table130[[#This Row],[Formisolering '[mm']]]&Table130[[#This Row],[OK<17 Timamr]]&Table130[[#This Row],[Kommentar]] -> 0,220540110Plywood 12-19 cellplast 50OK17
A26: 0.2 | B26: 20 | C26: 5 | D26: 40 | E26: 1 | F26: 10 | G26: Plywood 12-19 cellplast 50 | H26: 0 | I26: 20 | J26: 17 | K26: OK17 | M26: =Table130[[#This Row],[Slaggmängd]]&Table130[[#This Row],[Gjuttemperatur]]&Table130[[#This Row],[Temperatur motgjutningsyta]]&Table130[[#This Row],[Värmekabel]]&Table130[[#This Row],[Antal värmekablar]]&Table130[[#This Row],[Täckning '[mm']]]&Table130[[#This Row],[Formisolering '[mm']]]&Table130[[#This Row],[OK<17 Timamr]]&Table130[[#This Row],[Kommentar]] -> 0,220540110Plywood 12-19 cellplast 50OK17
A27: 0.2 | B27: 20 | C27: 5 | D27: 40 | E27: 1 | F27: 10 | G27: Plywood 15 cellplast 30 | H27: -5 | I27: 0 | J27: 16.2 | K27: OK17 | M27: =Table130[[#This Row],[Slaggmängd]]&Table130[[#This Row],[Gjuttemperatur]]&Table130[[#This Row],[Temperatur motgjutningsyta]]&Table130[[#This Row],[Värmekabel]]&Table130[[#This Row],[Antal värmekablar]]&Table130[[#This Row],[Täckning '[mm']]]&Table130[[#This Row],[Formisolering '[mm']]]&Table130[[#This Row],[OK<17 Timamr]]&Table130[[#This Row],[Kommentar]] -> 0,220540110Plywood 15 cellplast 30OK17
A28: 0.2 | B28: 20 | C28: 5 | D28: 40 | E28: 1 | F28: 10 | G28: Plywood 12-19 cellplast 50 | H28: -5 | I28: 2 | J28: 16.8 | K28: OK17 | M28: =Table130[[#This Row],[Slaggmängd]]&Table130[[#This Row],[Gjuttemperatur]]&Table130[[#This Row],[Temperatur motgjutningsyta]]&Table130[[#This Row],[Värmekabel]]&Table130[[#This Row],[Antal värmekablar]]&Table130[[#This Row],[Täckning '[mm']]]&Table130[[#This Row],[Formisolering '[mm']]]&Table130[[#This Row],[OK<17 Timamr]]&Table130[[#This Row],[Kommentar]] -> 0,220540110Plywood 12-19 cellplast 50OK17
A29: 0.2 | B29: 20 | C29: 5 | D29: 40 | E29: 1 | F29: 10 | G29: Plywood 12-19 cellplast 120 | H29: -5 | I29: 7 | J29: 17 | K29: OK17 | M29: =Table130[[#This Row],[Slaggmängd]]&Table130[[#This Row],[Gjuttemperatur]]&Table130[[#This Row],[Temperatur motgjutningsyta]]&Table130[[#This Row],[Värmekabel]]&Table130[[#This Row],[Antal värmekablar]]&Table130[[#This Row],[Täckning '[mm']]]&Table130[[#This Row],[Formisolering '[mm']]]&Table130[[#This Row],[OK<17 Timamr]]&Table130[[#This Row],[Kommentar]] -> 0,220540110Plywood 12-19 cellplast 120OK17
A30: 0.2 | B30: 20 | C30: 5 | D30: 40 | E30: 2 | F30: 10 | G30: Plywood 12-19 cellplast 70 | H30: -5 | I30: 12 | J30: 16.9 | K30: OK17 | M30: =Table130[[#This Row],[Slaggmängd]]&Table130[[#This Row],[Gjuttemperatur]]&Table130[[#This Row],[Temperatur motgjutningsyta]]&Table130[[#This Row],[Värmekabel]]&Table130[[#This Row],[Antal värmekablar]]&Table130[[#This Row],[Täckning '[mm']]]&Table130[[#This Row],[Formisolering '[mm']]]&Table130[[#This Row],[OK<17 Timamr]]&Table130[[#This Row],[Kommentar]] -> 0,220540210Plywood 12-19 cellplast 70OK17
A31: - | B31: - | C31: - | D31: - | E31: - | F31: - | G31: - | H31: -5 | I31: 20 | L31: Fryser innan täck | M31: =Table130[[#This Row],[Slaggmängd]]&Table130[[#This Row],[Gjuttemperatur]]&Table130[[#This Row],[Temperatur motgjutningsyta]]&Table130[[#This Row],[Värmekabel]]&Table130[[#This Row],[Antal värmekablar]]&Table130[[#This Row],[Täckning '[mm']]]&Table130[[#This Row],[Formisolering '[mm']]]&Table130[[#This Row],[OK<17 Timamr]]&Table130[[#This Row],[Kommentar]] -> -------Fryser innan täck
A32: 0.2 | B32: 20 | C32: 5 | D32: 40 | E32: 1 | F32: 10 | G32: Plywood 12-19 cellplast 50 | H32: -10 | I32: 0 | J32: 16.4 | K32: OK17 | M32: =Table130[[#This Row],[Slaggmängd]]&Table130[[#This Row],[Gjuttemperatur]]&Table130[[#This Row],[Temperatur motgjutningsyta]]&Table130[[#This Row],[Värmekabel]]&Table130[[#This Row],[Antal värmekablar]]&Table130[[#This Row],[Täckning '[mm']]]&Table130[[#This Row],[Formisolering '[mm']]]&Table130[[#This Row],[OK<17 Timamr]]&Table130[[#This Row],[Kommentar]] -> 0,220540110Plywood 12-19 cellplast 50OK17
A33: 0.2 | B33: 20 | C33: 5 | D33: 40 | E33: 1 | F33: 10 | G33: Plywood 12-19 cellplast 120 | H33: -10 | I33: 2 | J33: 17 | K33: OK17 | M33: =Table130[[#This Row],[Slaggmängd]]&Table130[[#This Row],[Gjuttemperatur]]&Table130[[#This Row],[Temperatur motgjutningsyta]]&Table130[[#This Row],[Värmekabel]]&Table130[[#This Row],[Antal värmekablar]]&Table130[[#This Row],[Täckning '[mm']]]&Table130[[#This Row],[Formisolering '[mm']]]&Table130[[#This Row],[OK<17 Timamr]]&Table130[[#This Row],[Kommentar]] -> 0,220540110Plywood 12-19 cellplast 120OK17
A34: 0.2 | B34: 20 | C34: 5 | D34: 40 | E34: 3 | F34: 10 | G34: Plywood 12-19 cellplast 120 | H34: -10 | I34: 7 | J34: 16.9 | K34: OK17 | M34: =Table130[[#This Row],[Slaggmängd]]&Table130[[#This Row],[Gjuttemperatur]]&Table130[[#This Row],[Temperatur motgjutningsyta]]&Table130[[#This Row],[Värmekabel]]&Table130[[#This Row],[Antal värmekablar]]&Table130[[#This Row],[Täckning '[mm']]]&Table130[[#This Row],[Formisolering '[mm']]]&Table130[[#This Row],[OK<17 Timamr]]&Table130[[#This Row],[Kommentar]] -> 0,220540310Plywood 12-19 cellplast 120OK17
A35: - | B35: - | C35: - | D35: - | E35: - | F35: - | G35: - | H35: -10 | I35: 12 | L35: Fryser innan täck | M35: =Table130[[#This Row],[Slaggmängd]]&Table130[[#This Row],[Gjuttemperatur]]&Table130[[#This Row],[Temperatur motgjutningsyta]]&Table130[[#This Row],[Värmekabel]]&Table130[[#This Row],[Antal värmekablar]]&Table130[[#This Row],[Täckning '[mm']]]&Table130[[#This Row],[Formisolering '[mm']]]&Table130[[#This Row],[OK<17 Timamr]]&Table130[[#This Row],[Kommentar]] -> -------Fryser innan täck
A36: - | B36: - | C36: - | D36: - | E36: - | F36: - | G36: - | H36: -10 | I36: 20 | L36: Fryser innan täck | M36: =Table130[[#This Row],[Slaggmängd]]&Table130[[#This Row],[Gjuttemperatur]]&Table130[[#This Row],[Temperatur motgjutningsyta]]&Table130[[#This Row],[Värmekabel]]&Table130[[#This Row],[Antal värmekablar]]&Table130[[#This Row],[Täckning '[mm']]]&Table130[[#This Row],[Formisolering '[mm']]]&Table130[[#This Row],[OK<17 Timamr]]&Table130[[#This Row],[Kommentar]] -> -------Fryser innan täck
A37: 0.2 | B37: 15 | C37: 5 | D37: 40 | E37: 3 | F37: 30 | G37: Plywood 12-19 cellplast 100 | H37: -15 | I37: 0 | J37: 17 | K37: OK17 | M37: =Table130[[#This Row],[Slaggmängd]]&Table130[[#This Row],[Gjuttemperatur]]&Table130[[#This Row],[Temperatur motgjutningsyta]]&Table130[[#This Row],[Värmekabel]]&Table130[[#This Row],[Antal värmekablar]]&Table130[[#This Row],[Täckning '[mm']]]&Table130[[#This Row],[Formisolering '[mm']]]&Table130[[#This Row],[OK<17 Timamr]]&Table130[[#This Row],[Kommentar]] -> 0,215540330Plywood 12-19 cellplast 100OK17
A38: Bas+0% | B38: 15 | C38: 5 | D38: 40 | E38: 2 | F38: 20 | G38: Plywood 12-19 cellplast 100 | H38: -15 | I38: 2 | J38: 16.5 | K38: OK17 | M38: =Table130[[#This Row],[Slaggmängd]]&Table130[[#This Row],[Gjuttemperatur]]&Table130[[#This Row],[Temperatur motgjutningsyta]]&Table130[[#This Row],[Värmekabel]]&Table130[[#This Row],[Antal värmekablar]]&Table130[[#This Row],[Täckning '[mm']]]&Table130[[#This Row],[Formisolering '[mm']]]&Table130[[#This Row],[OK<17 Timamr]]&Table130[[#This Row],[Kommentar]] -> Bas+0%15540220Plywood 12-19 cellplast 100OK17
A39: - | B39: - | C39: - | D39: - | E39: - | F39: - | G39: - | H39: -15 | I39: 7 | L39: Fryser innan täck | M39: =Table130[[#This Row],[Slaggmängd]]&Table130[[#This Row],[Gjuttemperatur]]&Table130[[#This Row],[Temperatur motgjutningsyta]]&Table130[[#This Row],[Värmekabel]]&Table130[[#This Row],[Antal värmekablar]]&Table130[[#This Row],[Täckning '[mm']]]&Table130[[#This Row],[Formisolering '[mm']]]&Table130[[#This Row],[OK<17 Timamr]]&Table130[[#This Row],[Kommentar]] -> -------Fryser innan täck
A40: - | B40: - | C40: - | D40: - | E40: - | F40: - | G40: - | H40: -15 | I40: 12 | L40: Fryser innan täck | M40: =Table130[[#This Row],[Slaggmängd]]&Table130[[#This Row],[Gjuttemperatur]]&Table130[[#This Row],[Temperatur motgjutningsyta]]&Table130[[#This Row],[Värmekabel]]&Table130[[#This Row],[Antal värmekablar]]&Table130[[#This Row],[Täckning '[mm']]]&Table130[[#This Row],[Formisolering '[mm']]]&Table130[[#This Row],[OK<17 Timamr]]&Table130[[#This Row],[Kommentar]] -> -------Fryser innan täck
A41: - | B41: - | C41: - | D41: - | E41: - | F41: - | G41: - | H41: -15 | I41: 20 | L41: Fryser innan täck | M41: =Table130[[#This Row],[Slaggmängd]]&Table130[[#This Row],[Gjuttemperatur]]&Table130[[#This Row],[Temperatur motgjutningsyta]]&Table130[[#This Row],[Värmekabel]]&Table130[[#This Row],[Antal värmekablar]]&Table130[[#This Row],[Täckning '[mm']]]&Table130[[#This Row],[Formisolering '[mm']]]&Table130[[#This Row],[OK<17 Timamr]]&Table130[[#This Row],[Kommentar]] -> -------Fryser innan täck
A42: - | B42: - | C42: - | D42: - | E42: - | F42: - | G42: - | H42: -20 | I42: 0 | L42: Når ej 6 MPa | M42: =Table130[[#This Row],[Slaggmängd]]&Table130[[#This Row],[Gjuttemperatur]]&Table130[[#This Row],[Temperatur motgjutningsyta]]&Table130[[#This Row],[Värmekabel]]&Table130[[#This Row],[Antal värmekablar]]&Table130[[#This Row],[Täckning '[mm']]]&Table130[[#This Row],[Formisolering '[mm']]]&Table130[[#This Row],[OK<17 Timamr]]&Table130[[#This Row],[Kommentar]] -> -------Når ej 6 MPa
A43: - | B43: - | C43: - | D43: - | E43: - | F43: - | G43: - | H43: -20 | I43: 2 | L43: Fryser innan täck | M43: =Table130[[#This Row],[Slaggmängd]]&Table130[[#This Row],[Gjuttemperatur]]&Table130[[#This Row],[Temperatur motgjutningsyta]]&Table130[[#This Row],[Värmekabel]]&Table130[[#This Row],[Antal värmekablar]]&Table130[[#This Row],[Täckning '[mm']]]&Table130[[#This Row],[Formisolering '[mm']]]&Table130[[#This Row],[OK<17 Timamr]]&Table130[[#This Row],[Kommentar]] -> -------Fryser innan täck
A44: - | B44: - | C44: - | D44: - | E44: - | F44: - | G44: - | H44: -20 | I44: 7 | L44: Fryser innan täck | M44: =Table130[[#This Row],[Slaggmängd]]&Table130[[#This Row],[Gjuttemperatur]]&Table130[[#This Row],[Temperatur motgjutningsyta]]&Table130[[#This Row],[Värmekabel]]&Table130[[#This Row],[Antal värmekablar]]&Table130[[#This Row],[Täckning '[mm']]]&Table130[[#This Row],[Formisolering '[mm']]]&Table130[[#This Row],[OK<17 Timamr]]&Table130[[#This Row],[Kommentar]] -> -------Fryser innan täck
A45: - | B45: - | C45: - | D45: - | E45: - | F45: - | G45: - | H45: -20 | I45: 12 | L45: Fryser innan täck | M45: =Table130[[#This Row],[Slaggmängd]]&Table130[[#This Row],[Gjuttemperatur]]&Table130[[#This Row],[Temperatur motgjutningsyta]]&Table130[[#This Row],[Värmekabel]]&Table130[[#This Row],[Antal värmekablar]]&Table130[[#This Row],[Täckning '[mm']]]&Table130[[#This Row],[Formisolering '[mm']]]&Table130[[#This Row],[OK<17 Timamr]]&Table130[[#This Row],[Kommentar]] -> -------Fryser innan täck
A46: - | B46: - | C46: - | D46: - | E46: - | F46: - | G46: - | H46: -20 | I46: 20 | L46: Fryser innan täck | M46: =Table130[[#This Row],[Slaggmängd]]&Table130[[#This Row],[Gjuttemperatur]]&Table130[[#This Row],[Temperatur motgjutningsyta]]&Table130[[#This Row],[Värmekabel]]&Table130[[#This Row],[Antal värmekablar]]&Table130[[#This Row],[Täckning '[mm']]]&Table130[[#This Row],[Formisolering '[mm']]]&Table130[[#This Row],[OK<17 Timamr]]&Table130[[#This Row],[Kommentar]] -> -------Fryser innan täck

Sheet Bjälklag (C40-50)
A1: Slaggmängd | B1: Gjuttemperatur | C1: Temperatur motgjutningsyta | D1: Värmekabel | E1: Antal värmekablar | F1: Täckning [mm] | G1: Formisolering [mm] | H1: Temperatur | I1: Vind | J1: <17 Timmar och >6 Mpa | K1: OK<17 Timamr | L1: Kommentar | M1: Åtgärdskåd
A2: 0.3 | B2: 15 | C2: 20 | D2: - | E2: - | F2: - | G2: Plywood 15, oisolerat | H2: 20 | I2: 0 | J2: 15.7 | K2: OK17 | M2: =Table131[[#This Row],[Slaggmängd]]&Table131[[#This Row],[Gjuttemperatur]]&Table131[[#This Row],[Temperatur motgjutningsyta]]&Table131[[#This Row],[Värmekabel]]&Table131[[#This Row],[Antal värmekablar]]&Table131[[#This Row],[Täckning '[mm']]]&Table131[[#This Row],[Formisolering '[mm']]]&Table131[[#This Row],[OK<17 Timamr]]&Table131[[#This Row],[Kommentar]] -> 0,31520---Plywood 15, oisoleratOK17
A3: 0.3 | B3: 15 | C3: 20 | D3: - | E3: - | F3: - | G3: Plywood 15, oisolerat | H3: 20 | I3: 2 | J3: 15.6 | K3: OK17 | M3: =Table131[[#This Row],[Slaggmängd]]&Table131[[#This Row],[Gjuttemperatur]]&Table131[[#This Row],[Temperatur motgjutningsyta]]&Table131[[#This Row],[Värmekabel]]&Table131[[#This Row],[Antal värmekablar]]&Table131[[#This Row],[Täckning '[mm']]]&Table131[[#This Row],[Formisolering '[mm']]]&Table131[[#This Row],[OK<17 Timamr]]&Table131[[#This Row],[Kommentar]] -> 0,31520---Plywood 15, oisoleratOK17
A4: 0.3 | B4: 15 | C4: 20 | D4: - | E4: - | F4: - | G4: Plywood 15, oisolerat | H4: 20 | I4: 7 | J4: 15.5 | K4: OK17 | M4: =Table131[[#This Row],[Slaggmängd]]&Table131[[#This Row],[Gjuttemperatur]]&Table131[[#This Row],[Temperatur motgjutningsyta]]&Table131[[#This Row],[Värmekabel]]&Table131[[#This Row],[Antal värmekablar]]&Table131[[#This Row],[Täckning '[mm']]]&Table131[[#This Row],[Formisolering '[mm']]]&Table131[[#This Row],[OK<17 Timamr]]&Table131[[#This Row],[Kommentar]] -> 0,31520---Plywood 15, oisoleratOK17
A5: 0.3 | B5: 15 | C5: 20 | D5: - | E5: - | F5: - | G5: Plywood 15, oisolerat | H5: 20 | I5: 12 | J5: 15.5 | K5: OK17 | M5: =Table131[[#This Row],[Slaggmängd]]&Table131[[#This Row],[Gjuttemperatur]]&Table131[[#This Row],[Temperatur motgjutningsyta]]&Table131[[#This Row],[Värmekabel]]&Table131[[#This Row],[Antal värmekablar]]&Table131[[#This Row],[Täckning '[mm']]]&Table131[[#This Row],[Formisolering '[mm']]]&Table131[[#This Row],[OK<17 Timamr]]&Table131[[#This Row],[Kommentar]] -> 0,31520---Plywood 15, oisoleratOK17
A6: 0.3 | B6: 15 | C6: 20 | D6: - | E6: - | F6: - | G6: Plywood 15, oisolerat | H6: 20 | I6: 20 | J6: 15.5 | K6: OK17 | M6: =Table131[[#This Row],[Slaggmängd]]&Table131[[#This Row],[Gjuttemperatur]]&Table131[[#This Row],[Temperatur motgjutningsyta]]&Table131[[#This Row],[Värmekabel]]&Table131[[#This Row],[Antal värmekablar]]&Table131[[#This Row],[Täckning '[mm']]]&Table131[[#This Row],[Formisolering '[mm']]]&Table131[[#This Row],[OK<17 Timamr]]&Table131[[#This Row],[Kommentar]] -> 0,31520---Plywood 15, oisoleratOK17
A7: 0.2 | B7: 15 | C7: 15 | D7: - | E7: - | F7: - | G7: Plywood 15, oisolerat | H7: 15 | I7: 0 | J7: 14.7 | K7: OK17 | M7: =Table131[[#This Row],[Slaggmängd]]&Table131[[#This Row],[Gjuttemperatur]]&Table131[[#This Row],[Temperatur motgjutningsyta]]&Table131[[#This Row],[Värmekabel]]&Table131[[#This Row],[Antal värmekablar]]&Table131[[#This Row],[Täckning '[mm']]]&Table131[[#This Row],[Formisolering '[mm']]]&Table131[[#This Row],[OK<17 Timamr]]&Table131[[#This Row],[Kommentar]] -> 0,21515---Plywood 15, oisoleratOK17
A8: 0.2 | B8: 15 | C8: 15 | D8: - | E8: - | F8: - | G8: Plywood 15, oisolerat | H8: 15 | I8: 2 | J8: 14.8 | K8: OK17 | M8: =Table131[[#This Row],[Slaggmängd]]&Table131[[#This Row],[Gjuttemperatur]]&Table131[[#This Row],[Temperatur motgjutningsyta]]&Table131[[#This Row],[Värmekabel]]&Table131[[#This Row],[Antal värmekablar]]&Table131[[#This Row],[Täckning '[mm']]]&Table131[[#This Row],[Formisolering '[mm']]]&Table131[[#This Row],[OK<17 Timamr]]&Table131[[#This Row],[Kommentar]] -> 0,21515---Plywood 15, oisoleratOK17
A9: 0.2 | B9: 15 | C9: 15 | D9: - | E9: - | F9: - | G9: Plywood 15, oisolerat | H9: 15 | I9: 7 | J9: 15 | K9: OK17 | M9: =Table131[[#This Row],[Slaggmängd]]&Table131[[#This Row],[Gjuttemperatur]]&Table131[[#This Row],[Temperatur motgjutningsyta]]&Table131[[#This Row],[Värmekabel]]&Table131[[#This Row],[Antal värmekablar]]&Table131[[#This Row],[Täckning '[mm']]]&Table131[[#This Row],[Formisolering '[mm']]]&Table131[[#This Row],[OK<17 Timamr]]&Table131[[#This Row],[Kommentar]] -> 0,21515---Plywood 15, oisoleratOK17
A10: 0.2 | B10: 15 | C10: 15 | D10: - | E10: - | F10: - | G10: Plywood 15, oisolerat | H10: 15 | I10: 12 | J10: 15 | K10: OK17 | M10: =Table131[[#This Row],[Slaggmängd]]&Table131[[#This Row],[Gjuttemperatur]]&Table131[[#This Row],[Temperatur motgjutningsyta]]&Table131[[#This Row],[Värmekabel]]&Table131[[#This Row],[Antal värmekablar]]&Table131[[#This Row],[Täckning '[mm']]]&Table131[[#This Row],[Formisolering '[mm']]]&Table131[[#This Row],[OK<17 Timamr]]&Table131[[#This Row],[Kommentar]] -> 0,21515---Plywood 15, oisoleratOK17
A11: 0.2 | B11: 15 | C11: 15 | D11: - | E11: - | F11: - | G11: Plywood 15, oisolerat | H11: 15 | I11: 20 | J11: 15 | K11: OK17 | M11: =Table131[[#This Row],[Slaggmängd]]&Table131[[#This Row],[Gjuttemperatur]]&Table131[[#This Row],[Temperatur motgjutningsyta]]&Table131[[#This Row],[Värmekabel]]&Table131[[#This Row],[Antal värmekablar]]&Table131[[#This Row],[Täckning '[mm']]]&Table131[[#This Row],[Formisolering '[mm']]]&Table131[[#This Row],[OK<17 Timamr]]&Table131[[#This Row],[Kommentar]] -> 0,21515---Plywood 15, oisoleratOK17
A12: 0.1 | B12: 15 | C12: 10 | D12: - | E12: - | F12: - | G12: Plywood 15, oisolerat | H12: 10 | I12: 0 | J12: 15.8 | K12: OK17 | M12: =Table131[[#This Row],[Slaggmängd]]&Table131[[#This Row],[Gjuttemperatur]]&Table131[[#This Row],[Temperatur motgjutningsyta]]&Table131[[#This Row],[Värmekabel]]&Table131[[#This Row],[Antal värmekablar]]&Table131[[#This Row],[Täckning '[mm']]]&Table131[[#This Row],[Formisolering '[mm']]]&Table131[[#This Row],[OK<17 Timamr]]&Table131[[#This Row],[Kommentar]] -> 0,11510---Plywood 15, oisoleratOK17
A13: 0.1 | B13: 15 | C13: 10 | D13: - | E13: - | F13: - | G13: Plywood 15, oisolerat | H13: 10 | I13: 2 | J13: 16.2 | K13: OK17 | M13: =Table131[[#This Row],[Slaggmängd]]&Table131[[#This Row],[Gjuttemperatur]]&Table131[[#This Row],[Temperatur motgjutningsyta]]&Table131[[#This Row],[Värmekabel]]&Table131[[#This Row],[Antal värmekablar]]&Table131[[#This Row],[Täckning '[mm']]]&Table131[[#This Row],[Formisolering '[mm']]]&Table131[[#This Row],[OK<17 Timamr]]&Table131[[#This Row],[Kommentar]] -> 0,11510---Plywood 15, oisoleratOK17
... A16: 0.1 | B16: 15 | C16: 10 | D16: - | E16: - | F16: Presenning | G16: Plywood 15, oisolerat | H16: 10 | I16: 20 | J16: 16.7 | K16: OK17 | M16: =Table131[[#This Row],[Slaggmängd]]&Table131[[#This Row],[Gjuttemperatur]]&Table131[[#This Row],[Temperatur motgjutningsyta]]&Table131[[#This Row],[Värmekabel]]&Table131[[#This Row],[Antal värmekablar]]&Table131[[#This Row],[Täckning '[mm']]]&Table131[[#This Row],[Formisolering '[mm']]]&Table131[[#This Row],[OK<17 Timamr]]&Table131[[#This Row],[Kommentar]] -> 0,11510--PresenningPlywood 15, oisoleratOK17
A17: 0.3 | B17: 20 | C17: 5 | D17: 40 | E17: 1 | F17: - | G17: Plywood 12-19 cellplast 50 | H17: 5 | I17: 0 | J17: 16.8 | K17: OK17 | M17: =Table131[[#This Row],[Slaggmängd]]&Table131[[#This Row],[Gjuttemperatur]]&Table131[[#This Row],[Temperatur motgjutningsyta]]&Table131[[#This Row],[Värmekabel]]&Table131[[#This Row],[Antal värmekablar]]&Table131[[#This Row],[Täckning '[mm']]]&Table131[[#This Row],[Formisolering '[mm']]]&Table131[[#This Row],[OK<17 Timamr]]&Table131[[#This Row],[Kommentar]] -> 0,3205401-Plywood 12-19 cellplast 50OK17
A18: 0.3 | B18: 20 | C18: 5 | D18: 40 | E18: 1 | F18: 10 | G18: Plywood 12-19 cellplast 70 | H18: 5 | I18: 2 | J18: 16.8 | K18: OK17 | M18: =Table131[[#This Row],[Slaggmängd]]&Table131[[#This Row],[Gjuttemperatur]]&Table131[[#This Row],[Temperatur motgjutningsyta]]&Table131[[#This Row],[Värmekabel]]&Table131[[#This Row],[Antal värmekablar]]&Table131[[#This Row],[Täckning '[mm']]]&Table131[[#This Row],[Formisolering '[mm']]]&Table131[[#This Row],[OK<17 Timamr]]&Table131[[#This Row],[Kommentar]] -> 0,320540110Plywood 12-19 cellplast 70OK17
A19: 0.3 | B19: 20 | C19: 5 | D19: 40 | E19: 2 | F19: 10 | G19: Plywood 15 cellplast 30 | H19: 5 | I19: 7 | J19: 16.5 | K19: OK17 | M19: =Table131[[#This Row],[Slaggmängd]]&Table131[[#This Row],[Gjuttemperatur]]&Table131[[#This Row],[Temperatur motgjutningsyta]]&Table131[[#This Row],[Värmekabel]]&Table131[[#This Row],[Antal värmekablar]]&Table131[[#This Row],[Täckning '[mm']]]&Table131[[#This Row],[Formisolering '[mm']]]&Table131[[#This Row],[OK<17 Timamr]]&Table131[[#This Row],[Kommentar]] -> 0,320540210Plywood 15 cellplast 30OK17
A20: 0.3 | B20: 20 | C20: 5 | D20: 40 | E20: 2 | F20: 10 | G20: Plywood 15 cellplast 30 | H20: 5 | I20: 12 | J20: 16.9 | K20: OK17 | M20: =Table131[[#This Row],[Slaggmängd]]&Table131[[#This Row],[Gjuttemperatur]]&Table131[[#This Row],[Temperatur motgjutningsyta]]&Table131[[#This Row],[Värmekabel]]&Table131[[#This Row],[Antal värmekablar]]&Table131[[#This Row],[Täckning '[mm']]]&Table131[[#This Row],[Formisolering '[mm']]]&Table131[[#This Row],[OK<17 Timamr]]&Table131[[#This Row],[Kommentar]] -> 0,320540210Plywood 15 cellplast 30OK17
A21: 0.3 | B21: 20 | C21: 5 | D21: 40 | E21: 2 | F21: 10 | G21: Plywood 12-19 cellplast 50 | H21: 5 | I21: 20 | J21: 16.8 | K21: OK17 | M21: =Table131[[#This Row],[Slaggmängd]]&Table131[[#This Row],[Gjuttemperatur]]&Table131[[#This Row],[Temperatur motgjutningsyta]]&Table131[[#This Row],[Värmekabel]]&Table131[[#This Row],[Antal värmekablar]]&Table131[[#This Row],[Täckning '[mm']]]&Table131[[#This Row],[Formisolering '[mm']]]&Table131[[#This Row],[OK<17 Timamr]]&Table131[[#This Row],[Kommentar]] -> 0,320540210Plywood 12-19 cellplast 50OK17
A22: 0.3 | B22: 20 | C22: 5 | D22: 40 | E22: 2 | F22: 10 | G22: Plywood 15 cellplast 30 | H22: 0 | I22: 0 | J22: 16.2 | K22: OK17 | M22: =Table131[[#This Row],[Slaggmängd]]&Table131[[#This Row],[Gjuttemperatur]]&Table131[[#This Row],[Temperatur motgjutningsyta]]&Table131[[#This Row],[Värmekabel]]&Table131[[#This Row],[Antal värmekablar]]&Table131[[#This Row],[Täckning '[mm']]]&Table131[[#This Row],[Formisolering '[mm']]]&Table131[[#This Row],[OK<17 Timamr]]&Table131[[#This Row],[Kommentar]] -> 0,320540210Plywood 15 cellplast 30OK17
A23: 0.3 | B23: 20 | C23: 5 | D23: 40 | E23: 2 | F23: 10 | G23: Plywood 12-19 cellplast 50 | H23: 0 | I23: 2 | J23: 16.6 | K23: OK17 | M23: =Table131[[#This Row],[Slaggmängd]]&Table131[[#This Row],[Gjuttemperatur]]&Table131[[#This Row],[Temperatur motgjutningsyta]]&Table131[[#This Row],[Värmekabel]]&Table131[[#This Row],[Antal värmekablar]]&Table131[[#This Row],[Täckning '[mm']]]&Table131[[#This Row],[Formisolering '[mm']]]&Table131[[#This Row],[OK<17 Timamr]]&Table131[[#This Row],[Kommentar]] -> 0,320540210Plywood 12-19 cellplast 50OK17
A24: 0.3 | B24: 20 | C24: 5 | D24: 40 | E24: 3 | F24: 10 | G24: Plywood 12-19 cellplast 120 | H24: 0 | I24: 7 | J24: 16.8 | K24: OK17 | M24: =Table131[[#This Row],[Slaggmängd]]&Table131[[#This Row],[Gjuttemperatur]]&Table131[[#This Row],[Temperatur motgjutningsyta]]&Table131[[#This Row],[Värmekabel]]&Table131[[#This Row],[Antal värmekablar]]&Table131[[#This Row],[Täckning '[mm']]]&Table131[[#This Row],[Formisolering '[mm']]]&Table131[[#This Row],[OK<17 Timamr]]&Table131[[#This Row],[Kommentar]] -> 0,320540310Plywood 12-19 cellplast 120OK17
A25: 0.2 | B25: 20 | C25: 5 | D25: 40 | E25: 1 | F25: 10 | G25: Plywood 15 cellplast 30 | H25: 0 | I25: 12 | J25: 16.1 | K25: OK17 | M25: =Table131[[#This Row],[Slaggmängd]]&Table131[[#This Row],[Gjuttemperatur]]&Table131[[#This Row],[Temperatur motgjutningsyta]]&Table131[[#This Row],[Värmekabel]]&Table131[[#This Row],[Antal värmekablar]]&Table131[[#This Row],[Täckning '[mm']]]&Table131[[#This Row],[Formisolering '[mm']]]&Table131[[#This Row],[OK<17 Timamr]]&Table131[[#This Row],[Kommentar]] -> 0,220540110Plywood 15 cellplast 30OK17
A26: 0.2 | B26: 20 | C26: 5 | D26: 40 | E26: 1 | F26: 10 | G26: Plywood 15 cellplast 30 | H26: 0 | I26: 20 | J26: 16.5 | K26: OK17 | M26: =Table131[[#This Row],[Slaggmängd]]&Table131[[#This Row],[Gjuttemperatur]]&Table131[[#This Row],[Temperatur motgjutningsyta]]&Table131[[#This Row],[Värmekabel]]&Table131[[#This Row],[Antal värmekablar]]&Table131[[#This Row],[Täckning '[mm']]]&Table131[[#This Row],[Formisolering '[mm']]]&Table131[[#This Row],[OK<17 Timamr]]&Table131[[#This Row],[Kommentar]] -> 0,220540110Plywood 15 cellplast 30OK17
A27: 0.2 | B27: 20 | C27: 5 | D27: - | E27: - | F27: - | G27: Plywood 12-19 cellplast 100 | H27: -5 | I27: 0 | J27: 16.9 | K27: OK17 | M27: =Table131[[#This Row],[Slaggmängd]]&Table131[[#This Row],[Gjuttemperatur]]&Table131[[#This Row],[Temperatur motgjutningsyta]]&Table131[[#This Row],[Värmekabel]]&Table131[[#This Row],[Antal värmekablar]]&Table131[[#This Row],[Täckning '[mm']]]&Table131[[#This Row],[Formisolering '[mm']]]&Table131[[#This Row],[OK<17 Timamr]]&Table131[[#This Row],[Kommentar]] -> 0,2205---Plywood 12-19 cellplast 100OK17
A28: 0.2 | B28: 20 | C28: 5 | D28: 40 | E28: 1 | F28: 10 | G28: Plywood 15 cellplast 30 | H28: -5 | I28: 2 | J28: 16.2 | K28: OK17 | M28: =Table131[[#This Row],[Slaggmängd]]&Table131[[#This Row],[Gjuttemperatur]]&Table131[[#This Row],[Temperatur motgjutningsyta]]&Table131[[#This Row],[Värmekabel]]&Table131[[#This Row],[Antal värmekablar]]&Table131[[#This Row],[Täckning '[mm']]]&Table131[[#This Row],[Formisolering '[mm']]]&Table131[[#This Row],[OK<17 Timamr]]&Table131[[#This Row],[Kommentar]] -> 0,220540110Plywood 15 cellplast 30OK17
A29: 0.2 | B29: 20 | C29: 5 | D29: 40 | E29: 1 | F29: 10 | G29: Plywood 12-19 cellplast 50 | H29: -5 | I29: 7 | J29: 16.7 | K29: OK17 | M29: =Table131[[#This Row],[Slaggmängd]]&Table131[[#This Row],[Gjuttemperatur]]&Table131[[#This Row],[Temperatur motgjutningsyta]]&Table131[[#This Row],[Värmekabel]]&Table131[[#This Row],[Antal värmekablar]]&Table131[[#This Row],[Täckning '[mm']]]&Table131[[#This Row],[Formisolering '[mm']]]&Table131[[#This Row],[OK<17 Timamr]]&Table131[[#This Row],[Kommentar]] -> 0,220540110Plywood 12-19 cellplast 50OK17
A30: 0.2 | B30: 20 | C30: 5 | D30: 40 | E30: 1 | F30: 10 | G30: Plywood 12-19 cellplast 70 | H30: -5 | I30: 12 | J30: 16.9 | K30: OK17 | M30: =Table131[[#This Row],[Slaggmängd]]&Table131[[#This Row],[Gjuttemperatur]]&Table131[[#This Row],[Temperatur motgjutningsyta]]&Table131[[#This Row],[Värmekabel]]&Table131[[#This Row],[Antal värmekablar]]&Table131[[#This Row],[Täckning '[mm']]]&Table131[[#This Row],[Formisolering '[mm']]]&Table131[[#This Row],[OK<17 Timamr]]&Table131[[#This Row],[Kommentar]] -> 0,220540110Plywood 12-19 cellplast 70OK17
A31: - | B31: - | C31: - | D31: - | E31: - | F31: - | G31: - | H31: -5 | I31: 20 | L31: Fryser innan täck | M31: =Table131[[#This Row],[Slaggmängd]]&Table131[[#This Row],[Gjuttemperatur]]&Table131[[#This Row],[Temperatur motgjutningsyta]]&Table131[[#This Row],[Värmekabel]]&Table131[[#This Row],[Antal värmekablar]]&Table131[[#This Row],[Täckning '[mm']]]&Table131[[#This Row],[Formisolering '[mm']]]&Table131[[#This Row],[OK<17 Timamr]]&Table131[[#This Row],[Kommentar]] -> -------Fryser innan täck
A32: 0.2 | B32: 20 | C32: 5 | D32: 40 | E32: 1 | F32: 10 | G32: Plywood 15 cellplast 30 | H32: -10 | I32: 0 | J32: 15.8 | K32: OK17 | M32: =Table131[[#This Row],[Slaggmängd]]&Table131[[#This Row],[Gjuttemperatur]]&Table131[[#This Row],[Temperatur motgjutningsyta]]&Table131[[#This Row],[Värmekabel]]&Table131[[#This Row],[Antal värmekablar]]&Table131[[#This Row],[Täckning '[mm']]]&Table131[[#This Row],[Formisolering '[mm']]]&Table131[[#This Row],[OK<17 Timamr]]&Table131[[#This Row],[Kommentar]] -> 0,220540110Plywood 15 cellplast 30OK17
A33: 0.2 | B33: 20 | C33: 5 | D33: 40 | E33: 1 | F33: 10 | G33: Plywood 12-19 cellplast 50 | H33: -10 | I33: 2 | J33: 16.8 | K33: OK17 | M33: =Table131[[#This Row],[Slaggmängd]]&Table131[[#This Row],[Gjuttemperatur]]&Table131[[#This Row],[Temperatur motgjutningsyta]]&Table131[[#This Row],[Värmekabel]]&Table131[[#This Row],[Antal värmekablar]]&Table131[[#This Row],[Täckning '[mm']]]&Table131[[#This Row],[Formisolering '[mm']]]&Table131[[#This Row],[OK<17 Timamr]]&Table131[[#This Row],[Kommentar]] -> 0,220540110Plywood 12-19 cellplast 50OK17
A34: 0.2 | B34: 20 | C34: 5 | D34: 40 | E34: 2 | F34: 10 | G34: Plywood 12-19 cellplast 50 | H34: -10 | I34: 7 | J34: 16.9 | K34: OK17 | M34: =Table131[[#This Row],[Slaggmängd]]&Table131[[#This Row],[Gjuttemperatur]]&Table131[[#This Row],[Temperatur motgjutningsyta]]&Table131[[#This Row],[Värmekabel]]&Table131[[#This Row],[Antal värmekablar]]&Table131[[#This Row],[Täckning '[mm']]]&Table131[[#This Row],[Formisolering '[mm']]]&Table131[[#This Row],[OK<17 Timamr]]&Table131[[#This Row],[Kommentar]] -> 0,220540210Plywood 12-19 cellplast 50OK17
A35: - | B35: - | C35: - | D35: - | E35: - | F35: - | G35: - | H35: -10 | I35: 12 | L35: Fryser innan täck | M35: =Table131[[#This Row],[Slaggmängd]]&Table131[[#This Row],[Gjuttemperatur]]&Table131[[#This Row],[Temperatur motgjutningsyta]]&Table131[[#This Row],[Värmekabel]]&Table131[[#This Row],[Antal värmekablar]]&Table131[[#This Row],[Täckning '[mm']]]&Table131[[#This Row],[Formisolering '[mm']]]&Table131[[#This Row],[OK<17 Timamr]]&Table131[[#This Row],[Kommentar]] -> -------Fryser innan täck
A36: - | B36: - | C36: - | D36: - | E36: - | F36: - | G36: - | H36: -10 | I36: 20 | L36: Fryser innan täck | M36: =Table131[[#This Row],[Slaggmängd]]&Table131[[#This Row],[Gjuttemperatur]]&Table131[[#This Row],[Temperatur motgjutningsyta]]&Table131[[#This Row],[Värmekabel]]&Table131[[#This Row],[Antal värmekablar]]&Table131[[#This Row],[Täckning '[mm']]]&Table131[[#This Row],[Formisolering '[mm']]]&Table131[[#This Row],[OK<17 Timamr]]&Table131[[#This Row],[Kommentar]] -> -------Fryser innan täck
A37: 0.2 | B37: 15 | C37: 5 | D37: 40 | E37: 2 | F37: 30 | G37: Plywood 12-19 cellplast 70 | H37: -15 | I37: 0 | J37: 16.9 | K37: OK17 | M37: =Table131[[#This Row],[Slaggmängd]]&Table131[[#This Row],[Gjuttemperatur]]&Table131[[#This Row],[Temperatur motgjutningsyta]]&Table131[[#This Row],[Värmekabel]]&Table131[[#This Row],[Antal värmekablar]]&Table131[[#This Row],[Täckning '[mm']]]&Table131[[#This Row],[Formisolering '[mm']]]&Table131[[#This Row],[OK<17 Timamr]]&Table131[[#This Row],[Kommentar]] -> 0,215540230Plywood 12-19 cellplast 70OK17
A38: 0.1 | B38: 15 | C38: 5 | D38: 40 | E38: 2 | F38: 20 | G38: Plywood 12-19 cellplast 100 | H38: -15 | I38: 2 | J38: 16.8 | K38: OK17 | M38: =Table131[[#This Row],[Slaggmängd]]&Table131[[#This Row],[Gjuttemperatur]]&Table131[[#This Row],[Temperatur motgjutningsyta]]&Table131[[#This Row],[Värmekabel]]&Table131[[#This Row],[Antal värmekablar]]&Table131[[#This Row],[Täckning '[mm']]]&Table131[[#This Row],[Formisolering '[mm']]]&Table131[[#This Row],[OK<17 Timamr]]&Table131[[#This Row],[Kommentar]] -> 0,115540220Plywood 12-19 cellplast 100OK17
A39: - | B39: - | C39: - | D39: - | E39: - | F39: - | G39: - | H39: -15 | I39: 7 | L39: Fryser innan täck | M39: =Table131[[#This Row],[Slaggmängd]]&Table131[[#This Row],[Gjuttemperatur]]&Table131[[#This Row],[Temperatur motgjutningsyta]]&Table131[[#This Row],[Värmekabel]]&Table131[[#This Row],[Antal värmekablar]]&Table131[[#This Row],[Täckning '[mm']]]&Table131[[#This Row],[Formisolering '[mm']]]&Table131[[#This Row],[OK<17 Timamr]]&Table131[[#This Row],[Kommentar]] -> -------Fryser innan täck
A40: - | B40: - | C40: - | D40: - | E40: - | F40: - | G40: - | H40: -15 | I40: 12 | L40: Fryser innan täck | M40: =Table131[[#This Row],[Slaggmängd]]&Table131[[#This Row],[Gjuttemperatur]]&Table131[[#This Row],[Temperatur motgjutningsyta]]&Table131[[#This Row],[Värmekabel]]&Table131[[#This Row],[Antal värmekablar]]&Table131[[#This Row],[Täckning '[mm']]]&Table131[[#This Row],[Formisolering '[mm']]]&Table131[[#This Row],[OK<17 Timamr]]&Table131[[#This Row],[Kommentar]] -> -------Fryser innan täck
A41: - | B41: - | C41: - | D41: - | E41: - | F41: - | G41: - | H41: -15 | I41: 20 | L41: Fryser innan täck | M41: =Table131[[#This Row],[Slaggmängd]]&Table131[[#This Row],[Gjuttemperatur]]&Table131[[#This Row],[Temperatur motgjutningsyta]]&Table131[[#This Row],[Värmekabel]]&Table131[[#This Row],[Antal värmekablar]]&Table131[[#This Row],[Täckning '[mm']]]&Table131[[#This Row],[Formisolering '[mm']]]&Table131[[#This Row],[OK<17 Timamr]]&Table131[[#This Row],[Kommentar]] -> -------Fryser innan täck
A42: - | B42: - | C42: - | D42: - | E42: - | F42: - | G42: - | H42: -20 | I42: 0 | L42: Når ej 6 MPa | M42: =Table131[[#This Row],[Slaggmängd]]&Table131[[#This Row],[Gjuttemperatur]]&Table131[[#This Row],[Temperatur motgjutningsyta]]&Table131[[#This Row],[Värmekabel]]&Table131[[#This Row],[Antal värmekablar]]&Table131[[#This Row],[Täckning '[mm']]]&Table131[[#This Row],[Formisolering '[mm']]]&Table131[[#This Row],[OK<17 Timamr]]&Table131[[#This Row],[Kommentar]] -> -------Når ej 6 MPa
A43: - | B43: - | C43: - | D43: - | E43: - | F43: - | G43: - | H43: -20 | I43: 2 | L43: Fryser innan täck | M43: =Table131[[#This Row],[Slaggmängd]]&Table131[[#This Row],[Gjuttemperatur]]&Table131[[#This Row],[Temperatur motgjutningsyta]]&Table131[[#This Row],[Värmekabel]]&Table131[[#This Row],[Antal värmekablar]]&Table131[[#This Row],[Täckning '[mm']]]&Table131[[#This Row],[Formisolering '[mm']]]&Table131[[#This Row],[OK<17 Timamr]]&Table131[[#This Row],[Kommentar]] -> -------Fryser innan täck
A44: - | B44: - | C44: - | D44: - | E44: - | F44: - | G44: - | H44: -20 | I44: 7 | L44: Fryser innan täck | M44: =Table131[[#This Row],[Slaggmängd]]&Table131[[#This Row],[Gjuttemperatur]]&Table131[[#This Row],[Temperatur motgjutningsyta]]&Table131[[#This Row],[Värmekabel]]&Table131[[#This Row],[Antal värmekablar]]&Table131[[#This Row],[Täckning '[mm']]]&Table131[[#This Row],[Formisolering '[mm']]]&Table131[[#This Row],[OK<17 Timamr]]&Table131[[#This Row],[Kommentar]] -> -------Fryser innan täck
A45: - | B45: - | C45: - | D45: - | E45: - | F45: - | G45: - | H45: -20 | I45: 12 | L45: Fryser innan täck | M45: =Table131[[#This Row],[Slaggmängd]]&Table131[[#This Row],[Gjuttemperatur]]&Table131[[#This Row],[Temperatur motgjutningsyta]]&Table131[[#This Row],[Värmekabel]]&Table131[[#This Row],[Antal värmekablar]]&Table131[[#This Row],[Täckning '[mm']]]&Table131[[#This Row],[Formisolering '[mm']]]&Table131[[#This Row],[OK<17 Timamr]]&Table131[[#This Row],[Kommentar]] -> -------Fryser innan täck
A46: - | B46: - | C46: - | D46: - | E46: - | F46: - | G46: - | H46: -20 | I46: 20 | L46: Fryser innan täck | M46: =Table131[[#This Row],[Slaggmängd]]&Table131[[#This Row],[Gjuttemperatur]]&Table131[[#This Row],[Temperatur motgjutningsyta]]&Table131[[#This Row],[Värmekabel]]&Table131[[#This Row],[Antal värmekablar]]&Table131[[#This Row],[Täckning '[mm']]]&Table131[[#This Row],[Formisolering '[mm']]]&Table131[[#This Row],[OK<17 Timamr]]&Table131[[#This Row],[Kommentar]] -> -------Fryser innan täck

Sheet Data till Lathund, Kådgenererin
A1: Temperatur | B1: Vind | C1: C20/25 | D1: C25/30 | E1: C28/25 | F1: C30/37 | G1: C32/40 | H1: C35/45 | I1: C40/50 | K1: Temperatur | L1: Vind | M1: Column1 | N1: Åtgärdskåd | O1: Åtgärdssvårighet | P1: Nummer | Q1: Column2
A2: 20 | B2: 0 | C2: =Table1[[#This Row],[Åtgärdskåd]] -> --------Når ej 6 MPa | D2: =Table127[[#This Row],[Åtgärdskåd]] -> Bas+0%1520---Plywood 15, oisoleratOK17 | E2: =Table128[[#This Row],[Åtgärdskåd]] -> 0,11520---Plywood 15, oisoleratOK17 | F2: =Table132[[#This Row],[Åtgärdskåd]] -> 0,21520---Plywood 15, oisoleratOK17 | G2: =Table129[[#This Row],[Åtgärdskåd]] -> 0,21520---Plywood 15, oisoleratOK17 | H2: =Table130[[#This Row],[Åtgärdskåd]] -> 0,31520---Plywood 15, oisoleratOK17 | I2: =Table131[[#This Row],[Åtgärdskåd]] -> 0,31520---Plywood 15, oisoleratOK17 | N2: =Table8[[#This Row],[Column1]] -> 0,41520--OK7 | O2: =Table8[[#This Row],[Jobbighetsnivå]] -> 1 | P2: =MATCH(N2, _xlfn.UNIQUE($N$2:$N$361), 0) -> 1 | Q2: =MATCH(N2, _xlfn.UNIQUE($N$47:$N$361), 0) -> #N/A | S2: 1 | T2: -------Når ej 6 MPa
A3: 20 | B3: 2 | C3: =Table1[[#This Row],[Åtgärdskåd]] -> -------Når ej 6 MPa | D3: =Table127[[#This Row],[Åtgärdskåd]] -> Bas+0%1520---Plywood 15, oisoleratOK17 | E3: =Table128[[#This Row],[Åtgärdskåd]] -> 0,11520---Plywood 15, oisoleratOK17 | F3: =Table132[[#This Row],[Åtgärdskåd]] -> 0,21520---Plywood 15, oisoleratOK17 | G3: =Table129[[#This Row],[Åtgärdskåd]] -> 0,21520---Plywood 15, oisoleratOK17 | H3: =Table130[[#This Row],[Åtgärdskåd]] -> 0,31520---Plywood 15, oisoleratOK17 | I3: =Table131[[#This Row],[Åtgärdskåd]] -> 0,31520---Plywood 15, oisoleratOK17 | N3: =Table8[[#This Row],[Column1]] -> 0,415200-OK7 | O3: =Table8[[#This Row],[Jobbighetsnivå]] -> 2 | P3: =MATCH(N3, _xlfn.UNIQUE($N$2:$N$361), 0) -> 2 | Q3: =MATCH(N3, _xlfn.UNIQUE($N$47:$N$361), 0) -> #N/A | S3: 2 | T3: Bas+0%205402-Plywood 12-19 cellplast 50OK17
A4: 20 | B4: 7 | C4: =Table1[[#This Row],[Åtgärdskåd]] -> -------Når ej 6 MPa | D4: =Table127[[#This Row],[Åtgärdskåd]] -> Bas+0%1520---Plywood 15, oisoleratOK17 | E4: =Table128[[#This Row],[Åtgärdskåd]] -> 0,11520---Plywood 15, oisoleratOK17 | F4: =Table132[[#This Row],[Åtgärdskåd]] -> 0,21520---Plywood 15, oisoleratOK17 | G4: =Table129[[#This Row],[Åtgärdskåd]] -> 0,21520---Plywood 15, oisoleratOK17 | H4: =Table130[[#This Row],[Åtgärdskåd]] -> 0,31520---Plywood 15, oisoleratOK17 | I4: =Table131[[#This Row],[Åtgärdskåd]] -> 0,31520---Plywood 15, oisoleratOK17 | N4: =Table8[[#This Row],[Column1]] -> 0,415150PresenningOK7 | O4: =Table8[[#This Row],[Jobbighetsnivå]] -> 3 | P4: =MATCH(N4, _xlfn.UNIQUE($N$2:$N$361), 0) -> 3 | Q4: =MATCH(N4, _xlfn.UNIQUE($N$47:$N$361), 0) -> #N/A | S4: 3 | T4: Bas+0%20540210Plywood 12-19 cellplast 120OK17
A5: 20 | B5: 12 | C5: =Table1[[#This Row],[Åtgärdskåd]] -> -------Når ej 6 MPa | D5: =Table127[[#This Row],[Åtgärdskåd]] -> Bas+0%1520---Plywood 15, oisoleratOK17 | E5: =Table128[[#This Row],[Åtgärdskåd]] -> 0,11520---Plywood 15, oisoleratOK17 | F5: =Table132[[#This Row],[Åtgärdskåd]] -> 0,21520---Plywood 15, oisoleratOK17 | G5: =Table129[[#This Row],[Åtgärdskåd]] -> 0,21520---Plywood 15, oisoleratOK17 | H5: =Table130[[#This Row],[Åtgärdskåd]] -> 0,31520---Plywood 15, oisoleratOK17 | I5: =Table131[[#This Row],[Åtgärdskåd]] -> 0,31520---Plywood 15, oisoleratOK17 | N5: =Table8[[#This Row],[Column1]] -> 0,415200PresenningOK7 | O5: =Table8[[#This Row],[Jobbighetsnivå]] -> 4 | P5: =MATCH(N5, _xlfn.UNIQUE($N$2:$N$361), 0) -> 4 | Q5: =MATCH(N5, _xlfn.UNIQUE($N$47:$N$361), 0) -> #N/A | S5: 4 | T5: Bas+0%20540310Plywood 12-19 cellplast 70OK17
A6: 20 | B6: 20 | C6: =Table1[[#This Row],[Åtgärdskåd]] -> -------Når ej 6 MPa | D6: =Table127[[#This Row],[Åtgärdskåd]] -> Bas+0%1520---Plywood 15, oisoleratOK17 | E6: =Table128[[#This Row],[Åtgärdskåd]] -> 0,11520---Plywood 15, oisoleratOK17 | F6: =Table132[[#This Row],[Åtgärdskåd]] -> 0,21520---Plywood 15, oisoleratOK17 | G6: =Table129[[#This Row],[Åtgärdskåd]] -> 0,21520---Plywood 15, oisoleratOK17 | H6: =Table130[[#This Row],[Åtgärdskåd]] -> 0,31520---Plywood 15, oisoleratOK17 | I6: =Table131[[#This Row],[Åtgärdskåd]] -> 0,31520---Plywood 15, oisoleratOK17 | N6: =Table8[[#This Row],[Column1]] -> 0,4205050OK7 | O6: =Table8[[#This Row],[Jobbighetsnivå]] -> 5 | P6: =MATCH(N6, _xlfn.UNIQUE($N$2:$N$361), 0) -> 5 | Q6: =MATCH(N6, _xlfn.UNIQUE($N$47:$N$361), 0) -> #N/A | S6: 5 | T6: -------Fryser innan täck
A7: 15 | B7: 0 | C7: =Table1[[#This Row],[Åtgärdskåd]] -> -------Når ej 6 MPa | D7: =Table127[[#This Row],[Åtgärdskåd]] -> -------Når ej 6 MPa | E7: =Table128[[#This Row],[Åtgärdskåd]] -> Bas+0%1515---Plywood 15, oisoleratOK17 | F7: =Table132[[#This Row],[Åtgärdskåd]] -> 0,11515---Plywood 15, oisoleratOK17 | G7: =Table129[[#This Row],[Åtgärdskåd]] -> 0,11515---Plywood 15, oisoleratOK17 | H7: =Table130[[#This Row],[Åtgärdskåd]] -> 0,21515---Plywood 15, oisoleratOK17 | I7: =Table131[[#This Row],[Åtgärdskåd]] -> 0,21515---Plywood 15, oisoleratOK17 | N7: =Table8[[#This Row],[Column1]] -> 0,42052010OK7 | O7: =Table8[[#This Row],[Jobbighetsnivå]] -> 6 | P7: =MATCH(N7, _xlfn.UNIQUE($N$2:$N$361), 0) -> 6 | Q7: =MATCH(N7, _xlfn.UNIQUE($N$47:$N$361), 0) -> #N/A | S7: 6 | T7: Bas+0%1520---Plywood 15, oisoleratOK17
A8: 15 | B8: 2 | C8: =Table1[[#This Row],[Åtgärdskåd]] -> -------Når ej 6 MPa | D8: =Table127[[#This Row],[Åtgärdskåd]] -> -------Når ej 6 MPa | E8: =Table128[[#This Row],[Åtgärdskåd]] -> Bas+0%1515---Plywood 15, oisoleratOK17 | F8: =Table132[[#This Row],[Åtgärdskåd]] -> 0,11515---Plywood 15, oisoleratOK17 | G8: =Table129[[#This Row],[Åtgärdskåd]] -> 0,11515---Plywood 15, oisoleratOK17 | H8: =Table130[[#This Row],[Åtgärdskåd]] -> 0,21515---Plywood 15, oisoleratOK17 | I8: =Table131[[#This Row],[Åtgärdskåd]] -> 0,21515---Plywood 15, oisoleratOK17 | N8: =Table8[[#This Row],[Column1]] -> 0,42052020OK7 | O8: =Table8[[#This Row],[Jobbighetsnivå]] -> 7 | P8: =MATCH(N8, _xlfn.UNIQUE($N$2:$N$361), 0) -> 7 | Q8: =MATCH(N8, _xlfn.UNIQUE($N$47:$N$361), 0) -> #N/A | S8: 7 | T8: 0,120540310Plywood 12-19 cellplast 50OK17
A9: 15 | B9: 7 | C9: =Table1[[#This Row],[Åtgärdskåd]] -> -------Når ej 6 MPa | D9: =Table127[[#This Row],[Åtgärdskåd]] -> -------Når ej 6 MPa | E9: =Table128[[#This Row],[Åtgärdskåd]] -> Bas+0%1515---Plywood 15, oisoleratOK17 | F9: =Table132[[#This Row],[Åtgärdskåd]] -> 0,11515---Plywood 15, oisoleratOK17 | G9: =Table129[[#This Row],[Åtgärdskåd]] -> 0,11515---Plywood 15, oisoleratOK17 | H9: =Table130[[#This Row],[Åtgärdskåd]] -> 0,21515---Plywood 15, oisoleratOK17 | I9: =Table131[[#This Row],[Åtgärdskåd]] -> 0,21515---Plywood 15, oisoleratOK17 | N9: =Table8[[#This Row],[Column1]] -> 0,42052030OK7 | O9: =Table8[[#This Row],[Jobbighetsnivå]] -> 8 | P9: =MATCH(N9, _xlfn.UNIQUE($N$2:$N$361), 0) -> 8 | Q9: =MATCH(N9, _xlfn.UNIQUE($N$47:$N$361), 0) -> #N/A | S9: 8 | T9: 0,120540310Plywood 12-19 cellplast 70OK17
A10: 15 | B10: 12 | C10: =Table1[[#This Row],[Åtgärdskåd]] -> -------Når ej 6 MPa | D10: =Table127[[#This Row],[Åtgärdskåd]] -> -------Når ej 6 MPa | E10: =Table128[[#This Row],[Åtgärdskåd]] -> Bas+0%1515---Plywood 15, oisoleratOK17 | F10: =Table132[[#This Row],[Åtgärdskåd]] -> 0,11515--PresenningPlywood 15, oisoleratOK17 | G10: =Table129[[#This Row],[Åtgärdskåd]] -> 0,11515---Plywood 15, oisoleratOK17 | H10: =Table130[[#This Row],[Åtgärdskåd]] -> 0,21515---Plywood 15, oisoleratOK17 | I10: =Table131[[#This Row],[Åtgärdskåd]] -> 0,21515---Plywood 15, oisoleratOK17 | N10: =Table8[[#This Row],[Column1]] -> 0,42052050OK7 | O10: =Table8[[#This Row],[Jobbighetsnivå]] -> 9 | P10: =MATCH(N10, _xlfn.UNIQUE($N$2:$N$361), 0) -> 9 | Q10: =MATCH(N10, _xlfn.UNIQUE($N$47:$N$361), 0) -> #N/A | S10: 9 | T10: Bas+0%20540110Plywood 12-19 cellplast 50OK17
A11: 15 | B11: 20 | C11: =Table1[[#This Row],[Åtgärdskåd]] -> -------Når ej 6 MPa | D11: =Table127[[#This Row],[Åtgärdskåd]] -> -------Når ej 6 MPa | E11: =Table128[[#This Row],[Åtgärdskåd]] -> Bas+0%1515---Plywood 15, oisoleratOK17 | F11: =Table132[[#This Row],[Åtgärdskåd]] -> 0,11515--PresenningPlywood 15, oisoleratOK17 | G11: =Table129[[#This Row],[Åtgärdskåd]] -> 0,11515---Plywood 15, oisoleratOK17 | H11: =Table130[[#This Row],[Åtgärdskåd]] -> 0,21515--PresenningPlywood 15, oisoleratOK17 | I11: =Table131[[#This Row],[Åtgärdskåd]] -> 0,21515---Plywood 15, oisoleratOK17 | N11: =Table8[[#This Row],[Column1]] -> 0,31515--OK7 | O11: =Table8[[#This Row],[Jobbighetsnivå]] -> 10 | P11: =MATCH(N11, _xlfn.UNIQUE($N$2:$N$361), 0) -> 10 | Q11: =MATCH(N11, _xlfn.UNIQUE($N$47:$N$361), 0) -> #N/A | S11: 10 | T11: Bas+0%20540110Plywood 12-19 cellplast 70OK17
A12: 10 | B12: 0 | C12: =Table1[[#This Row],[Åtgärdskåd]] -> -------Når ej 6 MPa | D12: =Table127[[#This Row],[Åtgärdskåd]] -> -------Når ej 6 MPa | E12: =Table128[[#This Row],[Åtgärdskåd]] -> -------Når ej 6 MPa | F12: =Table132[[#This Row],[Åtgärdskåd]] -> -------Når ej 6 MPa | G12: =Table129[[#This Row],[Åtgärdskåd]] -> Bas+0%1510---Plywood 15, oisoleratOK17 | H12: =Table130[[#This Row],[Åtgärdskåd]] -> 0,11510---Plywood 15, oisoleratOK17 | I12: =Table131[[#This Row],[Åtgärdskåd]] -> 0,11510---Plywood 15, oisoleratOK17 | N12: =Table8[[#This Row],[Column1]] -> 0,31520--OK7 | O12: =Table8[[#This Row],[Jobbighetsnivå]] -> 11 | P12: =MATCH(N12, _xlfn.UNIQUE($N$2:$N$361), 0) -> 11 | Q12: =MATCH(N12, _xlfn.UNIQUE($N$47:$N$361), 0) -> #N/A | S12: 11 | T12: Bas+0%20540110Plywood 12-19 cellplast 100OK17
A13: 10 | B13: 2 | C13: =Table1[[#This Row],[Åtgärdskåd]] -> -------Når ej 6 MPa | D13: =Table127[[#This Row],[Åtgärdskåd]] -> -------Når ej 6 MPa | E13: =Table128[[#This Row],[Åtgärdskåd]] -> -------Når ej 6 MPa | F13: =Table132[[#This Row],[Åtgärdskåd]] -> -------Når ej 6 MPa | G13: =Table129[[#This Row],[Åtgärdskåd]] -> -------Når ej 6 MPa | H13: =Table130[[#This Row],[Åtgärdskåd]] -> Bas+0%1510---Plywood 15, oisoleratOK17 | I13: =Table131[[#This Row],[Åtgärdskåd]] -> 0,11510---Plywood 15, oisoleratOK17 | N13: =Table8[[#This Row],[Column1]] -> 0,315150-OK7 | O13: =Table8[[#This Row],[Jobbighetsnivå]] -> 12 | P13: =MATCH(N13, _xlfn.UNIQUE($N$2:$N$361), 0) -> 12 | Q13: =MATCH(N13, _xlfn.UNIQUE($N$47:$N$361), 0) -> #N/A | S13: 12 | T13: Bas+0%20540110Plywood 12-19 cellplast 120OK17
... A46: -20 | B46: 20 | C46: =Table1[[#This Row],[Åtgärdskåd]] -> -------Fryser innan täck | D46: =Table127[[#This Row],[Åtgärdskåd]] -> -------Fryser innan täck | E46: =Table128[[#This Row],[Åtgärdskåd]] -> -------Fryser innan täck | F46: =Table132[[#This Row],[Åtgärdskåd]] -> -------Fryser innan täck | G46: =Table129[[#This Row],[Åtgärdskåd]] -> -------Fryser innan täck | H46: =Table130[[#This Row],[Åtgärdskåd]] -> -------Fryser innan täck | I46: =Table131[[#This Row],[Åtgärdskåd]] -> -------Fryser innan täck | N46: =Table8[[#This Row],[Column1]] -> -----Frys innan täck | O46: =Table8[[#This Row],[Jobbighetsnivå]] -> 45 | P46: =MATCH(N46, _xlfn.UNIQUE($N$2:$N$361), 0) -> 45 | Q46: =MATCH(N46, _xlfn.UNIQUE($N$47:$N$361), 0) -> #N/A | S46: 45 | T46: 0,2205401PresenningPlywood 12-19 cellplast 50OK17
K47: 20 | L47: 0 | M47: =Table6[[#Headers],[C20/25]] -> C20/25 | N47: =C2 -> --------Når ej 6 MPa | P47: =MATCH(N47, _xlfn.UNIQUE($N$2:$N$361), 0) -> 46 | Q47: =MATCH(N47, _xlfn.UNIQUE($N$47:$N$361), 0) -> 1 | S47: 46 | T47: 0,220540210Plywood 15 cellplast 30OK17
K48: 20 | L48: 2 | N48: =C3 -> -------Når ej 6 MPa | P48: =MATCH(N48, _xlfn.UNIQUE($N$2:$N$361), 0) -> 47 | Q48: =MATCH(N48, _xlfn.UNIQUE($N$47:$N$361), 0) -> 2 | S48: 47 | T48: 0,115540220Plywood 12-19 cellplast 120OK17
K49: 20 | L49: 7 | N49: =C4 -> -------Når ej 6 MPa | P49: =MATCH(N49, _xlfn.UNIQUE($N$2:$N$361), 0) -> 47 | Q49: =MATCH(N49, _xlfn.UNIQUE($N$47:$N$361), 0) -> 2 | S49: 48 | T49: Bas+0%15540320Plywood 12-19 cellplast 120OK17
K50: 20 | L50: 12 | N50: =C5 -> -------Når ej 6 MPa | P50: =MATCH(N50, _xlfn.UNIQUE($N$2:$N$361), 0) -> 47 | Q50: =MATCH(N50, _xlfn.UNIQUE($N$47:$N$361), 0) -> 2 | S50: 49 | T50: 0,31520---Plywood 15, oisoleratOK17
K51: 20 | L51: 20 | N51: =C6 -> -------Når ej 6 MPa | P51: =MATCH(N51, _xlfn.UNIQUE($N$2:$N$361), 0) -> 47 | Q51: =MATCH(N51, _xlfn.UNIQUE($N$47:$N$361), 0) -> 2 | S51: 50 | T51: 0,21515---Plywood 15, oisoleratOK17
K52: 15 | L52: 0 | N52: =C7 -> -------Når ej 6 MPa | P52: =MATCH(N52, _xlfn.UNIQUE($N$2:$N$361), 0) -> 47 | Q52: =MATCH(N52, _xlfn.UNIQUE($N$47:$N$361), 0) -> 2 | S52: 51 | T52: 0,21515--PresenningPlywood 15, oisoleratOK17
K53: 15 | L53: 2 | N53: =C8 -> -------Når ej 6 MPa | P53: =MATCH(N53, _xlfn.UNIQUE($N$2:$N$361), 0) -> 47 | Q53: =MATCH(N53, _xlfn.UNIQUE($N$47:$N$361), 0) -> 2 | S53: 52 | T53: 0,11510---Plywood 15, oisoleratOK17
K54: 15 | L54: 7 | N54: =C9 -> -------Når ej 6 MPa | P54: =MATCH(N54, _xlfn.UNIQUE($N$2:$N$361), 0) -> 47 | Q54: =MATCH(N54, _xlfn.UNIQUE($N$47:$N$361), 0) -> 2 | S54: 53 | T54: Bas+0%1510--PresenningPlywood 15, oisoleratOK17
K55: 15 | L55: 12 | N55: =C10 -> -------Når ej 6 MPa | P55: =MATCH(N55, _xlfn.UNIQUE($N$2:$N$361), 0) -> 47 | Q55: =MATCH(N55, _xlfn.UNIQUE($N$47:$N$361), 0) -> 2 | S55: 54 | T55: 0,3205402PresenningPlywood 15 cellplast 30OK17
K56: 15 | L56: 20 | N56: =C11 -> -------Når ej 6 MPa | P56: =MATCH(N56, _xlfn.UNIQUE($N$2:$N$361), 0) -> 47 | Q56: =MATCH(N56, _xlfn.UNIQUE($N$47:$N$361), 0) -> 2 | S56: 55 | T56: 0,320540210Plywood 12-19 cellplast 50OK17
K57: 10 | L57: 0 | N57: =C12 -> -------Når ej 6 MPa | P57: =MATCH(N57, _xlfn.UNIQUE($N$2:$N$361), 0) -> 47 | Q57: =MATCH(N57, _xlfn.UNIQUE($N$47:$N$361), 0) -> 2 | S57: 56 | T57: 0,320540210Plywood 12-19 cellplast 100OK17
K58: 10 | L58: 2 | N58: =C13 -> -------Når ej 6 MPa | P58: =MATCH(N58, _xlfn.UNIQUE($N$2:$N$361), 0) -> 47 | Q58: =MATCH(N58, _xlfn.UNIQUE($N$47:$N$361), 0) -> 2 | S58: 57 | T58: 0,220540110Plywood 15 cellplast 30OK17
K59: 10 | L59: 7 | N59: =C14 -> -------Når ej 6 MPa | P59: =MATCH(N59, _xlfn.UNIQUE($N$2:$N$361), 0) -> 47 | Q59: =MATCH(N59, _xlfn.UNIQUE($N$47:$N$361), 0) -> 2 | S59: 58 | T59: 0,220540110Plywood 12-19 cellplast 120OK17
... K68: 0 | L68: 2 | N68: =C23 -> -------Når ej 6 MPa | P68: =MATCH(N68, _xlfn.UNIQUE($N$2:$N$361), 0) -> 47 | Q68: =MATCH(N68, _xlfn.UNIQUE($N$47:$N$361), 0) -> 2 | S68: 67 | T68: 0,115540220Plywood 12-19 cellplast 100OK17
K69: 0 | L69: 7 | N69: =C24 -> -------Når ej 6 MPa | P69: =MATCH(N69, _xlfn.UNIQUE($N$2:$N$361), 0) -> 47 | Q69: =MATCH(N69, _xlfn.UNIQUE($N$47:$N$361), 0) -> 2
K70: 0 | L70: 12 | N70: =C25 -> -------Når ej 6 MPa | P70: =MATCH(N70, _xlfn.UNIQUE($N$2:$N$361), 0) -> 47 | Q70: =MATCH(N70, _xlfn.UNIQUE($N$47:$N$361), 0) -> 2
K71: 0 | L71: 20 | N71: =C26 -> -------Når ej 6 MPa | P71: =MATCH(N71, _xlfn.UNIQUE($N$2:$N$361), 0) -> 47 | Q71: =MATCH(N71, _xlfn.UNIQUE($N$47:$N$361), 0) -> 2
K72: -5 | L72: 0 | N72: =C27 -> -------Når ej 6 MPa | P72: =MATCH(N72, _xlfn.UNIQUE($N$2:$N$361), 0) -> 47 | Q72: =MATCH(N72, _xlfn.UNIQUE($N$47:$N$361), 0) -> 2
K73: -5 | L73: 2 | N73: =C28 -> -------Når ej 6 MPa | P73: =MATCH(N73, _xlfn.UNIQUE($N$2:$N$361), 0) -> 47 | Q73: =MATCH(N73, _xlfn.UNIQUE($N$47:$N$361), 0) -> 2
K74: -5 | L74: 7 | N74: =C29 -> -------Når ej 6 MPa | P74: =MATCH(N74, _xlfn.UNIQUE($N$2:$N$361), 0) -> 47 | Q74: =MATCH(N74, _xlfn.UNIQUE($N$47:$N$361), 0) -> 2
K75: -5 | L75: 12 | N75: =C30 -> -------Når ej 6 MPa | P75: =MATCH(N75, _xlfn.UNIQUE($N$2:$N$361), 0) -> 47 | Q75: =MATCH(N75, _xlfn.UNIQUE($N$47:$N$361), 0) -> 2
K76: -5 | L76: 20 | N76: =C31 -> -------Fryser innan täck | P76: =MATCH(N76, _xlfn.UNIQUE($N$2:$N$361), 0) -> 51 | Q76: =MATCH(N76, _xlfn.UNIQUE($N$47:$N$361), 0) -> 6
K77: -10 | L77: 0 | N77: =C32 -> -------Når ej 6 MPa | P77: =MATCH(N77, _xlfn.UNIQUE($N$2:$N$361), 0) -> 47 | Q77: =MATCH(N77, _xlfn.UNIQUE($N$47:$N$361), 0) -> 2
K78: -10 | L78: 2 | N78: =C33 -> -------Når ej 6 MPa | P78: =MATCH(N78, _xlfn.UNIQUE($N$2:$N$361), 0) -> 47 | Q78: =MATCH(N78, _xlfn.UNIQUE($N$47:$N$361), 0) -> 2
K79: -10 | L79: 7 | N79: =C34 -> -------Når ej 6 MPa | P79: =MATCH(N79, _xlfn.UNIQUE($N$2:$N$361), 0) -> 47 | Q79: =MATCH(N79, _xlfn.UNIQUE($N$47:$N$361), 0) -> 2
K80: -10 | L80: 12 | N80: =C35 -> -------Fryser innan täck | P80: =MATCH(N80, _xlfn.UNIQUE($N$2:$N$361), 0) -> 51 | Q80: =MATCH(N80, _xlfn.UNIQUE($N$47:$N$361), 0) -> 6
... K91: -20 | L91: 20 | N91: =C46 -> -------Fryser innan täck | P91: =MATCH(N91, _xlfn.UNIQUE($N$2:$N$361), 0) -> 51 | Q91: =MATCH(N91, _xlfn.UNIQUE($N$47:$N$361), 0) -> 6
K92: 20 | L92: 0 | M92: C25/30 | N92: =D2 -> Bas+0%1520---Plywood 15, oisoleratOK17 | P92: =MATCH(N92, _xlfn.UNIQUE($N$2:$N$361), 0) -> 52 | Q92: =MATCH(N92, _xlfn.UNIQUE($N$47:$N$361), 0) -> 7
K93: 20 | L93: 2 | N93: =D3 -> Bas+0%1520---Plywood 15, oisoleratOK17 | P93: =MATCH(N93, _xlfn.UNIQUE($N$2:$N$361), 0) -> 52 | Q93: =MATCH(N93, _xlfn.UNIQUE($N$47:$N$361), 0) -> 7
K94: 20 | L94: 7 | N94: =D4 -> Bas+0%1520---Plywood 15, oisoleratOK17 | P94: =MATCH(N94, _xlfn.UNIQUE($N$2:$N$361), 0) -> 52 | Q94: =MATCH(N94, _xlfn.UNIQUE($N$47:$N$361), 0) -> 7
K95: 20 | L95: 12 | N95: =D5 -> Bas+0%1520---Plywood 15, oisoleratOK17 | P95: =MATCH(N95, _xlfn.UNIQUE($N$2:$N$361), 0) -> 52 | Q95: =MATCH(N95, _xlfn.UNIQUE($N$47:$N$361), 0) -> 7
K96: 20 | L96: 20 | N96: =D6 -> Bas+0%1520---Plywood 15, oisoleratOK17 | P96: =MATCH(N96, _xlfn.UNIQUE($N$2:$N$361), 0) -> 52 | Q96: =MATCH(N96, _xlfn.UNIQUE($N$47:$N$361), 0) -> 7
K97: 15 | L97: 0 | N97: =D7 -> -------Når ej 6 MPa | P97: =MATCH(N97, _xlfn.UNIQUE($N$2:$N$361), 0) -> 47 | Q97: =MATCH(N97, _xlfn.UNIQUE($N$47:$N$361), 0) -> 2
K98: 15 | L98: 2 | N98: =D8 -> -------Når ej 6 MPa | P98: =MATCH(N98, _xlfn.UNIQUE($N$2:$N$361), 0) -> 47 | Q98: =MATCH(N98, _xlfn.UNIQUE($N$47:$N$361), 0) -> 2
K99: 15 | L99: 7 | N99: =D9 -> -------Når ej 6 MPa | P99: =MATCH(N99, _xlfn.UNIQUE($N$2:$N$361), 0) -> 47 | Q99: =MATCH(N99, _xlfn.UNIQUE($N$47:$N$361), 0) -> 2
K100: 15 | L100: 12 | N100: =D10 -> -------Når ej 6 MPa | P100: =MATCH(N100, _xlfn.UNIQUE($N$2:$N$361), 0) -> 47 | Q100: =MATCH(N100, _xlfn.UNIQUE($N$47:$N$361), 0) -> 2
K101: 15 | L101: 20 | N101: =D11 -> -------Når ej 6 MPa | P101: =MATCH(N101, _xlfn.UNIQUE($N$2:$N$361), 0) -> 47 | Q101: =MATCH(N101, _xlfn.UNIQUE($N$47:$N$361), 0) -> 2
K102: 10 | L102: 0 | N102: =D12 -> -------Når ej 6 MPa | P102: =MATCH(N102, _xlfn.UNIQUE($N$2:$N$361), 0) -> 47 | Q102: =MATCH(N102, _xlfn.UNIQUE($N$47:$N$361), 0) -> 2
K103: 10 | L103: 2 | N103: =D13 -> -------Når ej 6 MPa | P103: =MATCH(N103, _xlfn.UNIQUE($N$2:$N$361), 0) -> 47 | Q103: =MATCH(N103, _xlfn.UNIQUE($N$47:$N$361), 0) -> 2
K104: 10 | L104: 7 | N104: =D14 -> -------Når ej 6 MPa | P104: =MATCH(N104, _xlfn.UNIQUE($N$2:$N$361), 0) -> 47 | Q104: =MATCH(N104, _xlfn.UNIQUE($N$47:$N$361), 0) -> 2
... K136: -20 | L136: 20 | N136: =D46 -> -------Fryser innan täck | P136: =MATCH(N136, _xlfn.UNIQUE($N$2:$N$361), 0) -> 51 | Q136: =MATCH(N136, _xlfn.UNIQUE($N$47:$N$361), 0) -> 6
K137: 20 | L137: 0 | M137: C28/25 | N137: =E2 -> 0,11520---Plywood 15, oisoleratOK17 | P137: =MATCH(N137, _xlfn.UNIQUE($N$2:$N$361), 0) -> 62 | Q137: =MATCH(N137, _xlfn.UNIQUE($N$47:$N$361), 0) -> 17
K138: 20 | L138: 2 | N138: =E3 -> 0,11520---Plywood 15, oisoleratOK17 | P138: =MATCH(N138, _xlfn.UNIQUE($N$2:$N$361), 0) -> 62 | Q138: =MATCH(N138, _xlfn.UNIQUE($N$47:$N$361), 0) -> 17
K139: 20 | L139: 7 | N139: =E4 -> 0,11520---Plywood 15, oisoleratOK17 | P139: =MATCH(N139, _xlfn.UNIQUE($N$2:$N$361), 0) -> 62 | Q139: =MATCH(N139, _xlfn.UNIQUE($N$47:$N$361), 0) -> 17
K140: 20 | L140: 12 | N140: =E5 -> 0,11520---Plywood 15, oisoleratOK17 | P140: =MATCH(N140, _xlfn.UNIQUE($N$2:$N$361), 0) -> 62 | Q140: =MATCH(N140, _xlfn.UNIQUE($N$47:$N$361), 0) -> 17
K141: 20 | L141: 20 | N141: =E6 -> 0,11520---Plywood 15, oisoleratOK17 | P141: =MATCH(N141, _xlfn.UNIQUE($N$2:$N$361), 0) -> 62 | Q141: =MATCH(N141, _xlfn.UNIQUE($N$47:$N$361), 0) -> 17
K142: 15 | L142: 0 | N142: =E7 -> Bas+0%1515---Plywood 15, oisoleratOK17 | P142: =MATCH(N142, _xlfn.UNIQUE($N$2:$N$361), 0) -> 63 | Q142: =MATCH(N142, _xlfn.UNIQUE($N$47:$N$361), 0) -> 18
K143: 15 | L143: 2 | N143: =E8 -> Bas+0%1515---Plywood 15, oisoleratOK17 | P143: =MATCH(N143, _xlfn.UNIQUE($N$2:$N$361), 0) -> 63 | Q143: =MATCH(N143, _xlfn.UNIQUE($N$47:$N$361), 0) -> 18
K144: 15 | L144: 7 | N144: =E9 -> Bas+0%1515---Plywood 15, oisoleratOK17 | P144: =MATCH(N144, _xlfn.UNIQUE($N$2:$N$361), 0) -> 63 | Q144: =MATCH(N144, _xlfn.UNIQUE($N$47:$N$361), 0) -> 18
K145: 15 | L145: 12 | N145: =E10 -> Bas+0%1515---Plywood 15, oisoleratOK17 | P145: =MATCH(N145, _xlfn.UNIQUE($N$2:$N$361), 0) -> 63 | Q145: =MATCH(N145, _xlfn.UNIQUE($N$47:$N$361), 0) -> 18
K146: 15 | L146: 20 | N146: =E11 -> Bas+0%1515---Plywood 15, oisoleratOK17 | P146: =MATCH(N146, _xlfn.UNIQUE($N$2:$N$361), 0) -> 63 | Q146: =MATCH(N146, _xlfn.UNIQUE($N$47:$N$361), 0) -> 18
K147: 10 | L147: 0 | N147: =E12 -> -------Når ej 6 MPa | P147: =MATCH(N147, _xlfn.UNIQUE($N$2:$N$361), 0) -> 47 | Q147: =MATCH(N147, _xlfn.UNIQUE($N$47:$N$361), 0) -> 2
K148: 10 | L148: 2 | N148: =E13 -> -------Når ej 6 MPa | P148: =MATCH(N148, _xlfn.UNIQUE($N$2:$N$361), 0) -> 47 | Q148: =MATCH(N148, _xlfn.UNIQUE($N$47:$N$361), 0) -> 2
K149: 10 | L149: 7 | N149: =E14 -> -------Når ej 6 MPa | P149: =MATCH(N149, _xlfn.UNIQUE($N$2:$N$361), 0) -> 47 | Q149: =MATCH(N149, _xlfn.UNIQUE($N$47:$N$361), 0) -> 2
... K181: -20 | L181: 20 | N181: =E46 -> -------Fryser innan täck | P181: =MATCH(N181, _xlfn.UNIQUE($N$2:$N$361), 0) -> 51 | Q181: =MATCH(N181, _xlfn.UNIQUE($N$47:$N$361), 0) -> 6
K182: 20 | L182: 0 | M182: C30/37 | N182: =F2 -> 0,21520---Plywood 15, oisoleratOK17 | P182: =MATCH(N182, _xlfn.UNIQUE($N$2:$N$361), 0) -> 75 | Q182: =MATCH(N182, _xlfn.UNIQUE($N$47:$N$361), 0) -> 30
K183: 20 | L183: 2 | N183: =F3 -> 0,21520---Plywood 15, oisoleratOK17 | P183: =MATCH(N183, _xlfn.UNIQUE($N$2:$N$361), 0) -> 75 | Q183: =MATCH(N183, _xlfn.UNIQUE($N$47:$N$361), 0) -> 30
K184: 20 | L184: 7 | N184: =F4 -> 0,21520---Plywood 15, oisoleratOK17 | P184: =MATCH(N184, _xlfn.UNIQUE($N$2:$N$361), 0) -> 75 | Q184: =MATCH(N184, _xlfn.UNIQUE($N$47:$N$361), 0) -> 30
K185: 20 | L185: 12 | N185: =F5 -> 0,21520---Plywood 15, oisoleratOK17 | P185: =MATCH(N185, _xlfn.UNIQUE($N$2:$N$361), 0) -> 75 | Q185: =MATCH(N185, _xlfn.UNIQUE($N$47:$N$361), 0) -> 30
K186: 20 | L186: 20 | N186: =F6 -> 0,21520---Plywood 15, oisoleratOK17 | P186: =MATCH(N186, _xlfn.UNIQUE($N$2:$N$361), 0) -> 75 | Q186: =MATCH(N186, _xlfn.UNIQUE($N$47:$N$361), 0) -> 30
K187: 15 | L187: 0 | N187: =F7 -> 0,11515---Plywood 15, oisoleratOK17 | P187: =MATCH(N187, _xlfn.UNIQUE($N$2:$N$361), 0) -> 76 | Q187: =MATCH(N187, _xlfn.UNIQUE($N$47:$N$361), 0) -> 31
K188: 15 | L188: 2 | N188: =F8 -> 0,11515---Plywood 15, oisoleratOK17 | P188: =MATCH(N188, _xlfn.UNIQUE($N$2:$N$361), 0) -> 76 | Q188: =MATCH(N188, _xlfn.UNIQUE($N$47:$N$361), 0) -> 31
K189: 15 | L189: 7 | N189: =F9 -> 0,11515---Plywood 15, oisoleratOK17 | P189: =MATCH(N189, _xlfn.UNIQUE($N$2:$N$361), 0) -> 76 | Q189: =MATCH(N189, _xlfn.UNIQUE($N$47:$N$361), 0) -> 31
K190: 15 | L190: 12 | N190: =F10 -> 0,11515--PresenningPlywood 15, oisoleratOK17 | P190: =MATCH(N190, _xlfn.UNIQUE($N$2:$N$361), 0) -> 77 | Q190: =MATCH(N190, _xlfn.UNIQUE($N$47:$N$361), 0) -> 32
K191: 15 | L191: 20 | N191: =F11 -> 0,11515--PresenningPlywood 15, oisoleratOK17 | P191: =MATCH(N191, _xlfn.UNIQUE($N$2:$N$361), 0) -> 77 | Q191: =MATCH(N191, _xlfn.UNIQUE($N$47:$N$361), 0) -> 32
K192: 10 | L192: 0 | N192: =F12 -> -------Når ej 6 MPa | P192: =MATCH(N192, _xlfn.UNIQUE($N$2:$N$361), 0) -> 47 | Q192: =MATCH(N192, _xlfn.UNIQUE($N$47:$N$361), 0) -> 2
K193: 10 | L193: 2 | N193: =F13 -> -------Når ej 6 MPa | P193: =MATCH(N193, _xlfn.UNIQUE($N$2:$N$361), 0) -> 47 | Q193: =MATCH(N193, _xlfn.UNIQUE($N$47:$N$361), 0) -> 2
K194: 10 | L194: 7 | N194: =F14 -> -------Når ej 6 MPa | P194: =MATCH(N194, _xlfn.UNIQUE($N$2:$N$361), 0) -> 47 | Q194: =MATCH(N194, _xlfn.UNIQUE($N$47:$N$361), 0) -> 2
... K226: -20 | L226: 20 | N226: =F46 -> -------Fryser innan täck | P226: =MATCH(N226, _xlfn.UNIQUE($N$2:$N$361), 0) -> 51 | Q226: =MATCH(N226, _xlfn.UNIQUE($N$47:$N$361), 0) -> 6
K227: 20 | L227: 0 | M227: C32/40 | N227: =G2 -> 0,21520---Plywood 15, oisoleratOK17 | P227: =MATCH(N227, _xlfn.UNIQUE($N$2:$N$361), 0) -> 75 | Q227: =MATCH(N227, _xlfn.UNIQUE($N$47:$N$361), 0) -> 30
K228: 20 | L228: 2 | N228: =G3 -> 0,21520---Plywood 15, oisoleratOK17 | P228: =MATCH(N228, _xlfn.UNIQUE($N$2:$N$361), 0) -> 75 | Q228: =MATCH(N228, _xlfn.UNIQUE($N$47:$N$361), 0) -> 30
K229: 20 | L229: 7 | N229: =G4 -> 0,21520---Plywood 15, oisoleratOK17 | P229: =MATCH(N229, _xlfn.UNIQUE($N$2:$N$361), 0) -> 75 | Q229: =MATCH(N229, _xlfn.UNIQUE($N$47:$N$361), 0) -> 30
K230: 20 | L230: 12 | N230: =G5 -> 0,21520---Plywood 15, oisoleratOK17 | P230: =MATCH(N230, _xlfn.UNIQUE($N$2:$N$361), 0) -> 75 | Q230: =MATCH(N230, _xlfn.UNIQUE($N$47:$N$361), 0) -> 30
K231: 20 | L231: 20 | N231: =G6 -> 0,21520---Plywood 15, oisoleratOK17 | P231: =MATCH(N231, _xlfn.UNIQUE($N$2:$N$361), 0) -> 75 | Q231: =MATCH(N231, _xlfn.UNIQUE($N$47:$N$361), 0) -> 30
K232: 15 | L232: 0 | N232: =G7 -> 0,11515---Plywood 15, oisoleratOK17 | P232: =MATCH(N232, _xlfn.UNIQUE($N$2:$N$361), 0) -> 76 | Q232: =MATCH(N232, _xlfn.UNIQUE($N$47:$N$361), 0) -> 31
K233: 15 | L233: 2 | N233: =G8 -> 0,11515---Plywood 15, oisoleratOK17 | P233: =MATCH(N233, _xlfn.UNIQUE($N$2:$N$361), 0) -> 76 | Q233: =MATCH(N233, _xlfn.UNIQUE($N$47:$N$361), 0) -> 31
K234: 15 | L234: 7 | N234: =G9 -> 0,11515---Plywood 15, oisoleratOK17 | P234: =MATCH(N234, _xlfn.UNIQUE($N$2:$N$361), 0) -> 76 | Q234: =MATCH(N234, _xlfn.UNIQUE($N$47:$N$361), 0) -> 31
K235: 15 | L235: 12 | N235: =G10 -> 0,11515---Plywood 15, oisoleratOK17 | P235: =MATCH(N235, _xlfn.UNIQUE($N$2:$N$361), 0) -> 76 | Q235: =MATCH(N235, _xlfn.UNIQUE($N$47:$N$361), 0) -> 31
K236: 15 | L236: 20 | N236: =G11 -> 0,11515---Plywood 15, oisoleratOK17 | P236: =MATCH(N236, _xlfn.UNIQUE($N$2:$N$361), 0) -> 76 | Q236: =MATCH(N236, _xlfn.UNIQUE($N$47:$N$361), 0) -> 31
K237: 10 | L237: 0 | N237: =G12 -> Bas+0%1510---Plywood 15, oisoleratOK17 | P237: =MATCH(N237, _xlfn.UNIQUE($N$2:$N$361), 0) -> 86 | Q237: =MATCH(N237, _xlfn.UNIQUE($N$47:$N$361), 0) -> 41
K238: 10 | L238: 2 | N238: =G13 -> -------Når ej 6 MPa | P238: =MATCH(N238, _xlfn.UNIQUE($N$2:$N$361), 0) -> 47 | Q238: =MATCH(N238, _xlfn.UNIQUE($N$47:$N$361), 0) -> 2
K239: 10 | L239: 7 | N239: =G14 -> -------Når ej 6 MPa | P239: =MATCH(N239, _xlfn.UNIQUE($N$2:$N$361), 0) -> 47 | Q239: =MATCH(N239, _xlfn.UNIQUE($N$47:$N$361), 0) -> 2
... K271: -20 | L271: 20 | N271: =G46 -> -------Fryser innan täck | P271: =MATCH(N271, _xlfn.UNIQUE($N$2:$N$361), 0) -> 51 | Q271: =MATCH(N271, _xlfn.UNIQUE($N$47:$N$361), 0) -> 6
K272: 20 | L272: 0 | M272: C35/45 | N272: =H2 -> 0,31520---Plywood 15, oisoleratOK17 | P272: =MATCH(N272, _xlfn.UNIQUE($N$2:$N$361), 0) -> 95 | Q272: =MATCH(N272, _xlfn.UNIQUE($N$47:$N$361), 0) -> 50
K273: 20 | L273: 2 | N273: =H3 -> 0,31520---Plywood 15, oisoleratOK17 | P273: =MATCH(N273, _xlfn.UNIQUE($N$2:$N$361), 0) -> 95 | Q273: =MATCH(N273, _xlfn.UNIQUE($N$47:$N$361), 0) -> 50
K274: 20 | L274: 7 | N274: =H4 -> 0,31520---Plywood 15, oisoleratOK17 | P274: =MATCH(N274, _xlfn.UNIQUE($N$2:$N$361), 0) -> 95 | Q274: =MATCH(N274, _xlfn.UNIQUE($N$47:$N$361), 0) -> 50
...

Sheet Lathund
A1: Temperatur [°C] | B1: Vind [m/s] | C1: C20/25 | D1: C25/30 | E1: C28/37 | F1: C30/37 | G1: C32/40 | H1: C35/45 | I1: C40/50
B2: 0 | C2: ='Data till Lathund, Kådgenererin'!P47 -> 46 | D2: ='Data till Lathund, Kådgenererin'!P92 -> 52 | E2: ='Data till Lathund, Kådgenererin'!P137 -> 62 | F2: ='Data till Lathund, Kådgenererin'!P182 -> 75 | G2: ='Data till Lathund, Kådgenererin'!P227 -> 75 | H2: ='Data till Lathund, Kådgenererin'!P272 -> 95 | I2: ='Data till Lathund, Kådgenererin'!P317 -> 95 | M2: 0-20 | N2: 3 | O2: Innan beteongvinter | P2: 0-20 | Q2: 1.3333333
B3: 2 | C3: ='Data till Lathund, Kådgenererin'!P48 -> 47 | D3: ='Data till Lathund, Kådgenererin'!P93 -> 52 | E3: ='Data till Lathund, Kådgenererin'!P138 -> 62 | F3: ='Data till Lathund, Kådgenererin'!P183 -> 75 | G3: ='Data till Lathund, Kådgenererin'!P228 -> 75 | H3: ='Data till Lathund, Kådgenererin'!P273 -> 95 | I3: ='Data till Lathund, Kådgenererin'!P318 -> 95 | M3: 2-20 | N3: 5 | P3: 2-20 | Q3: 3.3333333
A4: 20 | B4: 7 | C4: ='Data till Lathund, Kådgenererin'!P49 -> 47 | D4: ='Data till Lathund, Kådgenererin'!P94 -> 52 | E4: ='Data till Lathund, Kådgenererin'!P139 -> 62 | F4: ='Data till Lathund, Kådgenererin'!P184 -> 75 | G4: ='Data till Lathund, Kådgenererin'!P229 -> 75 | H4: ='Data till Lathund, Kådgenererin'!P274 -> 95 | I4: ='Data till Lathund, Kådgenererin'!P319 -> 95 | M4: 7-20 | N4: 6 | P4: 7-20 | Q4: 6
B5: 12 | C5: ='Data till Lathund, Kådgenererin'!P50 -> 47 | D5: ='Data till Lathund, Kådgenererin'!P95 -> 52 | E5: ='Data till Lathund, Kådgenererin'!P140 -> 62 | F5: ='Data till Lathund, Kådgenererin'!P185 -> 75 | G5: ='Data till Lathund, Kådgenererin'!P230 -> 75 | H5: ='Data till Lathund, Kådgenererin'!P275 -> 95 | I5: ='Data till Lathund, Kådgenererin'!P320 -> 95 | M5: 12-20 | N5: 6 | P5: 12-20 | Q5: 6.3333333
B6: 20 | C6: ='Data till Lathund, Kådgenererin'!P51 -> 47 | D6: ='Data till Lathund, Kådgenererin'!P96 -> 52 | E6: ='Data till Lathund, Kådgenererin'!P141 -> 62 | F6: ='Data till Lathund, Kådgenererin'!P186 -> 75 | G6: ='Data till Lathund, Kådgenererin'!P231 -> 75 | H6: ='Data till Lathund, Kådgenererin'!P276 -> 95 | I6: ='Data till Lathund, Kådgenererin'!P321 -> 95
B7: 0 | C7: ='Data till Lathund, Kådgenererin'!P52 -> 47 | D7: ='Data till Lathund, Kådgenererin'!P97 -> 47 | E7: ='Data till Lathund, Kådgenererin'!P142 -> 63 | F7: ='Data till Lathund, Kådgenererin'!P187 -> 76 | G7: ='Data till Lathund, Kådgenererin'!P232 -> 76 | H7: ='Data till Lathund, Kådgenererin'!P277 -> 96 | I7: ='Data till Lathund, Kådgenererin'!P322 -> 96 | M7: 0-20 | N7: 1
B8: 2 | C8: ='Data till Lathund, Kådgenererin'!P53 -> 47 | D8: ='Data till Lathund, Kådgenererin'!P98 -> 47 | E8: ='Data till Lathund, Kådgenererin'!P143 -> 63 | F8: ='Data till Lathund, Kådgenererin'!P188 -> 76 | G8: ='Data till Lathund, Kådgenererin'!P233 -> 76 | H8: ='Data till Lathund, Kådgenererin'!P278 -> 96 | I8: ='Data till Lathund, Kådgenererin'!P323 -> 96 | M8: 2-20 | N8: 3
A9: 15 | B9: 7 | C9: ='Data till Lathund, Kådgenererin'!P54 -> 47 | D9: ='Data till Lathund, Kådgenererin'!P99 -> 47 | E9: ='Data till Lathund, Kådgenererin'!P144 -> 63 | F9: ='Data till Lathund, Kådgenererin'!P189 -> 76 | G9: ='Data till Lathund, Kådgenererin'!P234 -> 76 | H9: ='Data till Lathund, Kådgenererin'!P279 -> 96 | I9: ='Data till Lathund, Kådgenererin'!P324 -> 96 | M9: 7-20 | N9: 6
B10: 12 | C10: ='Data till Lathund, Kådgenererin'!P55 -> 47 | D10: ='Data till Lathund, Kådgenererin'!P100 -> 47 | E10: ='Data till Lathund, Kådgenererin'!P145 -> 63 | F10: ='Data till Lathund, Kådgenererin'!P190 -> 77 | G10: ='Data till Lathund, Kådgenererin'!P235 -> 76 | H10: ='Data till Lathund, Kådgenererin'!P280 -> 96 | I10: ='Data till Lathund, Kådgenererin'!P325 -> 96 | M10: 12-20 | N10: 6
B11: 20 | C11: ='Data till Lathund, Kådgenererin'!P56 -> 47 | D11: ='Data till Lathund, Kådgenererin'!P101 -> 47 | E11: ='Data till Lathund, Kådgenererin'!P146 -> 63 | F11: ='Data till Lathund, Kådgenererin'!P191 -> 77 | G11: ='Data till Lathund, Kådgenererin'!P236 -> 76 | H11: ='Data till Lathund, Kådgenererin'!P281 -> 97 | I11: ='Data till Lathund, Kådgenererin'!P326 -> 96
B12: 0 | C12: ='Data till Lathund, Kådgenererin'!P57 -> 47 | D12: ='Data till Lathund, Kådgenererin'!P102 -> 47 | E12: ='Data till Lathund, Kådgenererin'!P147 -> 47 | F12: ='Data till Lathund, Kådgenererin'!P192 -> 47 | G12: ='Data till Lathund, Kådgenererin'!P237 -> 86 | H12: ='Data till Lathund, Kådgenererin'!P282 -> 98 | I12: ='Data till Lathund, Kådgenererin'!P327 -> 98 | M12: 0-20 | N12: 0
B13: 2 | C13: ='Data till Lathund, Kådgenererin'!P58 -> 47 | D13: ='Data till Lathund, Kådgenererin'!P103 -> 47 | E13: ='Data till Lathund, Kådgenererin'!P148 -> 47 | F13: ='Data till Lathund, Kådgenererin'!P193 -> 47 | G13: ='Data till Lathund, Kådgenererin'!P238 -> 47 | H13: ='Data till Lathund, Kådgenererin'!P283 -> 86 | I13: ='Data till Lathund, Kådgenererin'!P328 -> 98 | M13: 2-20 | N13: 2
A14: 10 | B14: 7 | C14: ='Data till Lathund, Kådgenererin'!P59 -> 47 | D14: ='Data till Lathund, Kådgenererin'!P104 -> 47 | E14: ='Data till Lathund, Kådgenererin'!P149 -> 47 | F14: ='Data till Lathund, Kådgenererin'!P194 -> 47 | G14: ='Data till Lathund, Kådgenererin'!P239 -> 47 | H14: ='Data till Lathund, Kådgenererin'!P284 -> 99 | I14: ='Data till Lathund, Kådgenererin'!P329 -> 106 | M14: 7-20 | N14: 6
B15: 12 | C15: ='Data till Lathund, Kådgenererin'!P60 -> 47 | D15: ='Data till Lathund, Kådgenererin'!P105 -> 47 | E15: ='Data till Lathund, Kådgenererin'!P150 -> 47 | F15: ='Data till Lathund, Kådgenererin'!P195 -> 47 | G15: ='Data till Lathund, Kådgenererin'!P240 -> 47 | H15: ='Data till Lathund, Kådgenererin'!P285 -> 99 | I15: ='Data till Lathund, Kådgenererin'!P330 -> 106 | M15: 12-20 | N15: 7
B16: 20 | C16: ='Data till Lathund, Kådgenererin'!P61 -> 47 | D16: ='Data till Lathund, Kådgenererin'!P106 -> 47 | E16: ='Data till Lathund, Kådgenererin'!P151 -> 47 | F16: ='Data till Lathund, Kådgenererin'!P196 -> 47 | G16: ='Data till Lathund, Kådgenererin'!P241 -> 47 | H16: ='Data till Lathund, Kådgenererin'!P286 -> 99 | I16: ='Data till Lathund, Kådgenererin'!P331 -> 106
B17: 0 | C17: ='Data till Lathund, Kådgenererin'!P62 -> 48 | D17: ='Data till Lathund, Kådgenererin'!P107 -> 53 | E17: ='Data till Lathund, Kådgenererin'!P152 -> 64 | F17: ='Data till Lathund, Kådgenererin'!P197 -> 78 | G17: ='Data till Lathund, Kådgenererin'!P242 -> 87 | H17: ='Data till Lathund, Kådgenererin'!P287 -> 100 | I17: ='Data till Lathund, Kådgenererin'!P332 -> 107 | M17: 0-20 | N17: 1 | O17: Betongvinter innan frys | P17: 0-20 | Q17: 1
B18: 2 | C18: ='Data till Lathund, Kådgenererin'!P63 -> 49 | D18: ='Data till Lathund, Kådgenererin'!P108 -> 54 | E18: ='Data till Lathund, Kådgenererin'!P153 -> 65 | F18: ='Data till Lathund, Kådgenererin'!P198 -> 79 | G18: ='Data till Lathund, Kådgenererin'!P243 -> 88 | H18: ='Data till Lathund, Kådgenererin'!P288 -> 101 | I18: ='Data till Lathund, Kådgenererin'!P333 -> 108 | M18: 2-20 | N18: 3 | P18: 2-20 | Q18: 2.6666667
A19: 5 | B19: 7 | C19: ='Data till Lathund, Kådgenererin'!P64 -> 47 | D19: ='Data till Lathund, Kådgenererin'!P109 -> 55 | E19: ='Data till Lathund, Kådgenererin'!P154 -> 66 | F19: ='Data till Lathund, Kådgenererin'!P199 -> 80 | G19: ='Data till Lathund, Kådgenererin'!P244 -> 89 | H19: ='Data till Lathund, Kådgenererin'!P289 -> 102 | I19: ='Data till Lathund, Kådgenererin'!P334 -> 109 | M19: 7-20 | N19: 6 | P19: 7-20 | Q19: 6 | R19: 0.85714286
B20: 12 | C20: ='Data till Lathund, Kådgenererin'!P65 -> 47 | D20: ='Data till Lathund, Kådgenererin'!P110 -> 56 | E20: ='Data till Lathund, Kådgenererin'!P155 -> 67 | F20: ='Data till Lathund, Kådgenererin'!P200 -> 81 | G20: ='Data till Lathund, Kådgenererin'!P245 -> 90 | H20: ='Data till Lathund, Kådgenererin'!P290 -> 103 | I20: ='Data till Lathund, Kådgenererin'!P335 -> 109 | M20: 12-20 | N20: 7 | P20: 12-20 | Q20: 6.3333333
B21: 20 | C21: ='Data till Lathund, Kådgenererin'!P66 -> 47 | D21: ='Data till Lathund, Kådgenererin'!P111 -> 57 | E21: ='Data till Lathund, Kådgenererin'!P156 -> 68 | F21: ='Data till Lathund, Kådgenererin'!P201 -> 81 | G21: ='Data till Lathund, Kådgenererin'!P246 -> 90 | H21: ='Data till Lathund, Kådgenererin'!P291 -> 103 | I21: ='Data till Lathund, Kådgenererin'!P336 -> 101
B22: 0 | C22: ='Data till Lathund, Kådgenererin'!P67 -> 50 | D22: ='Data till Lathund, Kådgenererin'!P112 -> 54 | E22: ='Data till Lathund, Kådgenererin'!P157 -> 69 | F22: ='Data till Lathund, Kådgenererin'!P202 -> 82 | G22: ='Data till Lathund, Kådgenererin'!P247 -> 91 | H22: ='Data till Lathund, Kådgenererin'!P292 -> 87 | I22: ='Data till Lathund, Kådgenererin'!P337 -> 109 | M22: 0-20 | N22: 1
B23: 2 | C23: ='Data till Lathund, Kådgenererin'!P68 -> 47 | D23: ='Data till Lathund, Kådgenererin'!P113 -> 58 | E23: ='Data till Lathund, Kådgenererin'!P158 -> 68 | F23: ='Data till Lathund, Kådgenererin'!P203 -> 83 | G23: ='Data till Lathund, Kådgenererin'!P248 -> 92 | H23: ='Data till Lathund, Kådgenererin'!P293 -> 103 | I23: ='Data till Lathund, Kådgenererin'!P338 -> 101 | M23: 2-20 | N23: 3
A24: 0 | B24: 7 | C24: ='Data till Lathund, Kådgenererin'!P69 -> 47 | D24: ='Data till Lathund, Kådgenererin'!P114 -> 59 | E24: ='Data till Lathund, Kådgenererin'!P159 -> 70 | F24: ='Data till Lathund, Kådgenererin'!P204 -> 67 | G24: ='Data till Lathund, Kådgenererin'!P249 -> 82 | H24: ='Data till Lathund, Kådgenererin'!P294 -> 103 | I24: ='Data till Lathund, Kådgenererin'!P339 -> 110 | M24: 7-20 | N24: 7
B25: 12 | C25: ='Data till Lathund, Kådgenererin'!P70 -> 47 | D25: ='Data till Lathund, Kådgenererin'!P115 -> 49 | E25: ='Data till Lathund, Kådgenererin'!P160 -> 71 | F25: ='Data till Lathund, Kådgenererin'!P205 -> 68 | G25: ='Data till Lathund, Kådgenererin'!P250 -> 69 | H25: ='Data till Lathund, Kådgenererin'!P295 -> 88 | I25: ='Data till Lathund, Kådgenererin'!P340 -> 103 | M25: 12-20 | N25: 7
B26: 20 | C26: ='Data till Lathund, Kådgenererin'!P71 -> 47 | D26: ='Data till Lathund, Kådgenererin'!P116 -> 47 | E26: ='Data till Lathund, Kådgenererin'!P161 -> 72 | F26: ='Data till Lathund, Kådgenererin'!P206 -> 70 | G26: ='Data till Lathund, Kådgenererin'!P251 -> 81 | H26: ='Data till Lathund, Kådgenererin'!P296 -> 88 | I26: ='Data till Lathund, Kådgenererin'!P341 -> 103
B27: 0 | C27: ='Data till Lathund, Kådgenererin'!P72 -> 47 | D27: ='Data till Lathund, Kådgenererin'!P117 -> 57 | E27: ='Data till Lathund, Kådgenererin'!P162 -> 68 | F27: ='Data till Lathund, Kådgenererin'!P207 -> 83 | G27: ='Data till Lathund, Kådgenererin'!P252 -> 92 | H27: ='Data till Lathund, Kådgenererin'!P297 -> 103 | I27: ='Data till Lathund, Kådgenererin'!P342 -> 111 | M27: 0-20 | N27: 1
B28: 2 | C28: ='Data till Lathund, Kådgenererin'!P73 -> 47 | D28: ='Data till Lathund, Kådgenererin'!P118 -> 59 | E28: ='Data till Lathund, Kådgenererin'!P163 -> 70 | F28: ='Data till Lathund, Kådgenererin'!P208 -> 68 | G28: ='Data till Lathund, Kådgenererin'!P253 -> 82 | H28: ='Data till Lathund, Kådgenererin'!P298 -> 88 | I28: ='Data till Lathund, Kådgenererin'!P343 -> 103 | M28: 2-20 | N28: 2
A29: -5 | B29: 7 | C29: ='Data till Lathund, Kådgenererin'!P74 -> 47 | D29: ='Data till Lathund, Kådgenererin'!P119 -> 47 | E29: ='Data till Lathund, Kådgenererin'!P164 -> 57 | F29: ='Data till Lathund, Kådgenererin'!P209 -> 84 | G29: ='Data till Lathund, Kådgenererin'!P254 -> 67 | H29: ='Data till Lathund, Kådgenererin'!P299 -> 104 | I29: ='Data till Lathund, Kådgenererin'!P344 -> 88 | M29: 7-20 | N29: 5
B30: 12 | C30: ='Data till Lathund, Kådgenererin'!P75 -> 47 | D30: ='Data till Lathund, Kådgenererin'!P120 -> 47 | E30: ='Data till Lathund, Kådgenererin'!P165 -> 60 | F30: ='Data till Lathund, Kådgenererin'!P210 -> 72 | G30: ='Data till Lathund, Kådgenererin'!P255 -> 68 | H30: ='Data till Lathund, Kådgenererin'!P300 -> 82 | I30: ='Data till Lathund, Kådgenererin'!P345 -> 89 | M30: 12-20 | N30: 5
B31: 20 | C31: ='Data till Lathund, Kådgenererin'!P76 -> 51 | D31: ='Data till Lathund, Kådgenererin'!P121 -> 51 | E31: ='Data till Lathund, Kådgenererin'!P166 -> 51 | F31: ='Data till Lathund, Kådgenererin'!P211 -> 51 | G31: ='Data till Lathund, Kådgenererin'!P256 -> 51 | H31: ='Data till Lathund, Kådgenererin'!P301 -> 51 | I31: ='Data till Lathund, Kådgenererin'!P346 -> 51
B32: 0 | C32: ='Data till Lathund, Kådgenererin'!P77 -> 47 | D32: ='Data till Lathund, Kådgenererin'!P122 -> 60 | E32: ='Data till Lathund, Kådgenererin'!P167 -> 70 | F32: ='Data till Lathund, Kådgenererin'!P212 -> 69 | G32: ='Data till Lathund, Kådgenererin'!P257 -> 79 | H32: ='Data till Lathund, Kådgenererin'!P302 -> 88 | I32: ='Data till Lathund, Kådgenererin'!P347 -> 103 | M32: 0-20 | N32: 0 | O32: När de börjar frysa | P32: 0-20 | Q32: 0
B33: 2 | C33: ='Data till Lathund, Kådgenererin'!P78 -> 47 | D33: ='Data till Lathund, Kådgenererin'!P123 -> 61 | E33: ='Data till Lathund, Kådgenererin'!P168 -> 73 | F33: ='Data till Lathund, Kådgenererin'!P213 -> 84 | G33: ='Data till Lathund, Kådgenererin'!P258 -> 67 | H33: ='Data till Lathund, Kådgenererin'!P303 -> 104 | I33: ='Data till Lathund, Kådgenererin'!P348 -> 88 | M33: 2-20 | N33: 0 | P33: 2-20 | Q33: 0
A34: -10 | B34: 7 | C34: ='Data till Lathund, Kådgenererin'!P79 -> 47 | D34: ='Data till Lathund, Kådgenererin'!P124 -> 47 | E34: ='Data till Lathund, Kådgenererin'!P169 -> 59 | F34: ='Data till Lathund, Kådgenererin'!P214 -> 59 | G34: ='Data till Lathund, Kådgenererin'!P259 -> 71 | H34: ='Data till Lathund, Kådgenererin'!P304 -> 65 | I34: ='Data till Lathund, Kådgenererin'!P349 -> 79 | M34: 7-20 | N34: 0 | P34: 7-20 | Q34: 4.6666667
B35: 12 | C35: ='Data till Lathund, Kådgenererin'!P80 -> 51 | D35: ='Data till Lathund, Kådgenererin'!P125 -> 51 | E35: ='Data till Lathund, Kådgenererin'!P170 -> 51 | F35: ='Data till Lathund, Kådgenererin'!P215 -> 51 | G35: ='Data till Lathund, Kådgenererin'!P260 -> 51 | H35: ='Data till Lathund, Kådgenererin'!P305 -> 51 | I35: ='Data till Lathund, Kådgenererin'!P350 -> 51 | M35: 12-20 | N35: 7 | P35: 12-20 | Q35: 7
B36: 20 | C36: ='Data till Lathund, Kådgenererin'!P81 -> 51 | D36: ='Data till Lathund, Kådgenererin'!P126 -> 51 | E36: ='Data till Lathund, Kådgenererin'!P171 -> 51 | F36: ='Data till Lathund, Kådgenererin'!P216 -> 51 | G36: ='Data till Lathund, Kådgenererin'!P261 -> 51 | H36: ='Data till Lathund, Kådgenererin'!P306 -> 51 | I36: ='Data till Lathund, Kådgenererin'!P351 -> 51
B37: 0 | C37: ='Data till Lathund, Kådgenererin'!P82 -> 47 | D37: ='Data till Lathund, Kådgenererin'!P127 -> 47 | E37: ='Data till Lathund, Kådgenererin'!P172 -> 74 | F37: ='Data till Lathund, Kådgenererin'!P217 -> 85 | G37: ='Data till Lathund, Kådgenererin'!P262 -> 93 | H37: ='Data till Lathund, Kådgenererin'!P307 -> 105 | I37: ='Data till Lathund, Kådgenererin'!P352 -> 112 | M37: 0-20 | N37: 0
B38: 2 | C38: ='Data till Lathund, Kådgenererin'!P83 -> 47 | D38: ='Data till Lathund, Kådgenererin'!P128 -> 47 | E38: ='Data till Lathund, Kådgenererin'!P173 -> 47 | F38: ='Data till Lathund, Kådgenererin'!P218 -> 47 | G38: ='Data till Lathund, Kådgenererin'!P263 -> 94 | H38: ='Data till Lathund, Kådgenererin'!P308 -> 85 | I38: ='Data till Lathund, Kådgenererin'!P353 -> 113 | M38: 2-20 | N38: 0
A39: -15 | B39: 7 | C39: ='Data till Lathund, Kådgenererin'!P84 -> 51 | D39: ='Data till Lathund, Kådgenererin'!P129 -> 51 | E39: ='Data till Lathund, Kådgenererin'!P174 -> 51 | F39: ='Data till Lathund, Kådgenererin'!P219 -> 51 | G39: ='Data till Lathund, Kådgenererin'!P264 -> 51 | H39: ='Data till Lathund, Kådgenererin'!P309 -> 51 | I39: ='Data till Lathund, Kådgenererin'!P354 -> 51 | M39: 7-20 | N39: 7
