Workbook

Sheet Bjälklag (Bas+0% slagg)
A1: Kvalitet | B1: Gjuttemperatur | C1: Temperatur motgjutningsyta | D1: Värmekabel | E1: Antal värmekablar | F1: Täckning [mm] | G1: Formisolering [mm] | H1: Temperatur | I1: Vind | J1: <17 Timmar och >6 Mpa | K1: OK<17 Timamr | L1: Kommentar | M1: Åtgärdskåd
A2: C25/30 | B2: 15 | C2: 20 | D2: - | E2: - | F2: - | G2: Plywood 15, oisolerat | H2: 20 | I2: 0 | J2: 15.3 | M2: =Table155[[#This Row],[Kvalitet]]&Table155[[#This Row],[Gjuttemperatur]]&Table155[[#This Row],[Temperatur motgjutningsyta]]&Table155[[#This Row],[Värmekabel]]&Table155[[#This Row],[Täckning '[mm']]]&Table155[[#This Row],[OK<17 Timamr]]&Table155[[#This Row],[Kommentar]] -> C25/301520--
A3: C25/30 | B3: 15 | C3: 20 | D3: - | E3: - | F3: - | G3: Plywood 15, oisolerat | H3: 20 | I3: 2 | J3: 15.3 | M3: =Table155[[#This Row],[Kvalitet]]&Table155[[#This Row],[Gjuttemperatur]]&Table155[[#This Row],[Temperatur motgjutningsyta]]&Table155[[#This Row],[Värmekabel]]&Table155[[#This Row],[Täckning '[mm']]]&Table155[[#This Row],[OK<17 Timamr]]&Table155[[#This Row],[Kommentar]] -> C25/301520--
A4: C25/30 | B4: 15 | C4: 20 | D4: - | E4: - | F4: - | G4: Plywood 15, oisolerat | H4: 20 | I4: 7 | J4: 15.3 | M4: =Table155[[#This Row],[Kvalitet]]&Table155[[#This Row],[Gjuttemperatur]]&Table155[[#This Row],[Temperatur motgjutningsyta]]&Table155[[#This Row],[Värmekabel]]&Table155[[#This Row],[Täckning '[mm']]]&Table155[[#This Row],[OK<17 Timamr]]&Table155[[#This Row],[Kommentar]] -> C25/301520--
A5: C25/30 | B5: 15 | C5: 20 | D5: - | E5: - | F5: - | G5: Plywood 15, oisolerat | H5: 20 | I5: 12 | J5: 15.3 | M5: =Table155[[#This Row],[Kvalitet]]&Table155[[#This Row],[Gjuttemperatur]]&Table155[[#This Row],[Temperatur motgjutningsyta]]&Table155[[#This Row],[Värmekabel]]&Table155[[#This Row],[Täckning '[mm']]]&Table155[[#This Row],[OK<17 Timamr]]&Table155[[#This Row],[Kommentar]] -> C25/301520--
A6: C25/30 | B6: 15 | C6: 20 | D6: - | E6: - | F6: - | G6: Plywood 15, oisolerat | H6: 20 | I6: 20 | J6: 15.3 | M6: =Table155[[#This Row],[Kvalitet]]&Table155[[#This Row],[Gjuttemperatur]]&Table155[[#This Row],[Temperatur motgjutningsyta]]&Table155[[#This Row],[Värmekabel]]&Table155[[#This Row],[Täckning '[mm']]]&Table155[[#This Row],[OK<17 Timamr]]&Table155[[#This Row],[Kommentar]] -> C25/301520--
A7: C28/35 | B7: 15 | C7: 15 | D7: - | E7: - | F7: - | G7: Plywood 15, oisolerat | H7: 15 | I7: 0 | J7: 15.7 | M7: =Table155[[#This Row],[Kvalitet]]&Table155[[#This Row],[Gjuttemperatur]]&Table155[[#This Row],[Temperatur motgjutningsyta]]&Table155[[#This Row],[Värmekabel]]&Table155[[#This Row],[Täckning '[mm']]]&Table155[[#This Row],[OK<17 Timamr]]&Table155[[#This Row],[Kommentar]] -> C28/351515--
A8: C28/35 | B8: 15 | C8: 15 | D8: - | E8: - | F8: - | G8: Plywood 15, oisolerat | H8: 15 | I8: 2 | J8: 15.9 | M8: =Table155[[#This Row],[Kvalitet]]&Table155[[#This Row],[Gjuttemperatur]]&Table155[[#This Row],[Temperatur motgjutningsyta]]&Table155[[#This Row],[Värmekabel]]&Table155[[#This Row],[Täckning '[mm']]]&Table155[[#This Row],[OK<17 Timamr]]&Table155[[#This Row],[Kommentar]] -> C28/351515--
A9: C28/35 | B9: 15 | C9: 15 | D9: - | E9: - | F9: - | G9: Plywood 15, oisolerat | H9: 15 | I9: 7 | J9: 16 | M9: =Table155[[#This Row],[Kvalitet]]&Table155[[#This Row],[Gjuttemperatur]]&Table155[[#This Row],[Temperatur motgjutningsyta]]&Table155[[#This Row],[Värmekabel]]&Table155[[#This Row],[Täckning '[mm']]]&Table155[[#This Row],[OK<17 Timamr]]&Table155[[#This Row],[Kommentar]] -> C28/351515--
A10: C28/35 | B10: 15 | C10: 15 | D10: - | E10: - | F10: - | G10: Plywood 15, oisolerat | H10: 15 | I10: 12 | J10: 16.1 | M10: =Table155[[#This Row],[Kvalitet]]&Table155[[#This Row],[Gjuttemperatur]]&Table155[[#This Row],[Temperatur motgjutningsyta]]&Table155[[#This Row],[Värmekabel]]&Table155[[#This Row],[Täckning '[mm']]]&Table155[[#This Row],[OK<17 Timamr]]&Table155[[#This Row],[Kommentar]] -> C28/351515--
A11: C28/35 | B11: 15 | C11: 15 | D11: - | E11: - | F11: - | G11: Plywood 15, oisolerat | H11: 15 | I11: 20 | J11: 16.1 | M11: =Table155[[#This Row],[Kvalitet]]&Table155[[#This Row],[Gjuttemperatur]]&Table155[[#This Row],[Temperatur motgjutningsyta]]&Table155[[#This Row],[Värmekabel]]&Table155[[#This Row],[Täckning '[mm']]]&Table155[[#This Row],[OK<17 Timamr]]&Table155[[#This Row],[Kommentar]] -> C28/351515--
A12: C32/40 | B12: 15 | C12: 10 | D12: - | E12: - | F12: - | G12: Plywood 15, oisolerat | H12: 10 | I12: 0 | J12: 16.7 | M12: =Table155[[#This Row],[Kvalitet]]&Table155[[#This Row],[Gjuttemperatur]]&Table155[[#This Row],[Temperatur motgjutningsyta]]&Table155[[#This Row],[Värmekabel]]&Table155[[#This Row],[Täckning '[mm']]]&Table155[[#This Row],[OK<17 Timamr]]&Table155[[#This Row],[Kommentar]] -> C32/401510--
A13: C35/45 | B13: 15 | C13: 10 | D13: - | E13: - | F13: - | G13: Plywood 15, oisolerat | H13: 10 | I13: 2 | J13: 16.1 | M13: =Table155[[#This Row],[Kvalitet]]&Table155[[#This Row],[Gjuttemperatur]]&Table155[[#This Row],[Temperatur motgjutningsyta]]&Table155[[#This Row],[Värmekabel]]&Table155[[#This Row],[Täckning '[mm']]]&Table155[[#This Row],[OK<17 Timamr]]&Table155[[#This Row],[Kommentar]] -> C35/451510--
... A16: C35/45 | B16: 15 | C16: 10 | D16: - | E16: - | F16: Presenning | G16: Plywood 15, oisolerat | H16: 10 | I16: 20 | J16: 16.5 | M16: =Table155[[#This Row],[Kvalitet]]&Table155[[#This Row],[Gjuttemperatur]]&Table155[[#This Row],[Temperatur motgjutningsyta]]&Table155[[#This Row],[Värmekabel]]&Table155[[#This Row],[Täckning '[mm']]]&Table155[[#This Row],[OK<17 Timamr]]&Table155[[#This Row],[Kommentar]] -> C35/451510-Presenning
A17: C20/25 | B17: 20 | C17: 5 | D17: 40 | E17: 2 | F17: - | G17: Plywood 12-19 cellplast 50 | H17: 5 | I17: 0 | J17: 17 | M17: =Table155[[#This Row],[Kvalitet]]&Table155[[#This Row],[Gjuttemperatur]]&Table155[[#This Row],[Temperatur motgjutningsyta]]&Table155[[#This Row],[Värmekabel]]&Table155[[#This Row],[Täckning '[mm']]]&Table155[[#This Row],[OK<17 Timamr]]&Table155[[#This Row],[Kommentar]] -> C20/2520540-
A18: C20/25 | B18: 20 | C18: 5 | D18: 40 | E18: 2 | F18: 10 | G18: Plywood 12-19 cellplast 120 | H18: 5 | I18: 2 | J18: 17 | M18: =Table155[[#This Row],[Kvalitet]]&Table155[[#This Row],[Gjuttemperatur]]&Table155[[#This Row],[Temperatur motgjutningsyta]]&Table155[[#This Row],[Värmekabel]]&Table155[[#This Row],[Täckning '[mm']]]&Table155[[#This Row],[OK<17 Timamr]]&Table155[[#This Row],[Kommentar]] -> C20/252054010
A19: C25/30 | B19: 20 | C19: 5 | D19: 40 | E19: 1 | F19: 10 | G19: Plywood 12-19 cellplast 50 | H19: 5 | I19: 7 | J19: 16.9 | M19: =Table155[[#This Row],[Kvalitet]]&Table155[[#This Row],[Gjuttemperatur]]&Table155[[#This Row],[Temperatur motgjutningsyta]]&Table155[[#This Row],[Värmekabel]]&Table155[[#This Row],[Täckning '[mm']]]&Table155[[#This Row],[OK<17 Timamr]]&Table155[[#This Row],[Kommentar]] -> C25/302054010
A20: C25/30 | B20: 20 | C20: 5 | D20: 40 | E20: 1 | F20: 10 | G20: Plywood 12-19 cellplast 70 | H20: 5 | I20: 12 | J20: 16.9 | M20: =Table155[[#This Row],[Kvalitet]]&Table155[[#This Row],[Gjuttemperatur]]&Table155[[#This Row],[Temperatur motgjutningsyta]]&Table155[[#This Row],[Värmekabel]]&Table155[[#This Row],[Täckning '[mm']]]&Table155[[#This Row],[OK<17 Timamr]]&Table155[[#This Row],[Kommentar]] -> C25/302054010
A21: C25/30 | B21: 20 | C21: 5 | D21: 40 | E21: 1 | F21: 10 | G21: Plywood 12-19 cellplast 100 | H21: 5 | I21: 20 | J21: 17 | M21: =Table155[[#This Row],[Kvalitet]]&Table155[[#This Row],[Gjuttemperatur]]&Table155[[#This Row],[Temperatur motgjutningsyta]]&Table155[[#This Row],[Värmekabel]]&Table155[[#This Row],[Täckning '[mm']]]&Table155[[#This Row],[OK<17 Timamr]]&Table155[[#This Row],[Kommentar]] -> C25/302054010
A22: C20/25 | B22: 20 | C22: 5 | D22: 40 | E22: 3 | F22: 10 | G22: Plywood 12-19 cellplast 70 | H22: 0 | I22: 0 | J22: 16.9 | M22: =Table155[[#This Row],[Kvalitet]]&Table155[[#This Row],[Gjuttemperatur]]&Table155[[#This Row],[Temperatur motgjutningsyta]]&Table155[[#This Row],[Värmekabel]]&Table155[[#This Row],[Täckning '[mm']]]&Table155[[#This Row],[OK<17 Timamr]]&Table155[[#This Row],[Kommentar]] -> C20/252054010
A23: C25/30 | B23: 20 | C23: 5 | D23: 40 | E23: 1 | F23: 10 | G23: Plywood 12-19 cellplast 120 | H23: 0 | I23: 2 | J23: 17 | M23: =Table155[[#This Row],[Kvalitet]]&Table155[[#This Row],[Gjuttemperatur]]&Table155[[#This Row],[Temperatur motgjutningsyta]]&Table155[[#This Row],[Värmekabel]]&Table155[[#This Row],[Täckning '[mm']]]&Table155[[#This Row],[OK<17 Timamr]]&Table155[[#This Row],[Kommentar]] -> C25/302054010
A24: C25/30 | B24: 20 | C24: 5 | D24: 40 | E24: 2 | F24: 10 | G24: Plywood 12-19 cellplast 70 | H24: 0 | I24: 7 | J24: 16.8 | M24: =Table155[[#This Row],[Kvalitet]]&Table155[[#This Row],[Gjuttemperatur]]&Table155[[#This Row],[Temperatur motgjutningsyta]]&Table155[[#This Row],[Värmekabel]]&Table155[[#This Row],[Täckning '[mm']]]&Table155[[#This Row],[OK<17 Timamr]]&Table155[[#This Row],[Kommentar]] -> C25/302054010
A25: C25/30 | B25: 20 | C25: 5 | D25: 40 | E25: 2 | F25: 10 | G25: Plywood 12-19 cellplast 120 | H25: 0 | I25: 12 | J25: 17 | M25: =Table155[[#This Row],[Kvalitet]]&Table155[[#This Row],[Gjuttemperatur]]&Table155[[#This Row],[Temperatur motgjutningsyta]]&Table155[[#This Row],[Värmekabel]]&Table155[[#This Row],[Täckning '[mm']]]&Table155[[#This Row],[OK<17 Timamr]]&Table155[[#This Row],[Kommentar]] -> C25/302054010
A26: C25/30 | B26: 20 | C26: 5 | D26: 40 | E26: 3 | F26: 10 | G26: Plywood 12-19 cellplast 100 | H26: 0 | I26: 20 | J26: 17 | M26: =Table155[[#This Row],[Kvalitet]]&Table155[[#This Row],[Gjuttemperatur]]&Table155[[#This Row],[Temperatur motgjutningsyta]]&Table155[[#This Row],[Värmekabel]]&Table155[[#This Row],[Täckning '[mm']]]&Table155[[#This Row],[OK<17 Timamr]]&Table155[[#This Row],[Kommentar]] -> C25/302054010
A27: C25/30 | B27: 20 | C27: 5 | D27: 40 | E27: 1 | F27: 10 | G27: Plywood 12-19 cellplast 100 | H27: -5 | I27: 0 | J27: 17 | M27: =Table155[[#This Row],[Kvalitet]]&Table155[[#This Row],[Gjuttemperatur]]&Table155[[#This Row],[Temperatur motgjutningsyta]]&Table155[[#This Row],[Värmekabel]]&Table155[[#This Row],[Täckning '[mm']]]&Table155[[#This Row],[OK<17 Timamr]]&Table155[[#This Row],[Kommentar]] -> C25/302054010
A28: C25/30 | B28: 20 | C28: 5 | D28: 40 | E28: 2 | F28: 10 | G28: Plywood 12-19 cellplast 70 | H28: -5 | I28: 2 | J28: 16.8 | M28: =Table155[[#This Row],[Kvalitet]]&Table155[[#This Row],[Gjuttemperatur]]&Table155[[#This Row],[Temperatur motgjutningsyta]]&Table155[[#This Row],[Värmekabel]]&Table155[[#This Row],[Täckning '[mm']]]&Table155[[#This Row],[OK<17 Timamr]]&Table155[[#This Row],[Kommentar]] -> C25/302054010
A29: C28/35 | B29: 20 | C29: 5 | D29: 40 | E29: 1 | F29: 10 | G29: Plywood 12-19 cellplast 100 | H29: -5 | I29: 7 | J29: 16.7 | M29: =Table155[[#This Row],[Kvalitet]]&Table155[[#This Row],[Gjuttemperatur]]&Table155[[#This Row],[Temperatur motgjutningsyta]]&Table155[[#This Row],[Värmekabel]]&Table155[[#This Row],[Täckning '[mm']]]&Table155[[#This Row],[OK<17 Timamr]]&Table155[[#This Row],[Kommentar]] -> C28/352054010
A30: C28/35 | B30: 20 | C30: 5 | D30: 40 | E30: 2 | F30: 10 | G30: Plywood 12-19 cellplast 50 | H30: -5 | I30: 12 | J30: 16.8 | M30: =Table155[[#This Row],[Kvalitet]]&Table155[[#This Row],[Gjuttemperatur]]&Table155[[#This Row],[Temperatur motgjutningsyta]]&Table155[[#This Row],[Värmekabel]]&Table155[[#This Row],[Täckning '[mm']]]&Table155[[#This Row],[OK<17 Timamr]]&Table155[[#This Row],[Kommentar]] -> C28/352054010
A31: - | B31: - | C31: - | D31: - | E31: - | F31: - | G31: - | H31: -5 | I31: 20 | L31: Fryser innan täck | M31: =Table155[[#This Row],[Kvalitet]]&Table155[[#This Row],[Gjuttemperatur]]&Table155[[#This Row],[Temperatur motgjutningsyta]]&Table155[[#This Row],[Värmekabel]]&Table155[[#This Row],[Täckning '[mm']]]&Table155[[#This Row],[OK<17 Timamr]]&Table155[[#This Row],[Kommentar]] -> -----Fryser innan täck
A32: C25/30 | B32: 20 | C32: 5 | D32: 40 | E32: 2 | F32: 10 | G32: Plywood 12-19 cellplast 50 | H32: -10 | I32: 0 | J32: 16.7 | M32: =Table155[[#This Row],[Kvalitet]]&Table155[[#This Row],[Gjuttemperatur]]&Table155[[#This Row],[Temperatur motgjutningsyta]]&Table155[[#This Row],[Värmekabel]]&Table155[[#This Row],[Täckning '[mm']]]&Table155[[#This Row],[OK<17 Timamr]]&Table155[[#This Row],[Kommentar]] -> C25/302054010
A33: C25/30 | B33: 20 | C33: 5 | D33: 40 | E33: 3 | F33: 10 | G33: Plywood 12-19 cellplast 120 | H33: -10 | I33: 2 | J33: 16.9 | M33: =Table155[[#This Row],[Kvalitet]]&Table155[[#This Row],[Gjuttemperatur]]&Table155[[#This Row],[Temperatur motgjutningsyta]]&Table155[[#This Row],[Värmekabel]]&Table155[[#This Row],[Täckning '[mm']]]&Table155[[#This Row],[OK<17 Timamr]]&Table155[[#This Row],[Kommentar]] -> C25/302054010
A34: C28/35 | B34: 20 | C34: 5 | D34: 40 | E34: 2 | F34: 10 | G34: Plywood 12-19 cellplast 70 | H34: -10 | I34: 7 | J34: 17 | M34: =Table155[[#This Row],[Kvalitet]]&Table155[[#This Row],[Gjuttemperatur]]&Table155[[#This Row],[Temperatur motgjutningsyta]]&Table155[[#This Row],[Värmekabel]]&Table155[[#This Row],[Täckning '[mm']]]&Table155[[#This Row],[OK<17 Timamr]]&Table155[[#This Row],[Kommentar]] -> C28/352054010
A35: - | B35: - | C35: - | D35: - | E35: - | F35: - | G35: - | H35: -10 | I35: 12 | L35: Fryser innan täck | M35: =Table155[[#This Row],[Kvalitet]]&Table155[[#This Row],[Gjuttemperatur]]&Table155[[#This Row],[Temperatur motgjutningsyta]]&Table155[[#This Row],[Värmekabel]]&Table155[[#This Row],[Täckning '[mm']]]&Table155[[#This Row],[OK<17 Timamr]]&Table155[[#This Row],[Kommentar]] -> -----Fryser innan täck
A36: - | B36: - | C36: - | D36: - | E36: - | F36: - | G36: - | H36: -10 | I36: 20 | L36: Fryser innan täck | M36: =Table155[[#This Row],[Kvalitet]]&Table155[[#This Row],[Gjuttemperatur]]&Table155[[#This Row],[Temperatur motgjutningsyta]]&Table155[[#This Row],[Värmekabel]]&Table155[[#This Row],[Täckning '[mm']]]&Table155[[#This Row],[OK<17 Timamr]]&Table155[[#This Row],[Kommentar]] -> -----Fryser innan täck
A37: C28/35 | B37: 15 | C37: 5 | D37: 40 | E37: 3 | F37: 50 | G37: Plywood 12-19 cellplast 70 | H37: -15 | I37: 0 | J37: 17 | M37: =Table155[[#This Row],[Kvalitet]]&Table155[[#This Row],[Gjuttemperatur]]&Table155[[#This Row],[Temperatur motgjutningsyta]]&Table155[[#This Row],[Värmekabel]]&Table155[[#This Row],[Täckning '[mm']]]&Table155[[#This Row],[OK<17 Timamr]]&Table155[[#This Row],[Kommentar]] -> C28/351554050
A38: C32/40 | B38: 15 | C38: 5 | D38: 40 | E38: 3 | F38: 20 | G38: Plywood 12-19 cellplast 120 | H38: -15 | I38: 2 | J38: 17 | M38: =Table155[[#This Row],[Kvalitet]]&Table155[[#This Row],[Gjuttemperatur]]&Table155[[#This Row],[Temperatur motgjutningsyta]]&Table155[[#This Row],[Värmekabel]]&Table155[[#This Row],[Täckning '[mm']]]&Table155[[#This Row],[OK<17 Timamr]]&Table155[[#This Row],[Kommentar]] -> C32/401554020
A39: - | B39: - | C39: - | D39: - | E39: - | F39: - | G39: - | H39: -15 | I39: 7 | L39: Fryser innan täck | M39: =Table155[[#This Row],[Kvalitet]]&Table155[[#This Row],[Gjuttemperatur]]&Table155[[#This Row],[Temperatur motgjutningsyta]]&Table155[[#This Row],[Värmekabel]]&Table155[[#This Row],[Täckning '[mm']]]&Table155[[#This Row],[OK<17 Timamr]]&Table155[[#This Row],[Kommentar]] -> -----Fryser innan täck
A40: - | B40: - | C40: - | D40: - | E40: - | F40: - | G40: - | H40: -15 | I40: 12 | L40: Fryser innan täck | M40: =Table155[[#This Row],[Kvalitet]]&Table155[[#This Row],[Gjuttemperatur]]&Table155[[#This Row],[Temperatur motgjutningsyta]]&Table155[[#This Row],[Värmekabel]]&Table155[[#This Row],[Täckning '[mm']]]&Table155[[#This Row],[OK<17 Timamr]]&Table155[[#This Row],[Kommentar]] -> -----Fryser innan täck
A41: - | B41: - | C41: - | D41: - | E41: - | F41: - | G41: - | H41: -15 | I41: 20 | L41: Fryser innan täck | M41: =Table155[[#This Row],[Kvalitet]]&Table155[[#This Row],[Gjuttemperatur]]&Table155[[#This Row],[Temperatur motgjutningsyta]]&Table155[[#This Row],[Värmekabel]]&Table155[[#This Row],[Täckning '[mm']]]&Table155[[#This Row],[OK<17 Timamr]]&Table155[[#This Row],[Kommentar]] -> -----Fryser innan täck
A42: - | B42: - | C42: - | D42: - | E42: - | F42: - | G42: - | H42: -20 | I42: 0 | L42: Når ej 6 MPa | M42: =Table155[[#This Row],[Kvalitet]]&Table155[[#This Row],[Gjuttemperatur]]&Table155[[#This Row],[Temperatur motgjutningsyta]]&Table155[[#This Row],[Värmekabel]]&Table155[[#This Row],[Täckning '[mm']]]&Table155[[#This Row],[OK<17 Timamr]]&Table155[[#This Row],[Kommentar]] -> -----Når ej 6 MPa
A43: - | B43: - | C43: - | D43: - | E43: - | F43: - | G43: - | H43: -20 | I43: 2 | L43: Fryser innan täck | M43: =Table155[[#This Row],[Kvalitet]]&Table155[[#This Row],[Gjuttemperatur]]&Table155[[#This Row],[Temperatur motgjutningsyta]]&Table155[[#This Row],[Värmekabel]]&Table155[[#This Row],[Täckning '[mm']]]&Table155[[#This Row],[OK<17 Timamr]]&Table155[[#This Row],[Kommentar]] -> -----Fryser innan täck
A44: - | B44: - | C44: - | D44: - | E44: - | F44: - | G44: - | H44: -20 | I44: 7 | L44: Fryser innan täck | M44: =Table155[[#This Row],[Kvalitet]]&Table155[[#This Row],[Gjuttemperatur]]&Table155[[#This Row],[Temperatur motgjutningsyta]]&Table155[[#This Row],[Värmekabel]]&Table155[[#This Row],[Täckning '[mm']]]&Table155[[#This Row],[OK<17 Timamr]]&Table155[[#This Row],[Kommentar]] -> -----Fryser innan täck
A45: - | B45: - | C45: - | D45: - | E45: - | F45: - | G45: - | H45: -20 | I45: 12 | L45: Fryser innan täck | M45: =Table155[[#This Row],[Kvalitet]]&Table155[[#This Row],[Gjuttemperatur]]&Table155[[#This Row],[Temperatur motgjutningsyta]]&Table155[[#This Row],[Värmekabel]]&Table155[[#This Row],[Täckning '[mm']]]&Table155[[#This Row],[OK<17 Timamr]]&Table155[[#This Row],[Kommentar]] -> -----Fryser innan täck
A46: - | B46: - | C46: - | D46: - | E46: - | F46: - | G46: - | H46: -20 | I46: 20 | L46: Fryser innan täck | M46: =Table155[[#This Row],[Kvalitet]]&Table155[[#This Row],[Gjuttemperatur]]&Table155[[#This Row],[Temperatur motgjutningsyta]]&Table155[[#This Row],[Värmekabel]]&Table155[[#This Row],[Täckning '[mm']]]&Table155[[#This Row],[OK<17 Timamr]]&Table155[[#This Row],[Kommentar]] -> -----Fryser innan täck

Sheet Bjälklag (10% slagg)
A1: Kvalitet | B1: Gjuttemperatur | C1: Temperatur motgjutningsyta | D1: Värmekabel | E1: Antal värmekablar | F1: Täckning [mm] | G1: Formisolering [mm] | H1: Temperatur | I1: Vind | J1: <17 Timmar och >6 Mpa | K1: OK<17 Timamr | L1: Kommentar | M1: Åtgärdskåd
A2: C28/35 | B2: 15 | C2: 20 | D2: - | E2: - | F2: - | G2: Plywood 15, oisolerat | H2: 20 | I2: 0 | J2: 15.3 | M2: =Table1[[#This Row],[Kvalitet]]&Table1[[#This Row],[Gjuttemperatur]]&Table1[[#This Row],[Temperatur motgjutningsyta]]&Table1[[#This Row],[Värmekabel]]&Table1[[#This Row],[Täckning '[mm']]]&Table1[[#This Row],[OK<17 Timamr]]&Table1[[#This Row],[Kommentar]] -> C28/351520--
A3: C28/35 | B3: 15 | C3: 20 | D3: - | E3: - | F3: - | G3: Plywood 15, oisolerat | H3: 20 | I3: 2 | J3: 15.3 | M3: =Table1[[#This Row],[Kvalitet]]&Table1[[#This Row],[Gjuttemperatur]]&Table1[[#This Row],[Temperatur motgjutningsyta]]&Table1[[#This Row],[Värmekabel]]&Table1[[#This Row],[Täckning '[mm']]]&Table1[[#This Row],[OK<17 Timamr]]&Table1[[#This Row],[Kommentar]] -> C28/351520--
A4: C28/35 | B4: 15 | C4: 20 | D4: - | E4: - | F4: - | G4: Plywood 15, oisolerat | H4: 20 | I4: 7 | J4: 15.3 | M4: =Table1[[#This Row],[Kvalitet]]&Table1[[#This Row],[Gjuttemperatur]]&Table1[[#This Row],[Temperatur motgjutningsyta]]&Table1[[#This Row],[Värmekabel]]&Table1[[#This Row],[Täckning '[mm']]]&Table1[[#This Row],[OK<17 Timamr]]&Table1[[#This Row],[Kommentar]] -> C28/351520--
A5: C28/35 | B5: 15 | C5: 20 | D5: - | E5: - | F5: - | G5: Plywood 15, oisolerat | H5: 20 | I5: 12 | J5: 15.3 | M5: =Table1[[#This Row],[Kvalitet]]&Table1[[#This Row],[Gjuttemperatur]]&Table1[[#This Row],[Temperatur motgjutningsyta]]&Table1[[#This Row],[Värmekabel]]&Table1[[#This Row],[Täckning '[mm']]]&Table1[[#This Row],[OK<17 Timamr]]&Table1[[#This Row],[Kommentar]] -> C28/351520--
A6: C28/35 | B6: 15 | C6: 20 | D6: - | E6: - | F6: - | G6: Plywood 15, oisolerat | H6: 20 | I6: 20 | J6: 15.3 | M6: =Table1[[#This Row],[Kvalitet]]&Table1[[#This Row],[Gjuttemperatur]]&Table1[[#This Row],[Temperatur motgjutningsyta]]&Table1[[#This Row],[Värmekabel]]&Table1[[#This Row],[Täckning '[mm']]]&Table1[[#This Row],[OK<17 Timamr]]&Table1[[#This Row],[Kommentar]] -> C28/351520--
A7: C30/37 | B7: 15 | C7: 15 | D7: - | E7: - | F7: - | G7: Plywood 15, oisolerat | H7: 15 | I7: 0 | J7: 16.4 | M7: =Table1[[#This Row],[Kvalitet]]&Table1[[#This Row],[Gjuttemperatur]]&Table1[[#This Row],[Temperatur motgjutningsyta]]&Table1[[#This Row],[Värmekabel]]&Table1[[#This Row],[Täckning '[mm']]]&Table1[[#This Row],[OK<17 Timamr]]&Table1[[#This Row],[Kommentar]] -> C30/371515--
A8: C30/37 | B8: 15 | C8: 15 | D8: - | E8: - | F8: - | G8: Plywood 15, oisolerat | H8: 15 | I8: 2 | J8: 16.6 | M8: =Table1[[#This Row],[Kvalitet]]&Table1[[#This Row],[Gjuttemperatur]]&Table1[[#This Row],[Temperatur motgjutningsyta]]&Table1[[#This Row],[Värmekabel]]&Table1[[#This Row],[Täckning '[mm']]]&Table1[[#This Row],[OK<17 Timamr]]&Table1[[#This Row],[Kommentar]] -> C30/371515--
A9: C30/37 | B9: 15 | C9: 15 | D9: - | E9: - | F9: - | G9: Plywood 15, oisolerat | H9: 15 | I9: 7 | J9: 16.8 | M9: =Table1[[#This Row],[Kvalitet]]&Table1[[#This Row],[Gjuttemperatur]]&Table1[[#This Row],[Temperatur motgjutningsyta]]&Table1[[#This Row],[Värmekabel]]&Table1[[#This Row],[Täckning '[mm']]]&Table1[[#This Row],[OK<17 Timamr]]&Table1[[#This Row],[Kommentar]] -> C30/371515--
A10: C30/37 | B10: 15 | C10: 15 | D10: - | E10: - | F10: Presenning | G10: Plywood 15, oisolerat | H10: 15 | I10: 12 | J10: 16.9 | M10: =Table1[[#This Row],[Kvalitet]]&Table1[[#This Row],[Gjuttemperatur]]&Table1[[#This Row],[Temperatur motgjutningsyta]]&Table1[[#This Row],[Värmekabel]]&Table1[[#This Row],[Täckning '[mm']]]&Table1[[#This Row],[OK<17 Timamr]]&Table1[[#This Row],[Kommentar]] -> C30/371515-Presenning
A11: C30/37 | B11: 15 | C11: 15 | D11: - | E11: - | F11: Presenning | G11: Plywood 15, oisolerat | H11: 15 | I11: 20 | J11: 17 | M11: =Table1[[#This Row],[Kvalitet]]&Table1[[#This Row],[Gjuttemperatur]]&Table1[[#This Row],[Temperatur motgjutningsyta]]&Table1[[#This Row],[Värmekabel]]&Table1[[#This Row],[Täckning '[mm']]]&Table1[[#This Row],[OK<17 Timamr]]&Table1[[#This Row],[Kommentar]] -> C30/371515-Presenning
A12: C35/45 | B12: 15 | C12: 10 | D12: - | E12: - | F12: - | G12: Plywood 15, oisolerat | H12: 10 | I12: 0 | J12: 16.7 | M12: =Table1[[#This Row],[Kvalitet]]&Table1[[#This Row],[Gjuttemperatur]]&Table1[[#This Row],[Temperatur motgjutningsyta]]&Table1[[#This Row],[Värmekabel]]&Table1[[#This Row],[Täckning '[mm']]]&Table1[[#This Row],[OK<17 Timamr]]&Table1[[#This Row],[Kommentar]] -> C35/451510--
A13: C40/50 | B13: 15 | C13: 10 | D13: - | E13: - | F13: - | G13: Plywood 15, oisolerat | H13: 10 | I13: 2 | J13: 16.2 | M13: =Table1[[#This Row],[Kvalitet]]&Table1[[#This Row],[Gjuttemperatur]]&Table1[[#This Row],[Temperatur motgjutningsyta]]&Table1[[#This Row],[Värmekabel]]&Table1[[#This Row],[Täckning '[mm']]]&Table1[[#This Row],[OK<17 Timamr]]&Table1[[#This Row],[Kommentar]] -> C40/501510--
... A16: C40/50 | B16: 15 | C16: 10 | D16: - | E16: - | F16: Presenning | G16: Plywood 15, oisolerat | H16: 10 | I16: 20 | J16: 16.7 | M16: =Table1[[#This Row],[Kvalitet]]&Table1[[#This Row],[Gjuttemperatur]]&Table1[[#This Row],[Temperatur motgjutningsyta]]&Table1[[#This Row],[Värmekabel]]&Table1[[#This Row],[Täckning '[mm']]]&Table1[[#This Row],[OK<17 Timamr]]&Table1[[#This Row],[Kommentar]] -> C40/501510-Presenning
A17: C25/30 | B17: 20 | C17: 5 | D17: 40 | E17: 3 | F17: 10 | G17: Plywood 12-19 cellplast 50 | H17: 5 | I17: 0 | J17: 17 | M17: =Table1[[#This Row],[Kvalitet]]&Table1[[#This Row],[Gjuttemperatur]]&Table1[[#This Row],[Temperatur motgjutningsyta]]&Table1[[#This Row],[Värmekabel]]&Table1[[#This Row],[Täckning '[mm']]]&Table1[[#This Row],[OK<17 Timamr]]&Table1[[#This Row],[Kommentar]] -> C25/302054010
A18: C20/25 | B18: 20 | C18: 5 | D18: 40 | E18: 3 | F18: 10 | G18: Plywood 12-19 cellplast 70 | H18: 5 | I18: 2 | J18: 17 | M18: =Table1[[#This Row],[Kvalitet]]&Table1[[#This Row],[Gjuttemperatur]]&Table1[[#This Row],[Temperatur motgjutningsyta]]&Table1[[#This Row],[Värmekabel]]&Table1[[#This Row],[Täckning '[mm']]]&Table1[[#This Row],[OK<17 Timamr]]&Table1[[#This Row],[Kommentar]] -> C20/252054010
A19: C28/35 | B19: 20 | C19: 5 | D19: 40 | E19: 1 | F19: 10 | G19: Plywood 12-19 cellplast 50 | H19: 5 | I19: 7 | J19: 16.9 | M19: =Table1[[#This Row],[Kvalitet]]&Table1[[#This Row],[Gjuttemperatur]]&Table1[[#This Row],[Temperatur motgjutningsyta]]&Table1[[#This Row],[Värmekabel]]&Table1[[#This Row],[Täckning '[mm']]]&Table1[[#This Row],[OK<17 Timamr]]&Table1[[#This Row],[Kommentar]] -> C28/352054010
A20: C28/35 | B20: 20 | C20: 5 | D20: 40 | E20: 1 | F20: 10 | G20: Plywood 12-19 cellplast 70 | H20: 5 | I20: 12 | J20: 16.9 | M20: =Table1[[#This Row],[Kvalitet]]&Table1[[#This Row],[Gjuttemperatur]]&Table1[[#This Row],[Temperatur motgjutningsyta]]&Table1[[#This Row],[Värmekabel]]&Table1[[#This Row],[Täckning '[mm']]]&Table1[[#This Row],[OK<17 Timamr]]&Table1[[#This Row],[Kommentar]] -> C28/352054010
A21: C28/35 | B21: 20 | C21: 5 | D21: 40 | E21: 1 | F21: 10 | G21: Plywood 12-19 cellplast 100 | H21: 5 | I21: 20 | J21: 17 | M21: =Table1[[#This Row],[Kvalitet]]&Table1[[#This Row],[Gjuttemperatur]]&Table1[[#This Row],[Temperatur motgjutningsyta]]&Table1[[#This Row],[Värmekabel]]&Table1[[#This Row],[Täckning '[mm']]]&Table1[[#This Row],[OK<17 Timamr]]&Table1[[#This Row],[Kommentar]] -> C28/352054010
A22: C25/30 | B22: 20 | C22: 5 | D22: 40 | E22: 3 | F22: 10 | G22: Plywood 12-19 cellplast 70 | H22: 0 | I22: 0 | J22: 17 | M22: =Table1[[#This Row],[Kvalitet]]&Table1[[#This Row],[Gjuttemperatur]]&Table1[[#This Row],[Temperatur motgjutningsyta]]&Table1[[#This Row],[Värmekabel]]&Table1[[#This Row],[Täckning '[mm']]]&Table1[[#This Row],[OK<17 Timamr]]&Table1[[#This Row],[Kommentar]] -> C25/302054010
A23: C28/35 | B23: 20 | C23: 5 | D23: 40 | E23: 1 | F23: 10 | G23: Plywood 12-19 cellplast 100 | H23: 0 | I23: 2 | J23: 16.8 | M23: =Table1[[#This Row],[Kvalitet]]&Table1[[#This Row],[Gjuttemperatur]]&Table1[[#This Row],[Temperatur motgjutningsyta]]&Table1[[#This Row],[Värmekabel]]&Table1[[#This Row],[Täckning '[mm']]]&Table1[[#This Row],[OK<17 Timamr]]&Table1[[#This Row],[Kommentar]] -> C28/352054010
A24: C28/35 | B24: 20 | C24: 5 | D24: 40 | E24: 2 | F24: 10 | G24: Plywood 12-19 cellplast 50 | H24: 0 | I24: 7 | J24: 16.8 | M24: =Table1[[#This Row],[Kvalitet]]&Table1[[#This Row],[Gjuttemperatur]]&Table1[[#This Row],[Temperatur motgjutningsyta]]&Table1[[#This Row],[Värmekabel]]&Table1[[#This Row],[Täckning '[mm']]]&Table1[[#This Row],[OK<17 Timamr]]&Table1[[#This Row],[Kommentar]] -> C28/352054010
A25: C28/35 | B25: 20 | C25: 5 | D25: 40 | E25: 2 | F25: 10 | G25: Plywood 12-19 cellplast 100 | H25: 0 | I25: 12 | J25: 16.6 | M25: =Table1[[#This Row],[Kvalitet]]&Table1[[#This Row],[Gjuttemperatur]]&Table1[[#This Row],[Temperatur motgjutningsyta]]&Table1[[#This Row],[Värmekabel]]&Table1[[#This Row],[Täckning '[mm']]]&Table1[[#This Row],[OK<17 Timamr]]&Table1[[#This Row],[Kommentar]] -> C28/352054010
A26: C28/35 | B26: 20 | C26: 5 | D26: 40 | E26: 2 | F26: 10 | G26: Plywood 12-19 cellplast 120 | H26: 0 | I26: 20 | J26: 17 | M26: =Table1[[#This Row],[Kvalitet]]&Table1[[#This Row],[Gjuttemperatur]]&Table1[[#This Row],[Temperatur motgjutningsyta]]&Table1[[#This Row],[Värmekabel]]&Table1[[#This Row],[Täckning '[mm']]]&Table1[[#This Row],[OK<17 Timamr]]&Table1[[#This Row],[Kommentar]] -> C28/352054010
A27: C28/35 | B27: 20 | C27: 5 | D27: 40 | E27: 1 | F27: 10 | G27: Plywood 12-19 cellplast 100 | H27: -5 | I27: 0 | J27: 16.7 | M27: =Table1[[#This Row],[Kvalitet]]&Table1[[#This Row],[Gjuttemperatur]]&Table1[[#This Row],[Temperatur motgjutningsyta]]&Table1[[#This Row],[Värmekabel]]&Table1[[#This Row],[Täckning '[mm']]]&Table1[[#This Row],[OK<17 Timamr]]&Table1[[#This Row],[Kommentar]] -> C28/352054010
A28: C28/35 | B28: 20 | C28: 5 | D28: 40 | E28: 2 | F28: 10 | G28: Plywood 12-19 cellplast 50 | H28: -5 | I28: 2 | J28: 16.8 | M28: =Table1[[#This Row],[Kvalitet]]&Table1[[#This Row],[Gjuttemperatur]]&Table1[[#This Row],[Temperatur motgjutningsyta]]&Table1[[#This Row],[Värmekabel]]&Table1[[#This Row],[Täckning '[mm']]]&Table1[[#This Row],[OK<17 Timamr]]&Table1[[#This Row],[Kommentar]] -> C28/352054010
... A30: C30/37 | B30: 20 | C30: 5 | D30: 40 | E30: 2 | F30: 10 | G30: Plywood 12-19 cellplast 120 | H30: -5 | I30: 12 | J30: 17 | M30: =Table1[[#This Row],[Kvalitet]]&Table1[[#This Row],[Gjuttemperatur]]&Table1[[#This Row],[Temperatur motgjutningsyta]]&Table1[[#This Row],[Värmekabel]]&Table1[[#This Row],[Täckning '[mm']]]&Table1[[#This Row],[OK<17 Timamr]]&Table1[[#This Row],[Kommentar]] -> C30/372054010
A31: - | B31: - | C31: - | D31: - | E31: - | F31: - | G31: - | H31: -5 | I31: 20 | L31: Fryser innan täck | M31: =Table1[[#This Row],[Kvalitet]]&Table1[[#This Row],[Gjuttemperatur]]&Table1[[#This Row],[Temperatur motgjutningsyta]]&Table1[[#This Row],[Värmekabel]]&Table1[[#This Row],[Täckning '[mm']]]&Table1[[#This Row],[OK<17 Timamr]]&Table1[[#This Row],[Kommentar]] -> -----Fryser innan täck
A32: C28/35 | B32: 20 | C32: 5 | D32: 40 | E32: 2 | F32: 10 | G32: Plywood 12-19 cellplast 50 | H32: -10 | I32: 0 | J32: 16.4 | M32: =Table1[[#This Row],[Kvalitet]]&Table1[[#This Row],[Gjuttemperatur]]&Table1[[#This Row],[Temperatur motgjutningsyta]]&Table1[[#This Row],[Värmekabel]]&Table1[[#This Row],[Täckning '[mm']]]&Table1[[#This Row],[OK<17 Timamr]]&Table1[[#This Row],[Kommentar]] -> C28/352054010
A33: C28/35 | B33: 20 | C33: 5 | D33: 40 | E33: 3 | F33: 10 | G33: Plywood 12-19 cellplast 100 | H33: -10 | I33: 2 | J33: 16.8 | M33: =Table1[[#This Row],[Kvalitet]]&Table1[[#This Row],[Gjuttemperatur]]&Table1[[#This Row],[Temperatur motgjutningsyta]]&Table1[[#This Row],[Värmekabel]]&Table1[[#This Row],[Täckning '[mm']]]&Table1[[#This Row],[OK<17 Timamr]]&Table1[[#This Row],[Kommentar]] -> C28/352054010
A34: C32/40 | B34: 20 | C34: 5 | D34: 40 | E34: 2 | F34: 10 | G34: Plywood 12-19 cellplast 100 | H34: -10 | I34: 7 | J34: 16.7 | M34: =Table1[[#This Row],[Kvalitet]]&Table1[[#This Row],[Gjuttemperatur]]&Table1[[#This Row],[Temperatur motgjutningsyta]]&Table1[[#This Row],[Värmekabel]]&Table1[[#This Row],[Täckning '[mm']]]&Table1[[#This Row],[OK<17 Timamr]]&Table1[[#This Row],[Kommentar]] -> C32/402054010
A35: - | B35: - | C35: - | D35: - | E35: - | F35: - | G35: - | H35: -10 | I35: 12 | L35: Fryser innan täck | M35: =Table1[[#This Row],[Kvalitet]]&Table1[[#This Row],[Gjuttemperatur]]&Table1[[#This Row],[Temperatur motgjutningsyta]]&Table1[[#This Row],[Värmekabel]]&Table1[[#This Row],[Täckning '[mm']]]&Table1[[#This Row],[OK<17 Timamr]]&Table1[[#This Row],[Kommentar]] -> -----Fryser innan täck
A36: - | B36: - | C36: - | D36: - | E36: - | F36: - | G36: - | H36: -10 | I36: 20 | L36: Fryser innan täck | M36: =Table1[[#This Row],[Kvalitet]]&Table1[[#This Row],[Gjuttemperatur]]&Table1[[#This Row],[Temperatur motgjutningsyta]]&Table1[[#This Row],[Värmekabel]]&Table1[[#This Row],[Täckning '[mm']]]&Table1[[#This Row],[OK<17 Timamr]]&Table1[[#This Row],[Kommentar]] -> -----Fryser innan täck
A37: C32/40 | B37: 15 | C37: 5 | D37: 40 | E37: 2 | F37: 20 | G37: Plywood 12-19 cellplast 120 | H37: -15 | I37: 0 | J37: 16.9 | M37: =Table1[[#This Row],[Kvalitet]]&Table1[[#This Row],[Gjuttemperatur]]&Table1[[#This Row],[Temperatur motgjutningsyta]]&Table1[[#This Row],[Värmekabel]]&Table1[[#This Row],[Täckning '[mm']]]&Table1[[#This Row],[OK<17 Timamr]]&Table1[[#This Row],[Kommentar]] -> C32/401554020
A38: C40/50 | B38: 15 | C38: 5 | D38: 40 | E38: 2 | F38: 20 | G38: Plywood 12-19 cellplast 100 | H38: -15 | I38: 2 | J38: 16.8 | M38: =Table1[[#This Row],[Kvalitet]]&Table1[[#This Row],[Gjuttemperatur]]&Table1[[#This Row],[Temperatur motgjutningsyta]]&Table1[[#This Row],[Värmekabel]]&Table1[[#This Row],[Täckning '[mm']]]&Table1[[#This Row],[OK<17 Timamr]]&Table1[[#This Row],[Kommentar]] -> C40/501554020
A39: - | B39: - | C39: - | D39: - | E39: - | F39: - | G39: - | H39: -15 | I39: 7 | L39: Fryser innan täck | M39: =Table1[[#This Row],[Kvalitet]]&Table1[[#This Row],[Gjuttemperatur]]&Table1[[#This Row],[Temperatur motgjutningsyta]]&Table1[[#This Row],[Värmekabel]]&Table1[[#This Row],[Täckning '[mm']]]&Table1[[#This Row],[OK<17 Timamr]]&Table1[[#This Row],[Kommentar]] -> -----Fryser innan täck
A40: - | B40: - | C40: - | D40: - | E40: - | F40: - | G40: - | H40: -15 | I40: 12 | L40: Fryser innan täck | M40: =Table1[[#This Row],[Kvalitet]]&Table1[[#This Row],[Gjuttemperatur]]&Table1[[#This Row],[Temperatur motgjutningsyta]]&Table1[[#This Row],[Värmekabel]]&Table1[[#This Row],[Täckning '[mm']]]&Table1[[#This Row],[OK<17 Timamr]]&Table1[[#This Row],[Kommentar]] -> -----Fryser innan täck
A41: - | B41: - | C41: - | D41: - | E41: - | F41: - | G41: - | H41: -15 | I41: 20 | L41: Fryser innan täck | M41: =Table1[[#This Row],[Kvalitet]]&Table1[[#This Row],[Gjuttemperatur]]&Table1[[#This Row],[Temperatur motgjutningsyta]]&Table1[[#This Row],[Värmekabel]]&Table1[[#This Row],[Täckning '[mm']]]&Table1[[#This Row],[OK<17 Timamr]]&Table1[[#This Row],[Kommentar]] -> -----Fryser innan täck
A42: - | B42: - | C42: - | D42: - | E42: - | F42: - | G42: - | H42: -20 | I42: 0 | L42: Når ej 6 MPa | M42: =Table1[[#This Row],[Kvalitet]]&Table1[[#This Row],[Gjuttemperatur]]&Table1[[#This Row],[Temperatur motgjutningsyta]]&Table1[[#This Row],[Värmekabel]]&Table1[[#This Row],[Täckning '[mm']]]&Table1[[#This Row],[OK<17 Timamr]]&Table1[[#This Row],[Kommentar]] -> -----Når ej 6 MPa
A43: - | B43: - | C43: - | D43: - | E43: - | F43: - | G43: - | H43: -20 | I43: 2 | L43: Fryser innan täck | M43: =Table1[[#This Row],[Kvalitet]]&Table1[[#This Row],[Gjuttemperatur]]&Table1[[#This Row],[Temperatur motgjutningsyta]]&Table1[[#This Row],[Värmekabel]]&Table1[[#This Row],[Täckning '[mm']]]&Table1[[#This Row],[OK<17 Timamr]]&Table1[[#This Row],[Kommentar]] -> -----Fryser innan täck
A44: - | B44: - | C44: - | D44: - | E44: - | F44: - | G44: - | H44: -20 | I44: 7 | L44: Fryser innan täck | M44: =Table1[[#This Row],[Kvalitet]]&Table1[[#This Row],[Gjuttemperatur]]&Table1[[#This Row],[Temperatur motgjutningsyta]]&Table1[[#This Row],[Värmekabel]]&Table1[[#This Row],[Täckning '[mm']]]&Table1[[#This Row],[OK<17 Timamr]]&Table1[[#This Row],[Kommentar]] -> -----Fryser innan täck
A45: - | B45: - | C45: - | D45: - | E45: - | F45: - | G45: - | H45: -20 | I45: 12 | L45: Fryser innan täck | M45: =Table1[[#This Row],[Kvalitet]]&Table1[[#This Row],[Gjuttemperatur]]&Table1[[#This Row],[Temperatur motgjutningsyta]]&Table1[[#This Row],[Värmekabel]]&Table1[[#This Row],[Täckning '[mm']]]&Table1[[#This Row],[OK<17 Timamr]]&Table1[[#This Row],[Kommentar]] -> -----Fryser innan täck
A46: - | B46: - | C46: - | D46: - | E46: - | F46: - | G46: - | H46: -20 | I46: 20 | L46: Fryser innan täck | M46: =Table1[[#This Row],[Kvalitet]]&Table1[[#This Row],[Gjuttemperatur]]&Table1[[#This Row],[Temperatur motgjutningsyta]]&Table1[[#This Row],[Värmekabel]]&Table1[[#This Row],[Täckning '[mm']]]&Table1[[#This Row],[OK<17 Timamr]]&Table1[[#This Row],[Kommentar]] -> -----Fryser innan täck

Sheet Bjälklag (20% slagg)
A1: Kvalitet | B1: Gjuttemperatur | C1: Temperatur motgjutningsyta | D1: Värmekabel | E1: Antal värmekablar | F1: Täckning [mm] | G1: Formisolering [mm] | H1: Temperatur | I1: Vind | J1: <17 Timmar och >6 Mpa | K1: OK<17 Timamr | L1: Kommentar | M1: Åtgärdskåd
A2: C30/37 | B2: 15 | C2: 20 | D2: - | E2: - | F2: - | G2: Plywood 15, oisolerat | H2: 20 | I2: 0 | J2: 16.9 | M2: =Table123[[#This Row],[Kvalitet]]&Table123[[#This Row],[Gjuttemperatur]]&Table123[[#This Row],[Temperatur motgjutningsyta]]&Table123[[#This Row],[Värmekabel]]&Table123[[#This Row],[Täckning '[mm']]]&Table123[[#This Row],[OK<17 Timamr]]&Table123[[#This Row],[Kommentar]] -> C30/371520--
A3: C30/37 | B3: 15 | C3: 20 | D3: - | E3: - | F3: - | G3: Plywood 15, oisolerat | H3: 20 | I3: 2 | J3: 17 | M3: =Table123[[#This Row],[Kvalitet]]&Table123[[#This Row],[Gjuttemperatur]]&Table123[[#This Row],[Temperatur motgjutningsyta]]&Table123[[#This Row],[Värmekabel]]&Table123[[#This Row],[Täckning '[mm']]]&Table123[[#This Row],[OK<17 Timamr]]&Table123[[#This Row],[Kommentar]] -> C30/371520--
A4: C30/37 | B4: 15 | C4: 20 | D4: - | E4: - | F4: - | G4: Plywood 15, oisolerat | H4: 20 | I4: 7 | J4: 17 | M4: =Table123[[#This Row],[Kvalitet]]&Table123[[#This Row],[Gjuttemperatur]]&Table123[[#This Row],[Temperatur motgjutningsyta]]&Table123[[#This Row],[Värmekabel]]&Table123[[#This Row],[Täckning '[mm']]]&Table123[[#This Row],[OK<17 Timamr]]&Table123[[#This Row],[Kommentar]] -> C30/371520--
A5: C30/37 | B5: 15 | C5: 20 | D5: - | E5: - | F5: - | G5: Plywood 15, oisolerat | H5: 20 | I5: 12 | J5: 17 | M5: =Table123[[#This Row],[Kvalitet]]&Table123[[#This Row],[Gjuttemperatur]]&Table123[[#This Row],[Temperatur motgjutningsyta]]&Table123[[#This Row],[Värmekabel]]&Table123[[#This Row],[Täckning '[mm']]]&Table123[[#This Row],[OK<17 Timamr]]&Table123[[#This Row],[Kommentar]] -> C30/371520--
A6: C30/37 | B6: 15 | C6: 20 | D6: - | E6: - | F6: - | G6: Plywood 15, oisolerat | H6: 20 | I6: 20 | J6: 17 | M6: =Table123[[#This Row],[Kvalitet]]&Table123[[#This Row],[Gjuttemperatur]]&Table123[[#This Row],[Temperatur motgjutningsyta]]&Table123[[#This Row],[Värmekabel]]&Table123[[#This Row],[Täckning '[mm']]]&Table123[[#This Row],[OK<17 Timamr]]&Table123[[#This Row],[Kommentar]] -> C30/371520--
A7: C35/45 | B7: 15 | C7: 15 | D7: - | E7: - | F7: - | G7: Plywood 15, oisolerat | H7: 15 | I7: 0 | J7: 15.8 | M7: =Table123[[#This Row],[Kvalitet]]&Table123[[#This Row],[Gjuttemperatur]]&Table123[[#This Row],[Temperatur motgjutningsyta]]&Table123[[#This Row],[Värmekabel]]&Table123[[#This Row],[Täckning '[mm']]]&Table123[[#This Row],[OK<17 Timamr]]&Table123[[#This Row],[Kommentar]] -> C35/451515--
A8: C35/45 | B8: 15 | C8: 15 | D8: - | E8: - | F8: - | G8: Plywood 15, oisolerat | H8: 15 | I8: 2 | J8: 16 | M8: =Table123[[#This Row],[Kvalitet]]&Table123[[#This Row],[Gjuttemperatur]]&Table123[[#This Row],[Temperatur motgjutningsyta]]&Table123[[#This Row],[Värmekabel]]&Table123[[#This Row],[Täckning '[mm']]]&Table123[[#This Row],[OK<17 Timamr]]&Table123[[#This Row],[Kommentar]] -> C35/451515--
A9: C35/45 | B9: 15 | C9: 15 | D9: - | E9: - | F9: - | G9: Plywood 15, oisolerat | H9: 15 | I9: 7 | J9: 16.2 | M9: =Table123[[#This Row],[Kvalitet]]&Table123[[#This Row],[Gjuttemperatur]]&Table123[[#This Row],[Temperatur motgjutningsyta]]&Table123[[#This Row],[Värmekabel]]&Table123[[#This Row],[Täckning '[mm']]]&Table123[[#This Row],[OK<17 Timamr]]&Table123[[#This Row],[Kommentar]] -> C35/451515--
A10: C35/45 | B10: 15 | C10: 15 | D10: - | E10: - | F10: - | G10: Plywood 15, oisolerat | H10: 15 | I10: 12 | J10: 16.2 | M10: =Table123[[#This Row],[Kvalitet]]&Table123[[#This Row],[Gjuttemperatur]]&Table123[[#This Row],[Temperatur motgjutningsyta]]&Table123[[#This Row],[Värmekabel]]&Table123[[#This Row],[Täckning '[mm']]]&Table123[[#This Row],[OK<17 Timamr]]&Table123[[#This Row],[Kommentar]] -> C35/451515--
A11: C35/45 | B11: 15 | C11: 15 | D11: - | E11: - | F11: Presenning | G11: Plywood 15, oisolerat | H11: 15 | I11: 20 | J11: 16.3 | M11: =Table123[[#This Row],[Kvalitet]]&Table123[[#This Row],[Gjuttemperatur]]&Table123[[#This Row],[Temperatur motgjutningsyta]]&Table123[[#This Row],[Värmekabel]]&Table123[[#This Row],[Täckning '[mm']]]&Table123[[#This Row],[OK<17 Timamr]]&Table123[[#This Row],[Kommentar]] -> C35/451515-Presenning
B12: 15 | C12: 10 | H12: 10 | I12: 0 | M12: =Table123[[#This Row],[Kvalitet]]&Table123[[#This Row],[Gjuttemperatur]]&Table123[[#This Row],[Temperatur motgjutningsyta]]&Table123[[#This Row],[Värmekabel]]&Table123[[#This Row],[Täckning '[mm']]]&Table123[[#This Row],[OK<17 Timamr]]&Table123[[#This Row],[Kommentar]] -> 1510
B13: 15 | C13: 10 | H13: 10 | I13: 2 | M13: =Table123[[#This Row],[Kvalitet]]&Table123[[#This Row],[Gjuttemperatur]]&Table123[[#This Row],[Temperatur motgjutningsyta]]&Table123[[#This Row],[Värmekabel]]&Table123[[#This Row],[Täckning '[mm']]]&Table123[[#This Row],[OK<17 Timamr]]&Table123[[#This Row],[Kommentar]] -> 1510
B14: 15 | C14: 10 | H14: 10 | I14: 7 | M14: =Table123[[#This Row],[Kvalitet]]&Table123[[#This Row],[Gjuttemperatur]]&Table123[[#This Row],[Temperatur motgjutningsyta]]&Table123[[#This Row],[Värmekabel]]&Table123[[#This Row],[Täckning '[mm']]]&Table123[[#This Row],[OK<17 Timamr]]&Table123[[#This Row],[Kommentar]] -> 1510
B15: 15 | C15: 10 | H15: 10 | I15: 12 | M15: =Table123[[#This Row],[Kvalitet]]&Table123[[#This Row],[Gjuttemperatur]]&Table123[[#This Row],[Temperatur motgjutningsyta]]&Table123[[#This Row],[Värmekabel]]&Table123[[#This Row],[Täckning '[mm']]]&Table123[[#This Row],[OK<17 Timamr]]&Table123[[#This Row],[Kommentar]] -> 1510
B16: 15 | C16: 10 | H16: 10 | I16: 20 | M16: =Table123[[#This Row],[Kvalitet]]&Table123[[#This Row],[Gjuttemperatur]]&Table123[[#This Row],[Temperatur motgjutningsyta]]&Table123[[#This Row],[Värmekabel]]&Table123[[#This Row],[Täckning '[mm']]]&Table123[[#This Row],[OK<17 Timamr]]&Table123[[#This Row],[Kommentar]] -> 1510
A17: C28/35 | B17: 20 | C17: 5 | D17: 40 | E17: 2 | F17: - | G17: Plywood 12-19 cellplast 100 | H17: 5 | I17: 0 | J17: 17 | M17: =Table123[[#This Row],[Kvalitet]]&Table123[[#This Row],[Gjuttemperatur]]&Table123[[#This Row],[Temperatur motgjutningsyta]]&Table123[[#This Row],[Värmekabel]]&Table123[[#This Row],[Täckning '[mm']]]&Table123[[#This Row],[OK<17 Timamr]]&Table123[[#This Row],[Kommentar]] -> C28/3520540-
A18: C28/35 | B18: 20 | C18: 5 | D18: 40 | E18: 3 | F18: 10 | G18: Plywood 12-19 cellplast 120 | H18: 5 | I18: 2 | J18: 17 | M18: =Table123[[#This Row],[Kvalitet]]&Table123[[#This Row],[Gjuttemperatur]]&Table123[[#This Row],[Temperatur motgjutningsyta]]&Table123[[#This Row],[Värmekabel]]&Table123[[#This Row],[Täckning '[mm']]]&Table123[[#This Row],[OK<17 Timamr]]&Table123[[#This Row],[Kommentar]] -> C28/352054010
A19: C30/37 | B19: 20 | C19: 5 | D19: 40 | E19: 2 | F19: 10 | G19: Plywood 12-19 cellplast 100 | H19: 5 | I19: 7 | J19: 17 | M19: =Table123[[#This Row],[Kvalitet]]&Table123[[#This Row],[Gjuttemperatur]]&Table123[[#This Row],[Temperatur motgjutningsyta]]&Table123[[#This Row],[Värmekabel]]&Table123[[#This Row],[Täckning '[mm']]]&Table123[[#This Row],[OK<17 Timamr]]&Table123[[#This Row],[Kommentar]] -> C30/372054010
A20: C32/40 | B20: 20 | C20: 5 | D20: 40 | E20: 1 | F20: 10 | G20: Plywood 12-19 cellplast 100 | H20: 5 | I20: 12 | J20: 17 | M20: =Table123[[#This Row],[Kvalitet]]&Table123[[#This Row],[Gjuttemperatur]]&Table123[[#This Row],[Temperatur motgjutningsyta]]&Table123[[#This Row],[Värmekabel]]&Table123[[#This Row],[Täckning '[mm']]]&Table123[[#This Row],[OK<17 Timamr]]&Table123[[#This Row],[Kommentar]] -> C32/402054010
A21: C32/40 | B21: 20 | C21: 5 | D21: 40 | E21: 1 | F21: 10 | G21: Plywood 12-19 cellplast 100 | H21: 5 | I21: 20 | J21: 17 | M21: =Table123[[#This Row],[Kvalitet]]&Table123[[#This Row],[Gjuttemperatur]]&Table123[[#This Row],[Temperatur motgjutningsyta]]&Table123[[#This Row],[Värmekabel]]&Table123[[#This Row],[Täckning '[mm']]]&Table123[[#This Row],[OK<17 Timamr]]&Table123[[#This Row],[Kommentar]] -> C32/402054010
A22: C30/37 | B22: 20 | C22: 5 | D22: 40 | E22: 2 | F22: 10 | G22: Plywood 12-19 cellplast 70 | H22: 0 | I22: 0 | J22: 16.6 | M22: =Table123[[#This Row],[Kvalitet]]&Table123[[#This Row],[Gjuttemperatur]]&Table123[[#This Row],[Temperatur motgjutningsyta]]&Table123[[#This Row],[Värmekabel]]&Table123[[#This Row],[Täckning '[mm']]]&Table123[[#This Row],[OK<17 Timamr]]&Table123[[#This Row],[Kommentar]] -> C30/372054010
A23: C30/37 | B23: 20 | C23: 5 | D23: 40 | E23: 3 | F23: 10 | G23: Plywood 12-19 cellplast 70 | H23: 0 | I23: 2 | J23: 17 | M23: =Table123[[#This Row],[Kvalitet]]&Table123[[#This Row],[Gjuttemperatur]]&Table123[[#This Row],[Temperatur motgjutningsyta]]&Table123[[#This Row],[Värmekabel]]&Table123[[#This Row],[Täckning '[mm']]]&Table123[[#This Row],[OK<17 Timamr]]&Table123[[#This Row],[Kommentar]] -> C30/372054010
A24: C32/40 | B24: 20 | C24: 5 | D24: 40 | E24: 2 | F24: 10 | G24: Plywood 12-19 cellplast 70 | H24: 0 | I24: 7 | J24: 17 | M24: =Table123[[#This Row],[Kvalitet]]&Table123[[#This Row],[Gjuttemperatur]]&Table123[[#This Row],[Temperatur motgjutningsyta]]&Table123[[#This Row],[Värmekabel]]&Table123[[#This Row],[Täckning '[mm']]]&Table123[[#This Row],[OK<17 Timamr]]&Table123[[#This Row],[Kommentar]] -> C32/402054010
A25: C32/40 | B25: 20 | C25: 5 | D25: 40 | E25: 3 | F25: 10 | G25: Plywood 12-19 cellplast 100 | H25: 0 | I25: 12 | J25: 16.8 | M25: =Table123[[#This Row],[Kvalitet]]&Table123[[#This Row],[Gjuttemperatur]]&Table123[[#This Row],[Temperatur motgjutningsyta]]&Table123[[#This Row],[Värmekabel]]&Table123[[#This Row],[Täckning '[mm']]]&Table123[[#This Row],[OK<17 Timamr]]&Table123[[#This Row],[Kommentar]] -> C32/402054010
A26: C35/45 | B26: 20 | C26: 5 | D26: 40 | E26: 1 | F26: 10 | G26: Plywood 12-19 cellplast 50 | H26: 0 | I26: 20 | J26: 17 | M26: =Table123[[#This Row],[Kvalitet]]&Table123[[#This Row],[Gjuttemperatur]]&Table123[[#This Row],[Temperatur motgjutningsyta]]&Table123[[#This Row],[Värmekabel]]&Table123[[#This Row],[Täckning '[mm']]]&Table123[[#This Row],[OK<17 Timamr]]&Table123[[#This Row],[Kommentar]] -> C35/452054010
A27: C30/37 | B27: 20 | C27: 5 | D27: 40 | E27: 3 | F27: 10 | G27: Plywood 12-19 cellplast 70 | H27: -5 | I27: 0 | J27: 16.9 | M27: =Table123[[#This Row],[Kvalitet]]&Table123[[#This Row],[Gjuttemperatur]]&Table123[[#This Row],[Temperatur motgjutningsyta]]&Table123[[#This Row],[Värmekabel]]&Table123[[#This Row],[Täckning '[mm']]]&Table123[[#This Row],[OK<17 Timamr]]&Table123[[#This Row],[Kommentar]] -> C30/372054010
A28: C32/40 | B28: 20 | C28: 5 | D28: 40 | E28: 2 | F28: 10 | G28: Plywood 12-19 cellplast 70 | H28: -5 | I28: 2 | J28: 16.9 | M28: =Table123[[#This Row],[Kvalitet]]&Table123[[#This Row],[Gjuttemperatur]]&Table123[[#This Row],[Temperatur motgjutningsyta]]&Table123[[#This Row],[Värmekabel]]&Table123[[#This Row],[Täckning '[mm']]]&Table123[[#This Row],[OK<17 Timamr]]&Table123[[#This Row],[Kommentar]] -> C32/402054010
A29: C35/45 | B29: 20 | C29: 5 | D29: 40 | E29: 1 | F29: 10 | G29: Plywood 12-19 cellplast 120 | H29: -5 | I29: 7 | J29: 17 | M29: =Table123[[#This Row],[Kvalitet]]&Table123[[#This Row],[Gjuttemperatur]]&Table123[[#This Row],[Temperatur motgjutningsyta]]&Table123[[#This Row],[Värmekabel]]&Table123[[#This Row],[Täckning '[mm']]]&Table123[[#This Row],[OK<17 Timamr]]&Table123[[#This Row],[Kommentar]] -> C35/452054010
A30: C35/45 | B30: 20 | C30: 5 | D30: 40 | E30: 2 | F30: 10 | G30: Plywood 12-19 cellplast 70 | H30: -5 | I30: 12 | J30: 16.9 | M30: =Table123[[#This Row],[Kvalitet]]&Table123[[#This Row],[Gjuttemperatur]]&Table123[[#This Row],[Temperatur motgjutningsyta]]&Table123[[#This Row],[Värmekabel]]&Table123[[#This Row],[Täckning '[mm']]]&Table123[[#This Row],[OK<17 Timamr]]&Table123[[#This Row],[Kommentar]] -> C35/452054010
B31: 20 | C31: 5 | F31: 50 | H31: -5 | I31: 20 | L31: Fryser innan täck | M31: =Table123[[#This Row],[Kvalitet]]&Table123[[#This Row],[Gjuttemperatur]]&Table123[[#This Row],[Temperatur motgjutningsyta]]&Table123[[#This Row],[Värmekabel]]&Table123[[#This Row],[Täckning '[mm']]]&Table123[[#This Row],[OK<17 Timamr]]&Table123[[#This Row],[Kommentar]] -> 20550Fryser innan täck
A32: C30/37 | B32: 20 | C32: 5 | D32: 40 | E32: 3 | F32: 10 | G32: Plywood 12-19 cellplast 100 | H32: -10 | I32: 0 | J32: 17 | M32: =Table123[[#This Row],[Kvalitet]]&Table123[[#This Row],[Gjuttemperatur]]&Table123[[#This Row],[Temperatur motgjutningsyta]]&Table123[[#This Row],[Värmekabel]]&Table123[[#This Row],[Täckning '[mm']]]&Table123[[#This Row],[OK<17 Timamr]]&Table123[[#This Row],[Kommentar]] -> C30/372054010
A33: C35/45 | B33: 20 | C33: 5 | D33: 40 | E33: 1 | F33: 10 | G33: Plywood 12-19 cellplast 120 | H33: -10 | I33: 2 | J33: 17 | M33: =Table123[[#This Row],[Kvalitet]]&Table123[[#This Row],[Gjuttemperatur]]&Table123[[#This Row],[Temperatur motgjutningsyta]]&Table123[[#This Row],[Värmekabel]]&Table123[[#This Row],[Täckning '[mm']]]&Table123[[#This Row],[OK<17 Timamr]]&Table123[[#This Row],[Kommentar]] -> C35/452054010
A34: C35/45 | B34: 20 | C34: 5 | D34: 40 | E34: 3 | F34: 10 | G34: Plywood 12-19 cellplast 120 | H34: -10 | I34: 7 | J34: 16.9 | M34: =Table123[[#This Row],[Kvalitet]]&Table123[[#This Row],[Gjuttemperatur]]&Table123[[#This Row],[Temperatur motgjutningsyta]]&Table123[[#This Row],[Värmekabel]]&Table123[[#This Row],[Täckning '[mm']]]&Table123[[#This Row],[OK<17 Timamr]]&Table123[[#This Row],[Kommentar]] -> C35/452054010
B35: - | C35: - | F35: - | H35: -10 | I35: 12 | L35: Fryser innan täck | M35: =Table123[[#This Row],[Kvalitet]]&Table123[[#This Row],[Gjuttemperatur]]&Table123[[#This Row],[Temperatur motgjutningsyta]]&Table123[[#This Row],[Värmekabel]]&Table123[[#This Row],[Täckning '[mm']]]&Table123[[#This Row],[OK<17 Timamr]]&Table123[[#This Row],[Kommentar]] -> ---Fryser innan täck
B36: - | C36: - | F36: - | H36: -10 | I36: 20 | L36: Fryser innan täck | M36: =Table123[[#This Row],[Kvalitet]]&Table123[[#This Row],[Gjuttemperatur]]&Table123[[#This Row],[Temperatur motgjutningsyta]]&Table123[[#This Row],[Värmekabel]]&Table123[[#This Row],[Täckning '[mm']]]&Table123[[#This Row],[OK<17 Timamr]]&Table123[[#This Row],[Kommentar]] -> ---Fryser innan täck
A37: C35/45 | B37: 15 | C37: 5 | D37: 40 | E37: 3 | F37: 30 | G37: Plywood 12-19 cellplast 100 | H37: -15 | I37: 0 | J37: 17 | M37: =Table123[[#This Row],[Kvalitet]]&Table123[[#This Row],[Gjuttemperatur]]&Table123[[#This Row],[Temperatur motgjutningsyta]]&Table123[[#This Row],[Värmekabel]]&Table123[[#This Row],[Täckning '[mm']]]&Table123[[#This Row],[OK<17 Timamr]]&Table123[[#This Row],[Kommentar]] -> C35/451554030
A38: - | B38: - | C38: - | D38: - | E38: - | F38: - | G38: - | H38: -15 | I38: 2 | L38: Når ej 6 MPa | M38: =Table123[[#This Row],[Kvalitet]]&Table123[[#This Row],[Gjuttemperatur]]&Table123[[#This Row],[Temperatur motgjutningsyta]]&Table123[[#This Row],[Värmekabel]]&Table123[[#This Row],[Täckning '[mm']]]&Table123[[#This Row],[OK<17 Timamr]]&Table123[[#This Row],[Kommentar]] -> -----Når ej 6 MPa
A39: - | B39: - | C39: - | D39: - | E39: - | F39: - | G39: - | H39: -15 | I39: 7 | L39: Fryser innan täck | M39: =Table123[[#This Row],[Kvalitet]]&Table123[[#This Row],[Gjuttemperatur]]&Table123[[#This Row],[Temperatur motgjutningsyta]]&Table123[[#This Row],[Värmekabel]]&Table123[[#This Row],[Täckning '[mm']]]&Table123[[#This Row],[OK<17 Timamr]]&Table123[[#This Row],[Kommentar]] -> -----Fryser innan täck
A40: - | B40: - | C40: - | D40: - | E40: - | F40: - | G40: - | H40: -15 | I40: 12 | L40: Fryser innan täck | M40: =Table123[[#This Row],[Kvalitet]]&Table123[[#This Row],[Gjuttemperatur]]&Table123[[#This Row],[Temperatur motgjutningsyta]]&Table123[[#This Row],[Värmekabel]]&Table123[[#This Row],[Täckning '[mm']]]&Table123[[#This Row],[OK<17 Timamr]]&Table123[[#This Row],[Kommentar]] -> -----Fryser innan täck
A41: - | B41: - | C41: - | D41: - | E41: - | F41: - | G41: - | H41: -15 | I41: 20 | L41: Fryser innan täck | M41: =Table123[[#This Row],[Kvalitet]]&Table123[[#This Row],[Gjuttemperatur]]&Table123[[#This Row],[Temperatur motgjutningsyta]]&Table123[[#This Row],[Värmekabel]]&Table123[[#This Row],[Täckning '[mm']]]&Table123[[#This Row],[OK<17 Timamr]]&Table123[[#This Row],[Kommentar]] -> -----Fryser innan täck
A42: - | B42: - | C42: - | D42: - | E42: - | F42: - | G42: - | H42: -20 | I42: 0 | L42: Når ej 6 MPa | M42: =Table123[[#This Row],[Kvalitet]]&Table123[[#This Row],[Gjuttemperatur]]&Table123[[#This Row],[Temperatur motgjutningsyta]]&Table123[[#This Row],[Värmekabel]]&Table123[[#This Row],[Täckning '[mm']]]&Table123[[#This Row],[OK<17 Timamr]]&Table123[[#This Row],[Kommentar]] -> -----Når ej 6 MPa
A43: - | B43: - | C43: - | D43: - | E43: - | F43: - | G43: - | H43: -20 | I43: 2 | L43: Fryser innan täck | M43: =Table123[[#This Row],[Kvalitet]]&Table123[[#This Row],[Gjuttemperatur]]&Table123[[#This Row],[Temperatur motgjutningsyta]]&Table123[[#This Row],[Värmekabel]]&Table123[[#This Row],[Täckning '[mm']]]&Table123[[#This Row],[OK<17 Timamr]]&Table123[[#This Row],[Kommentar]] -> -----Fryser innan täck
A44: - | B44: - | C44: - | D44: - | E44: - | F44: - | G44: - | H44: -20 | I44: 7 | L44: Fryser innan täck | M44: =Table123[[#This Row],[Kvalitet]]&Table123[[#This Row],[Gjuttemperatur]]&Table123[[#This Row],[Temperatur motgjutningsyta]]&Table123[[#This Row],[Värmekabel]]&Table123[[#This Row],[Täckning '[mm']]]&Table123[[#This Row],[OK<17 Timamr]]&Table123[[#This Row],[Kommentar]] -> -----Fryser innan täck
A45: - | B45: - | C45: - | D45: - | E45: - | F45: - | G45: - | H45: -20 | I45: 12 | L45: Fryser innan täck | M45: =Table123[[#This Row],[Kvalitet]]&Table123[[#This Row],[Gjuttemperatur]]&Table123[[#This Row],[Temperatur motgjutningsyta]]&Table123[[#This Row],[Värmekabel]]&Table123[[#This Row],[Täckning '[mm']]]&Table123[[#This Row],[OK<17 Timamr]]&Table123[[#This Row],[Kommentar]] -> -----Fryser innan täck
A46: - | B46: - | C46: - | D46: - | E46: - | F46: - | G46: - | H46: -20 | I46: 20 | L46: Fryser innan täck | M46: =Table123[[#This Row],[Kvalitet]]&Table123[[#This Row],[Gjuttemperatur]]&Table123[[#This Row],[Temperatur motgjutningsyta]]&Table123[[#This Row],[Värmekabel]]&Table123[[#This Row],[Täckning '[mm']]]&Table123[[#This Row],[OK<17 Timamr]]&Table123[[#This Row],[Kommentar]] -> -----Fryser innan täck

Sheet Bjälklag (30% slagg)
A1: Kvalitet | B1: Gjuttemperatur | C1: Temperatur motgjutningsyta | D1: Värmekabel | E1: Antal värmekablar | F1: Täckning [mm] | G1: Formisolering [mm] | H1: Temperatur | I1: Vind | J1: <17 Timmar och >6 Mpa | K1: OK<17 Timamr | L1: Kommentar | M1: Åtgärdskåd
A2: C35/45 | B2: 15 | C2: 20 | D2: - | E2: - | F2: - | G2: Plywood 15, oisolerat | H2: 20 | I2: 0 | J2: 16.9 | M2: =Table1[[#This Row],[Kvalitet]]&Table1[[#This Row],[Gjuttemperatur]]&Table1[[#This Row],[Temperatur motgjutningsyta]]&Table1[[#This Row],[Värmekabel]]&Table1[[#This Row],[Täckning '[mm']]]&Table1[[#This Row],[OK<17 Timamr]]&Table1[[#This Row],[Kommentar]] -> C28/351520--
A3: C35/45 | B3: 15 | C3: 20 | D3: - | E3: - | F3: - | G3: Plywood 15, oisolerat | H3: 20 | I3: 2 | J3: 16.8 | M3: =Table1[[#This Row],[Kvalitet]]&Table1[[#This Row],[Gjuttemperatur]]&Table1[[#This Row],[Temperatur motgjutningsyta]]&Table1[[#This Row],[Värmekabel]]&Table1[[#This Row],[Täckning '[mm']]]&Table1[[#This Row],[OK<17 Timamr]]&Table1[[#This Row],[Kommentar]] -> C28/351520--
A4: C35/45 | B4: 15 | C4: 20 | D4: - | E4: - | F4: - | G4: Plywood 15, oisolerat | H4: 20 | I4: 7 | J4: 16.8 | M4: =Table1[[#This Row],[Kvalitet]]&Table1[[#This Row],[Gjuttemperatur]]&Table1[[#This Row],[Temperatur motgjutningsyta]]&Table1[[#This Row],[Värmekabel]]&Table1[[#This Row],[Täckning '[mm']]]&Table1[[#This Row],[OK<17 Timamr]]&Table1[[#This Row],[Kommentar]] -> C28/351520--
A5: C35/45 | B5: 15 | C5: 20 | D5: - | E5: - | F5: - | G5: Plywood 15, oisolerat | H5: 20 | I5: 12 | J5: 16.8 | M5: =Table1[[#This Row],[Kvalitet]]&Table1[[#This Row],[Gjuttemperatur]]&Table1[[#This Row],[Temperatur motgjutningsyta]]&Table1[[#This Row],[Värmekabel]]&Table1[[#This Row],[Täckning '[mm']]]&Table1[[#This Row],[OK<17 Timamr]]&Table1[[#This Row],[Kommentar]] -> C28/351520--
A6: C35/45 | B6: 15 | C6: 20 | D6: - | E6: - | F6: - | G6: Plywood 15, oisolerat | H6: 20 | I6: 20 | J6: 16.8 | M6: =Table1[[#This Row],[Kvalitet]]&Table1[[#This Row],[Gjuttemperatur]]&Table1[[#This Row],[Temperatur motgjutningsyta]]&Table1[[#This Row],[Värmekabel]]&Table1[[#This Row],[Täckning '[mm']]]&Table1[[#This Row],[OK<17 Timamr]]&Table1[[#This Row],[Kommentar]] -> C28/351520--
B7: 15 | C7: 15 | F7: - | H7: 15 | I7: 0 | M7: =Table1[[#This Row],[Kvalitet]]&Table1[[#This Row],[Gjuttemperatur]]&Table1[[#This Row],[Temperatur motgjutningsyta]]&Table1[[#This Row],[Värmekabel]]&Table1[[#This Row],[Täckning '[mm']]]&Table1[[#This Row],[OK<17 Timamr]]&Table1[[#This Row],[Kommentar]] -> C30/371515--
B8: 15 | C8: 15 | F8: - | H8: 15 | I8: 2 | M8: =Table1[[#This Row],[Kvalitet]]&Table1[[#This Row],[Gjuttemperatur]]&Table1[[#This Row],[Temperatur motgjutningsyta]]&Table1[[#This Row],[Värmekabel]]&Table1[[#This Row],[Täckning '[mm']]]&Table1[[#This Row],[OK<17 Timamr]]&Table1[[#This Row],[Kommentar]] -> C30/371515--
B9: 15 | C9: 15 | F9: - | H9: 15 | I9: 7 | M9: =Table1[[#This Row],[Kvalitet]]&Table1[[#This Row],[Gjuttemperatur]]&Table1[[#This Row],[Temperatur motgjutningsyta]]&Table1[[#This Row],[Värmekabel]]&Table1[[#This Row],[Täckning '[mm']]]&Table1[[#This Row],[OK<17 Timamr]]&Table1[[#This Row],[Kommentar]] -> C30/371515--
B10: 15 | C10: 15 | F10: Presenning | H10: 15 | I10: 12 | M10: =Table1[[#This Row],[Kvalitet]]&Table1[[#This Row],[Gjuttemperatur]]&Table1[[#This Row],[Temperatur motgjutningsyta]]&Table1[[#This Row],[Värmekabel]]&Table1[[#This Row],[Täckning '[mm']]]&Table1[[#This Row],[OK<17 Timamr]]&Table1[[#This Row],[Kommentar]] -> C30/371515-Presenning
B11: 15 | C11: 15 | F11: Presenning | H11: 15 | I11: 20 | M11: =Table1[[#This Row],[Kvalitet]]&Table1[[#This Row],[Gjuttemperatur]]&Table1[[#This Row],[Temperatur motgjutningsyta]]&Table1[[#This Row],[Värmekabel]]&Table1[[#This Row],[Täckning '[mm']]]&Table1[[#This Row],[OK<17 Timamr]]&Table1[[#This Row],[Kommentar]] -> C30/371515-Presenning
B12: 15 | C12: 10 | F12: - | H12: 10 | I12: 0 | M12: =Table1[[#This Row],[Kvalitet]]&Table1[[#This Row],[Gjuttemperatur]]&Table1[[#This Row],[Temperatur motgjutningsyta]]&Table1[[#This Row],[Värmekabel]]&Table1[[#This Row],[Täckning '[mm']]]&Table1[[#This Row],[OK<17 Timamr]]&Table1[[#This Row],[Kommentar]] -> C35/451510--
B13: 15 | C13: 10 | F13: Presenning | H13: 10 | I13: 2 | M13: =Table1[[#This Row],[Kvalitet]]&Table1[[#This Row],[Gjuttemperatur]]&Table1[[#This Row],[Temperatur motgjutningsyta]]&Table1[[#This Row],[Värmekabel]]&Table1[[#This Row],[Täckning '[mm']]]&Table1[[#This Row],[OK<17 Timamr]]&Table1[[#This Row],[Kommentar]] -> C40/501510--
B14: 15 | C14: 10 | F14: Presenning | H14: 10 | I14: 7 | M14: =Table1[[#This Row],[Kvalitet]]&Table1[[#This Row],[Gjuttemperatur]]&Table1[[#This Row],[Temperatur motgjutningsyta]]&Table1[[#This Row],[Värmekabel]]&Table1[[#This Row],[Täckning '[mm']]]&Table1[[#This Row],[OK<17 Timamr]]&Table1[[#This Row],[Kommentar]] -> C40/501510-Presenning
B15: 15 | C15: 10 | F15: Presenning | H15: 10 | I15: 12 | M15: =Table1[[#This Row],[Kvalitet]]&Table1[[#This Row],[Gjuttemperatur]]&Table1[[#This Row],[Temperatur motgjutningsyta]]&Table1[[#This Row],[Värmekabel]]&Table1[[#This Row],[Täckning '[mm']]]&Table1[[#This Row],[OK<17 Timamr]]&Table1[[#This Row],[Kommentar]] -> C40/501510-Presenning
B16: 15 | C16: 10 | F16: Presenning | H16: 10 | I16: 20 | M16: =Table1[[#This Row],[Kvalitet]]&Table1[[#This Row],[Gjuttemperatur]]&Table1[[#This Row],[Temperatur motgjutningsyta]]&Table1[[#This Row],[Värmekabel]]&Table1[[#This Row],[Täckning '[mm']]]&Table1[[#This Row],[OK<17 Timamr]]&Table1[[#This Row],[Kommentar]] -> C40/501510-Presenning
A17: C35/45 | B17: 20 | C17: 5 | D17: 40 | E17: 2 | F17: Presenning | G17: Plywood 15 cellplast 30 | H17: 5 | I17: 0 | J17: 16.6 | M17: =Table1[[#This Row],[Kvalitet]]&Table1[[#This Row],[Gjuttemperatur]]&Table1[[#This Row],[Temperatur motgjutningsyta]]&Table1[[#This Row],[Värmekabel]]&Table1[[#This Row],[Täckning '[mm']]]&Table1[[#This Row],[OK<17 Timamr]]&Table1[[#This Row],[Kommentar]] -> C25/302054010
A18: C35/45 | B18: 20 | C18: 5 | D18: 40 | E18: 2 | F18: 10 | G18: Plywood 12-19 cellplast 50 | H18: 5 | I18: 2 | J18: 16.7 | M18: =Table1[[#This Row],[Kvalitet]]&Table1[[#This Row],[Gjuttemperatur]]&Table1[[#This Row],[Temperatur motgjutningsyta]]&Table1[[#This Row],[Värmekabel]]&Table1[[#This Row],[Täckning '[mm']]]&Table1[[#This Row],[OK<17 Timamr]]&Table1[[#This Row],[Kommentar]] -> C20/252054010
A19: C35/45 | B19: 20 | C19: 5 | D19: 40 | E19: 2 | F19: 10 | G19: Plywood 12-19 cellplast 100 | H19: 5 | I19: 7 | J19: 17 | M19: =Table1[[#This Row],[Kvalitet]]&Table1[[#This Row],[Gjuttemperatur]]&Table1[[#This Row],[Temperatur motgjutningsyta]]&Table1[[#This Row],[Värmekabel]]&Table1[[#This Row],[Täckning '[mm']]]&Table1[[#This Row],[OK<17 Timamr]]&Table1[[#This Row],[Kommentar]] -> C28/352054010
A20: C40/50 | B20: 20 | C20: 5 | D20: 40 | E20: 2 | F20: 10 | G20: Plywood 15 cellplast 30 | H20: 5 | I20: 12 | J20: 16.9 | M20: =Table1[[#This Row],[Kvalitet]]&Table1[[#This Row],[Gjuttemperatur]]&Table1[[#This Row],[Temperatur motgjutningsyta]]&Table1[[#This Row],[Värmekabel]]&Table1[[#This Row],[Täckning '[mm']]]&Table1[[#This Row],[OK<17 Timamr]]&Table1[[#This Row],[Kommentar]] -> C28/352054010
A21: C40/50 | B21: 20 | C21: 5 | D21: 40 | E21: 2 | F21: 10 | G21: Plywood 12-19 cellplast 50 | H21: 5 | I21: 20 | J21: 16.8 | M21: =Table1[[#This Row],[Kvalitet]]&Table1[[#This Row],[Gjuttemperatur]]&Table1[[#This Row],[Temperatur motgjutningsyta]]&Table1[[#This Row],[Värmekabel]]&Table1[[#This Row],[Täckning '[mm']]]&Table1[[#This Row],[OK<17 Timamr]]&Table1[[#This Row],[Kommentar]] -> C28/352054010
A22: C40/50 | B22: 20 | C22: 5 | D22: 40 | E22: 2 | F22: 10 | G22: Plywood 15 cellplast 30 | H22: 0 | I22: 0 | J22: 16.2 | M22: =Table1[[#This Row],[Kvalitet]]&Table1[[#This Row],[Gjuttemperatur]]&Table1[[#This Row],[Temperatur motgjutningsyta]]&Table1[[#This Row],[Värmekabel]]&Table1[[#This Row],[Täckning '[mm']]]&Table1[[#This Row],[OK<17 Timamr]]&Table1[[#This Row],[Kommentar]] -> C25/302054010
A23: C40/50 | B23: 20 | C23: 5 | D23: 40 | E23: 2 | F23: 10 | G23: Plywood 12-19 cellplast 50 | H23: 0 | I23: 2 | J23: 16.6 | M23: =Table1[[#This Row],[Kvalitet]]&Table1[[#This Row],[Gjuttemperatur]]&Table1[[#This Row],[Temperatur motgjutningsyta]]&Table1[[#This Row],[Värmekabel]]&Table1[[#This Row],[Täckning '[mm']]]&Table1[[#This Row],[OK<17 Timamr]]&Table1[[#This Row],[Kommentar]] -> C28/352054010
A24: C40/50 | B24: 20 | C24: 5 | D24: 40 | E24: 3 | F24: 10 | G24: Plywood 12-19 cellplast 120 | H24: 0 | I24: 7 | J24: 16.8 | M24: =Table1[[#This Row],[Kvalitet]]&Table1[[#This Row],[Gjuttemperatur]]&Table1[[#This Row],[Temperatur motgjutningsyta]]&Table1[[#This Row],[Värmekabel]]&Table1[[#This Row],[Täckning '[mm']]]&Table1[[#This Row],[OK<17 Timamr]]&Table1[[#This Row],[Kommentar]] -> C28/352054010
B25: 20 | C25: 5 | F25: 20 | H25: 0 | I25: 12 | M25: =Table1[[#This Row],[Kvalitet]]&Table1[[#This Row],[Gjuttemperatur]]&Table1[[#This Row],[Temperatur motgjutningsyta]]&Table1[[#This Row],[Värmekabel]]&Table1[[#This Row],[Täckning '[mm']]]&Table1[[#This Row],[OK<17 Timamr]]&Table1[[#This Row],[Kommentar]] -> C28/352054010
B26: 20 | C26: 5 | F26: 20 | H26: 0 | I26: 20 | M26: =Table1[[#This Row],[Kvalitet]]&Table1[[#This Row],[Gjuttemperatur]]&Table1[[#This Row],[Temperatur motgjutningsyta]]&Table1[[#This Row],[Värmekabel]]&Table1[[#This Row],[Täckning '[mm']]]&Table1[[#This Row],[OK<17 Timamr]]&Table1[[#This Row],[Kommentar]] -> C28/352054010
B27: 20 | C27: 5 | F27: 30 | H27: -5 | I27: 0 | M27: =Table1[[#This Row],[Kvalitet]]&Table1[[#This Row],[Gjuttemperatur]]&Table1[[#This Row],[Temperatur motgjutningsyta]]&Table1[[#This Row],[Värmekabel]]&Table1[[#This Row],[Täckning '[mm']]]&Table1[[#This Row],[OK<17 Timamr]]&Table1[[#This Row],[Kommentar]] -> C28/352054010
B28: 20 | C28: 5 | F28: 30 | H28: -5 | I28: 2 | M28: =Table1[[#This Row],[Kvalitet]]&Table1[[#This Row],[Gjuttemperatur]]&Table1[[#This Row],[Temperatur motgjutningsyta]]&Table1[[#This Row],[Värmekabel]]&Table1[[#This Row],[Täckning '[mm']]]&Table1[[#This Row],[OK<17 Timamr]]&Table1[[#This Row],[Kommentar]] -> C28/352054010
B29: 20 | C29: 5 | F29: 50 | H29: -5 | I29: 7 | M29: =Table1[[#This Row],[Kvalitet]]&Table1[[#This Row],[Gjuttemperatur]]&Table1[[#This Row],[Temperatur motgjutningsyta]]&Table1[[#This Row],[Värmekabel]]&Table1[[#This Row],[Täckning '[mm']]]&Table1[[#This Row],[OK<17 Timamr]]&Table1[[#This Row],[Kommentar]] -> C30/372054010
B30: 20 | C30: 5 | F30: 50 | H30: -5 | I30: 12 | M30: =Table1[[#This Row],[Kvalitet]]&Table1[[#This Row],[Gjuttemperatur]]&Table1[[#This Row],[Temperatur motgjutningsyta]]&Table1[[#This Row],[Värmekabel]]&Table1[[#This Row],[Täckning '[mm']]]&Table1[[#This Row],[OK<17 Timamr]]&Table1[[#This Row],[Kommentar]] -> C30/372054010
B31: 20 | C31: 5 | F31: 50 | H31: -5 | I31: 20 | L31: Fryser innan täck | M31: =Table1[[#This Row],[Kvalitet]]&Table1[[#This Row],[Gjuttemperatur]]&Table1[[#This Row],[Temperatur motgjutningsyta]]&Table1[[#This Row],[Värmekabel]]&Table1[[#This Row],[Täckning '[mm']]]&Table1[[#This Row],[OK<17 Timamr]]&Table1[[#This Row],[Kommentar]] -> -----Fryser innan täck
B32: 20 | C32: 5 | F32: 50 | H32: -10 | I32: 0 | L32: Når ej 6 MPa | M32: =Table1[[#This Row],[Kvalitet]]&Table1[[#This Row],[Gjuttemperatur]]&Table1[[#This Row],[Temperatur motgjutningsyta]]&Table1[[#This Row],[Värmekabel]]&Table1[[#This Row],[Täckning '[mm']]]&Table1[[#This Row],[OK<17 Timamr]]&Table1[[#This Row],[Kommentar]] -> C28/352054010 | N32: 70% hållfasthet
B33: 20 | C33: 5 | F33: 50 | H33: -10 | I33: 2 | L33: Når ej 6 MPa | M33: =Table1[[#This Row],[Kvalitet]]&Table1[[#This Row],[Gjuttemperatur]]&Table1[[#This Row],[Temperatur motgjutningsyta]]&Table1[[#This Row],[Värmekabel]]&Table1[[#This Row],[Täckning '[mm']]]&Table1[[#This Row],[OK<17 Timamr]]&Table1[[#This Row],[Kommentar]] -> C28/352054010 | N33: 17.5
B34: 20 | C34: 5 | F34: 50 | H34: -10 | I34: 7 | L34: Når ej 6 MPa | M34: =Table1[[#This Row],[Kvalitet]]&Table1[[#This Row],[Gjuttemperatur]]&Table1[[#This Row],[Temperatur motgjutningsyta]]&Table1[[#This Row],[Värmekabel]]&Table1[[#This Row],[Täckning '[mm']]]&Table1[[#This Row],[OK<17 Timamr]]&Table1[[#This Row],[Kommentar]] -> C32/402054010 | N34: 21
B35: - | C35: - | F35: - | H35: -10 | I35: 12 | L35: Fryser innan täck | M35: =Table1[[#This Row],[Kvalitet]]&Table1[[#This Row],[Gjuttemperatur]]&Table1[[#This Row],[Temperatur motgjutningsyta]]&Table1[[#This Row],[Värmekabel]]&Table1[[#This Row],[Täckning '[mm']]]&Table1[[#This Row],[OK<17 Timamr]]&Table1[[#This Row],[Kommentar]] -> -----Fryser innan täck | N35: 24.5
B36: - | C36: - | F36: - | H36: -10 | I36: 20 | L36: Fryser innan täck | M36: =Table1[[#This Row],[Kvalitet]]&Table1[[#This Row],[Gjuttemperatur]]&Table1[[#This Row],[Temperatur motgjutningsyta]]&Table1[[#This Row],[Värmekabel]]&Table1[[#This Row],[Täckning '[mm']]]&Table1[[#This Row],[OK<17 Timamr]]&Table1[[#This Row],[Kommentar]] -> -----Fryser innan täck | N36: 25.9
B37: 15 | C37: 5 | F37: 50 | H37: -15 | I37: 0 | L37: Når ej 6 MPa | M37: =Table1[[#This Row],[Kvalitet]]&Table1[[#This Row],[Gjuttemperatur]]&Table1[[#This Row],[Temperatur motgjutningsyta]]&Table1[[#This Row],[Värmekabel]]&Table1[[#This Row],[Täckning '[mm']]]&Table1[[#This Row],[OK<17 Timamr]]&Table1[[#This Row],[Kommentar]] -> C32/401554020 | N37: 28
B38: 15 | C38: 5 | F38: 50 | H38: -15 | I38: 2 | L38: Når ej 6 MPa | M38: =Table1[[#This Row],[Kvalitet]]&Table1[[#This Row],[Gjuttemperatur]]&Table1[[#This Row],[Temperatur motgjutningsyta]]&Table1[[#This Row],[Värmekabel]]&Table1[[#This Row],[Täckning '[mm']]]&Table1[[#This Row],[OK<17 Timamr]]&Table1[[#This Row],[Kommentar]] -> C40/501554020 | N38: 31.5
B39: - | C39: - | F39: - | H39: -15 | I39: 7 | L39: Fryser innan täck | M39: =Table1[[#This Row],[Kvalitet]]&Table1[[#This Row],[Gjuttemperatur]]&Table1[[#This Row],[Temperatur motgjutningsyta]]&Table1[[#This Row],[Värmekabel]]&Table1[[#This Row],[Täckning '[mm']]]&Table1[[#This Row],[OK<17 Timamr]]&Table1[[#This Row],[Kommentar]] -> -----Fryser innan täck | N39: 35
B40: - | C40: - | F40: - | H40: -15 | I40: 12 | L40: Fryser innan täck | M40: =Table1[[#This Row],[Kvalitet]]&Table1[[#This Row],[Gjuttemperatur]]&Table1[[#This Row],[Temperatur motgjutningsyta]]&Table1[[#This Row],[Värmekabel]]&Table1[[#This Row],[Täckning '[mm']]]&Table1[[#This Row],[OK<17 Timamr]]&Table1[[#This Row],[Kommentar]] -> -----Fryser innan täck
B41: - | C41: - | F41: - | H41: -15 | I41: 20 | L41: Fryser innan täck | M41: =Table1[[#This Row],[Kvalitet]]&Table1[[#This Row],[Gjuttemperatur]]&Table1[[#This Row],[Temperatur motgjutningsyta]]&Table1[[#This Row],[Värmekabel]]&Table1[[#This Row],[Täckning '[mm']]]&Table1[[#This Row],[OK<17 Timamr]]&Table1[[#This Row],[Kommentar]] -> -----Fryser innan täck
B42: - | C42: - | F42: - | H42: -20 | I42: 0 | L42: Når ej 6 MPa | M42: =Table1[[#This Row],[Kvalitet]]&Table1[[#This Row],[Gjuttemperatur]]&Table1[[#This Row],[Temperatur motgjutningsyta]]&Table1[[#This Row],[Värmekabel]]&Table1[[#This Row],[Täckning '[mm']]]&Table1[[#This Row],[OK<17 Timamr]]&Table1[[#This Row],[Kommentar]] -> -----Når ej 6 MPa
B43: - | C43: - | F43: - | H43: -20 | I43: 2 | L43: Fryser innan täck | M43: =Table1[[#This Row],[Kvalitet]]&Table1[[#This Row],[Gjuttemperatur]]&Table1[[#This Row],[Temperatur motgjutningsyta]]&Table1[[#This Row],[Värmekabel]]&Table1[[#This Row],[Täckning '[mm']]]&Table1[[#This Row],[OK<17 Timamr]]&Table1[[#This Row],[Kommentar]] -> -----Fryser innan täck
B44: - | C44: - | F44: - | H44: -20 | I44: 7 | L44: Fryser innan täck | M44: =Table1[[#This Row],[Kvalitet]]&Table1[[#This Row],[Gjuttemperatur]]&Table1[[#This Row],[Temperatur motgjutningsyta]]&Table1[[#This Row],[Värmekabel]]&Table1[[#This Row],[Täckning '[mm']]]&Table1[[#This Row],[OK<17 Timamr]]&Table1[[#This Row],[Kommentar]] -> -----Fryser innan täck
B45: - | C45: - | F45: - | H45: -20 | I45: 12 | L45: Fryser innan täck | M45: =Table1[[#This Row],[Kvalitet]]&Table1[[#This Row],[Gjuttemperatur]]&Table1[[#This Row],[Temperatur motgjutningsyta]]&Table1[[#This Row],[Värmekabel]]&Table1[[#This Row],[Täckning '[mm']]]&Table1[[#This Row],[OK<17 Timamr]]&Table1[[#This Row],[Kommentar]] -> -----Fryser innan täck
B46: - | C46: - | F46: - | H46: -20 | I46: 20 | L46: Fryser innan täck | M46: =Table1[[#This Row],[Kvalitet]]&Table1[[#This Row],[Gjuttemperatur]]&Table1[[#This Row],[Temperatur motgjutningsyta]]&Table1[[#This Row],[Värmekabel]]&Table1[[#This Row],[Täckning '[mm']]]&Table1[[#This Row],[OK<17 Timamr]]&Table1[[#This Row],[Kommentar]] -> -----Fryser innan täck

Sheet Bjälklag (40% slagg)
A1: Kvalitet | B1: Gjuttemperatur | C1: Temperatur motgjutningsyta | D1: Värmekabel | E1: Antal värmekablar | F1: Täckning [mm] | G1: Formisolering [mm] | H1: Temperatur | I1: Vind | J1: <17 Timmar och >6 Mpa | K1: OK<17 Timamr | L1: Kommentar | M1: Åtgärdskåd
A2: - | B2: - | C2: - | D2: - | E2: - | F2: - | G2: - | H2: 20 | I2: 0 | L2: Når ej 6 MPa | M2: =Table124[[#This Row],[Kvalitet]]&Table124[[#This Row],[Gjuttemperatur]]&Table124[[#This Row],[Temperatur motgjutningsyta]]&Table124[[#This Row],[Värmekabel]]&Table124[[#This Row],[Täckning '[mm']]]&Table124[[#This Row],[OK<17 Timamr]]&Table124[[#This Row],[Kommentar]] -> -----Når ej 6 MPa
A3: - | B3: - | C3: - | D3: - | E3: - | F3: - | G3: - | H3: 20 | I3: 2 | L3: Når ej 6 MPa | M3: =Table124[[#This Row],[Kvalitet]]&Table124[[#This Row],[Gjuttemperatur]]&Table124[[#This Row],[Temperatur motgjutningsyta]]&Table124[[#This Row],[Värmekabel]]&Table124[[#This Row],[Täckning '[mm']]]&Table124[[#This Row],[OK<17 Timamr]]&Table124[[#This Row],[Kommentar]] -> -----Når ej 6 MPa
A4: - | B4: - | C4: - | D4: - | E4: - | F4: - | G4: - | H4: 20 | I4: 7 | L4: Når ej 6 MPa | M4: =Table124[[#This Row],[Kvalitet]]&Table124[[#This Row],[Gjuttemperatur]]&Table124[[#This Row],[Temperatur motgjutningsyta]]&Table124[[#This Row],[Värmekabel]]&Table124[[#This Row],[Täckning '[mm']]]&Table124[[#This Row],[OK<17 Timamr]]&Table124[[#This Row],[Kommentar]] -> -----Når ej 6 MPa
A5: - | B5: - | C5: - | D5: - | E5: - | F5: - | G5: - | H5: 20 | I5: 12 | L5: Når ej 6 MPa | M5: =Table124[[#This Row],[Kvalitet]]&Table124[[#This Row],[Gjuttemperatur]]&Table124[[#This Row],[Temperatur motgjutningsyta]]&Table124[[#This Row],[Värmekabel]]&Table124[[#This Row],[Täckning '[mm']]]&Table124[[#This Row],[OK<17 Timamr]]&Table124[[#This Row],[Kommentar]] -> -----Når ej 6 MPa
A6: - | B6: - | C6: - | D6: - | E6: - | F6: - | G6: - | H6: 20 | I6: 20 | L6: Når ej 6 MPa | M6: =Table124[[#This Row],[Kvalitet]]&Table124[[#This Row],[Gjuttemperatur]]&Table124[[#This Row],[Temperatur motgjutningsyta]]&Table124[[#This Row],[Värmekabel]]&Table124[[#This Row],[Täckning '[mm']]]&Table124[[#This Row],[OK<17 Timamr]]&Table124[[#This Row],[Kommentar]] -> -----Når ej 6 MPa
A7: - | B7: - | C7: - | D7: - | E7: - | F7: - | G7: - | H7: 15 | I7: 0 | L7: Når ej 6 MPa | M7: =Table124[[#This Row],[Kvalitet]]&Table124[[#This Row],[Gjuttemperatur]]&Table124[[#This Row],[Temperatur motgjutningsyta]]&Table124[[#This Row],[Värmekabel]]&Table124[[#This Row],[Täckning '[mm']]]&Table124[[#This Row],[OK<17 Timamr]]&Table124[[#This Row],[Kommentar]] -> -----Når ej 6 MPa
A8: - | B8: - | C8: - | D8: - | E8: - | F8: - | G8: - | H8: 15 | I8: 2 | L8: Når ej 6 MPa | M8: =Table124[[#This Row],[Kvalitet]]&Table124[[#This Row],[Gjuttemperatur]]&Table124[[#This Row],[Temperatur motgjutningsyta]]&Table124[[#This Row],[Värmekabel]]&Table124[[#This Row],[Täckning '[mm']]]&Table124[[#This Row],[OK<17 Timamr]]&Table124[[#This Row],[Kommentar]] -> -----Når ej 6 MPa
A9: - | B9: - | C9: - | D9: - | E9: - | F9: - | G9: - | H9: 15 | I9: 7 | L9: Når ej 6 MPa | M9: =Table124[[#This Row],[Kvalitet]]&Table124[[#This Row],[Gjuttemperatur]]&Table124[[#This Row],[Temperatur motgjutningsyta]]&Table124[[#This Row],[Värmekabel]]&Table124[[#This Row],[Täckning '[mm']]]&Table124[[#This Row],[OK<17 Timamr]]&Table124[[#This Row],[Kommentar]] -> -----Når ej 6 MPa
A10: - | B10: - | C10: - | D10: - | E10: - | F10: - | G10: - | H10: 15 | I10: 12 | L10: Når ej 6 MPa | M10: =Table124[[#This Row],[Kvalitet]]&Table124[[#This Row],[Gjuttemperatur]]&Table124[[#This Row],[Temperatur motgjutningsyta]]&Table124[[#This Row],[Värmekabel]]&Table124[[#This Row],[Täckning '[mm']]]&Table124[[#This Row],[OK<17 Timamr]]&Table124[[#This Row],[Kommentar]] -> -----Når ej 6 MPa
A11: - | B11: - | C11: - | D11: - | E11: - | F11: - | G11: - | H11: 15 | I11: 20 | L11: Når ej 6 MPa | M11: =Table124[[#This Row],[Kvalitet]]&Table124[[#This Row],[Gjuttemperatur]]&Table124[[#This Row],[Temperatur motgjutningsyta]]&Table124[[#This Row],[Värmekabel]]&Table124[[#This Row],[Täckning '[mm']]]&Table124[[#This Row],[OK<17 Timamr]]&Table124[[#This Row],[Kommentar]] -> -----Når ej 6 MPa
A12: - | B12: - | C12: - | D12: - | E12: - | F12: - | G12: - | H12: 10 | I12: 0 | L12: Når ej 6 MPa | M12: =Table124[[#This Row],[Kvalitet]]&Table124[[#This Row],[Gjuttemperatur]]&Table124[[#This Row],[Temperatur motgjutningsyta]]&Table124[[#This Row],[Värmekabel]]&Table124[[#This Row],[Täckning '[mm']]]&Table124[[#This Row],[OK<17 Timamr]]&Table124[[#This Row],[Kommentar]] -> -----Når ej 6 MPa
A13: - | B13: - | C13: - | D13: - | E13: - | F13: - | G13: - | H13: 10 | I13: 2 | L13: Når ej 6 MPa | M13: =Table124[[#This Row],[Kvalitet]]&Table124[[#This Row],[Gjuttemperatur]]&Table124[[#This Row],[Temperatur motgjutningsyta]]&Table124[[#This Row],[Värmekabel]]&Table124[[#This Row],[Täckning '[mm']]]&Table124[[#This Row],[OK<17 Timamr]]&Table124[[#This Row],[Kommentar]] -> -----Når ej 6 MPa
... A46: - | B46: - | C46: - | D46: - | E46: - | F46: - | G46: - | H46: -20 | I46: 20 | L46: Fryser innan täck | M46: =Table124[[#This Row],[Kvalitet]]&Table124[[#This Row],[Gjuttemperatur]]&Table124[[#This Row],[Temperatur motgjutningsyta]]&Table124[[#This Row],[Värmekabel]]&Table124[[#This Row],[Täckning '[mm']]]&Table124[[#This Row],[OK<17 Timamr]]&Table124[[#This Row],[Kommentar]] -> -----Fryser innan täck

Sheet Data till Lathund, Kådgenererin
A1: Temperatur | B1: Vind | C1: 10% | D1: 20% | E1: 30% | F1: 40% | H1: Temperatur | I1: Vind | J1: Column1 | K1: Åtgärdskåd | L1: Åtgärdssvårighet | M1: Nummer
A2: 20 | B2: 0 | C2: ='Bjälklag (10% slagg)'!M2 -> C28/351520-- | D2: ='Bjälklag (20% slagg)'!K2 -> 0 | E2: ='Bjälklag (30% slagg)'!K2 -> 0 | F2: =#REF! -> #REF! | K2: =Table8[[#This Row],[Column1]] -> C20/251520--OK7 | L2: =Table8[[#This Row],[Jobbighetsnivå]] -> 1 | M2: =MATCH(K2, _xlfn.UNIQUE($K$2:$K$218), 0) -> 1
A3: 20 | B3: 2 | C3: ='Bjälklag (10% slagg)'!M3 -> C28/351520-- | D3: ='Bjälklag (20% slagg)'!K3 -> 0 | E3: ='Bjälklag (30% slagg)'!K3 -> 0 | F3: =#REF! -> #REF! | K3: =Table8[[#This Row],[Column1]] -> C20/251515--OK7 | L3: =Table8[[#This Row],[Jobbighetsnivå]] -> 2 | M3: =MATCH(K3, _xlfn.UNIQUE($K$2:$K$218), 0) -> 2
A4: 20 | B4: 7 | C4: ='Bjälklag (10% slagg)'!M4 -> C28/351520-- | D4: ='Bjälklag (20% slagg)'!K4 -> 0 | E4: ='Bjälklag (30% slagg)'!K4 -> 0 | F4: =#REF! -> #REF! | K4: =Table8[[#This Row],[Column1]] -> C20/2515150-OK7 | L4: =Table8[[#This Row],[Jobbighetsnivå]] -> 3 | M4: =MATCH(K4, _xlfn.UNIQUE($K$2:$K$218), 0) -> 3
A5: 20 | B5: 12 | C5: ='Bjälklag (10% slagg)'!M5 -> C28/351520-- | D5: ='Bjälklag (20% slagg)'!K5 -> 0 | E5: ='Bjälklag (30% slagg)'!K5 -> 0 | F5: =#REF! -> #REF! | K5: =Table8[[#This Row],[Column1]] -> C20/2515150PresenningOK7 | L5: =Table8[[#This Row],[Jobbighetsnivå]] -> 4 | M5: =MATCH(K5, _xlfn.UNIQUE($K$2:$K$218), 0) -> 4
A6: 20 | B6: 20 | C6: ='Bjälklag (10% slagg)'!M6 -> C28/351520-- | D6: ='Bjälklag (20% slagg)'!K6 -> 0 | E6: ='Bjälklag (30% slagg)'!K6 -> 0 | F6: =#REF! -> #REF! | K6: =Table8[[#This Row],[Column1]] -> C20/2515200PresenningOK7 | L6: =Table8[[#This Row],[Jobbighetsnivå]] -> 5 | M6: =MATCH(K6, _xlfn.UNIQUE($K$2:$K$218), 0) -> 5
A7: 15 | B7: 0 | C7: ='Bjälklag (10% slagg)'!M7 -> C30/371515-- | D7: ='Bjälklag (20% slagg)'!K7 -> 0 | E7: ='Bjälklag (30% slagg)'!K7 -> 0 | F7: =#REF! -> #REF! | K7: =Table8[[#This Row],[Column1]] -> C20/2520520-OK7 | L7: =Table8[[#This Row],[Jobbighetsnivå]] -> 6 | M7: =MATCH(K7, _xlfn.UNIQUE($K$2:$K$218), 0) -> 6
A8: 15 | B8: 2 | C8: ='Bjälklag (10% slagg)'!M8 -> C30/371515-- | D8: ='Bjälklag (20% slagg)'!K8 -> 0 | E8: ='Bjälklag (30% slagg)'!K8 -> 0 | F8: =#REF! -> #REF! | K8: =Table8[[#This Row],[Column1]] -> C20/252052010OK7 | L8: =Table8[[#This Row],[Jobbighetsnivå]] -> 7 | M8: =MATCH(K8, _xlfn.UNIQUE($K$2:$K$218), 0) -> 7
A9: 15 | B9: 7 | C9: ='Bjälklag (10% slagg)'!M9 -> C30/371515-- | D9: ='Bjälklag (20% slagg)'!K9 -> 0 | E9: ='Bjälklag (30% slagg)'!K9 -> 0 | F9: =#REF! -> #REF! | K9: =Table8[[#This Row],[Column1]] -> C20/252052020OK7 | L9: =Table8[[#This Row],[Jobbighetsnivå]] -> 8 | M9: =MATCH(K9, _xlfn.UNIQUE($K$2:$K$218), 0) -> 8
A10: 15 | B10: 12 | C10: ='Bjälklag (10% slagg)'!M10 -> C30/371515-Presenning | D10: ='Bjälklag (20% slagg)'!K10 -> 0 | E10: ='Bjälklag (30% slagg)'!K10 -> 0 | F10: =#REF! -> #REF! | K10: =Table8[[#This Row],[Column1]] -> C20/252052030OK7 | L10: =Table8[[#This Row],[Jobbighetsnivå]] -> 9 | M10: =MATCH(K10, _xlfn.UNIQUE($K$2:$K$218), 0) -> 9
A11: 15 | B11: 20 | C11: ='Bjälklag (10% slagg)'!M11 -> C30/371515-Presenning | D11: ='Bjälklag (20% slagg)'!K11 -> 0 | E11: ='Bjälklag (30% slagg)'!K11 -> 0 | F11: =#REF! -> #REF! | K11: =Table8[[#This Row],[Column1]] -> C20/252052050OK7 | L11: =Table8[[#This Row],[Jobbighetsnivå]] -> 10 | M11: =MATCH(K11, _xlfn.UNIQUE($K$2:$K$218), 0) -> 10
A12: 10 | B12: 0 | C12: ='Bjälklag (10% slagg)'!M12 -> C35/451510-- | D12: ='Bjälklag (20% slagg)'!K12 -> 0 | E12: ='Bjälklag (30% slagg)'!K12 -> 0 | F12: =#REF! -> #REF! | K12: =Table8[[#This Row],[Column1]] -> C25/301520--OK7 | L12: =Table8[[#This Row],[Jobbighetsnivå]] -> 11 | M12: =MATCH(K12, _xlfn.UNIQUE($K$2:$K$218), 0) -> 11
A13: 10 | B13: 2 | C13: ='Bjälklag (10% slagg)'!M13 -> C40/501510-- | D13: ='Bjälklag (20% slagg)'!K13 -> 0 | E13: ='Bjälklag (30% slagg)'!K13 -> 0 | F13: =#REF! -> #REF! | K13: =Table8[[#This Row],[Column1]] -> C25/3015200PresenningOK7 | L13: =Table8[[#This Row],[Jobbighetsnivå]] -> 12 | M13: =MATCH(K13, _xlfn.UNIQUE($K$2:$K$218), 0) -> 12
... A24: 0 | B24: 7 | C24: ='Bjälklag (10% slagg)'!M24 -> C28/352054010 | D24: ='Bjälklag (20% slagg)'!K24 -> 0 | E24: ='Bjälklag (30% slagg)'!K24 -> 0 | F24: =#REF! -> #REF! | K24: =Table8[[#This Row],[Column1]] -> C30/372052050OK7 | L24: =Table8[[#This Row],[Jobbighetsnivå]] -> 23 | M24: =MATCH(K24, _xlfn.UNIQUE($K$2:$K$218), 0) -> 23
A25: 0 | B25: 12 | C25: ='Bjälklag (10% slagg)'!M25 -> C28/352054010 | D25: ='Bjälklag (20% slagg)'!K25 -> 0 | E25: ='Bjälklag (30% slagg)'!K25 -> 0 | F25: =#REF! -> #REF! | K25: =Table8[[#This Row],[Column1]] -> C32/4015100PresenningOK7 | L25: =Table8[[#This Row],[Jobbighetsnivå]] -> 24 | M25: =MATCH(K25, _xlfn.UNIQUE($K$2:$K$218), 0) -> 24 | O25: C20/251520-- | P25: 1
A26: 0 | B26: 20 | C26: ='Bjälklag (10% slagg)'!M26 -> C28/352054010 | D26: ='Bjälklag (20% slagg)'!K26 -> 0 | E26: ='Bjälklag (30% slagg)'!K26 -> 0 | F26: =#REF! -> #REF! | K26: =Table8[[#This Row],[Column1]] -> C32/4015150PresenningOK7 | L26: =Table8[[#This Row],[Jobbighetsnivå]] -> 25 | M26: =MATCH(K26, _xlfn.UNIQUE($K$2:$K$218), 0) -> 25 | O26: C20/251515-- | P26: 2
A27: -5 | B27: 0 | C27: ='Bjälklag (10% slagg)'!M27 -> C28/352054010 | D27: ='Bjälklag (20% slagg)'!K27 -> 0 | E27: ='Bjälklag (30% slagg)'!K27 -> 0 | F27: =#REF! -> #REF! | K27: =Table8[[#This Row],[Column1]] -> C32/401552050OK7 | L27: =Table8[[#This Row],[Jobbighetsnivå]] -> 26 | M27: =MATCH(K27, _xlfn.UNIQUE($K$2:$K$218), 0) -> 26 | O27: C20/2515150- | P27: 3
A28: -5 | B28: 2 | C28: ='Bjälklag (10% slagg)'!M28 -> C28/352054010 | D28: ='Bjälklag (20% slagg)'!K28 -> 0 | E28: ='Bjälklag (30% slagg)'!K28 -> 0 | F28: =#REF! -> #REF! | K28: =Table8[[#This Row],[Column1]] -> C32/402052050OK7 | L28: =Table8[[#This Row],[Jobbighetsnivå]] -> 27 | M28: =MATCH(K28, _xlfn.UNIQUE($K$2:$K$218), 0) -> 27 | O28: C20/2515150Presenning | P28: 4
A29: -5 | B29: 7 | C29: ='Bjälklag (10% slagg)'!M29 -> C30/372054010 | D29: ='Bjälklag (20% slagg)'!K29 -> 0 | E29: ='Bjälklag (30% slagg)'!K29 -> 0 | F29: =#REF! -> #REF! | K29: =Table8[[#This Row],[Column1]] -> C35/451510--OK7 | L29: =Table8[[#This Row],[Jobbighetsnivå]] -> 28 | M29: =MATCH(K29, _xlfn.UNIQUE($K$2:$K$218), 0) -> 28 | O29: C28/351510-- | P29: 5
A30: -5 | B30: 12 | C30: ='Bjälklag (10% slagg)'!M30 -> C30/372054010 | D30: ='Bjälklag (20% slagg)'!K30 -> 0 | E30: ='Bjälklag (30% slagg)'!K30 -> 0 | F30: =#REF! -> #REF! | K30: =Table8[[#This Row],[Column1]] -> C35/451515--OK7 | L30: =Table8[[#This Row],[Jobbighetsnivå]] -> 29 | M30: =MATCH(K30, _xlfn.UNIQUE($K$2:$K$218), 0) -> 29 | O30: C30/3715100Presenning | P30: 6
A31: -5 | B31: 20 | C31: ='Bjälklag (10% slagg)'!M31 -> -----Fryser innan täck | D31: ='Bjälklag (20% slagg)'!K31 -> 0 | E31: ='Bjälklag (30% slagg)'!K31 -> 0 | F31: =#REF! -> #REF! | K31: =Table8[[#This Row],[Column1]] -> C35/4515150PresenningOK7 | L31: =Table8[[#This Row],[Jobbighetsnivå]] -> 30 | M31: =MATCH(K31, _xlfn.UNIQUE($K$2:$K$218), 0) -> 30 | O31: C32/4015100Presenning | P31: 7
A32: -10 | B32: 0 | C32: ='Bjälklag (10% slagg)'!M32 -> C28/352054010 | D32: ='Bjälklag (20% slagg)'!K32 -> 0 | E32: ='Bjälklag (30% slagg)'!K32 -> 0 | F32: =#REF! -> #REF! | K32: =Table8[[#This Row],[Column1]] -> C35/451552050OK7 | L32: =Table8[[#This Row],[Jobbighetsnivå]] -> 31 | M32: =MATCH(K32, _xlfn.UNIQUE($K$2:$K$218), 0) -> 31 | O32: C20/2520520- | P32: 8
A33: -10 | B33: 2 | C33: ='Bjälklag (10% slagg)'!M33 -> C28/352054010 | D33: ='Bjälklag (20% slagg)'!K33 -> 0 | E33: ='Bjälklag (30% slagg)'!K33 -> 0 | F33: =#REF! -> #REF! | K33: =Table8[[#This Row],[Column1]] -> C35/452052050OK7 | L33: =Table8[[#This Row],[Jobbighetsnivå]] -> 32 | M33: =MATCH(K33, _xlfn.UNIQUE($K$2:$K$218), 0) -> 32 | O33: C20/252052010 | P33: 9
A34: -10 | B34: 7 | C34: ='Bjälklag (10% slagg)'!M34 -> C32/402054010 | D34: ='Bjälklag (20% slagg)'!K34 -> 0 | E34: ='Bjälklag (30% slagg)'!K34 -> 0 | F34: =#REF! -> #REF! | K34: =Table8[[#This Row],[Column1]] -> C40/5015100PresenningOK7 | L34: =Table8[[#This Row],[Jobbighetsnivå]] -> 33 | M34: =MATCH(K34, _xlfn.UNIQUE($K$2:$K$218), 0) -> 33 | O34: C20/252052020 | P34: 10
A35: -10 | B35: 12 | C35: ='Bjälklag (10% slagg)'!M35 -> -----Fryser innan täck | D35: ='Bjälklag (20% slagg)'!K35 -> 0 | E35: ='Bjälklag (30% slagg)'!K35 -> 0 | F35: =#REF! -> #REF! | K35: =Table8[[#This Row],[Column1]] -> C40/5015150PresenningOK7 | L35: =Table8[[#This Row],[Jobbighetsnivå]] -> 34 | M35: =MATCH(K35, _xlfn.UNIQUE($K$2:$K$218), 0) -> 34 | O35: C20/252052030 | P35: 11
A36: -10 | B36: 20 | C36: ='Bjälklag (10% slagg)'!M36 -> -----Fryser innan täck | D36: ='Bjälklag (20% slagg)'!K36 -> 0 | E36: ='Bjälklag (30% slagg)'!K36 -> 0 | F36: =#REF! -> #REF! | K36: =Table8[[#This Row],[Column1]] -> C40/502052050OK7 | L36: =Table8[[#This Row],[Jobbighetsnivå]] -> 35 | M36: =MATCH(K36, _xlfn.UNIQUE($K$2:$K$218), 0) -> 35 | O36: C20/252052050 | P36: 12
... A38: -15 | B38: 2 | C38: ='Bjälklag (10% slagg)'!M38 -> C40/501554020 | D38: ='Bjälklag (20% slagg)'!K38 -> 0 | E38: ='Bjälklag (30% slagg)'!K38 -> 0 | F38: =#REF! -> #REF! | K38: =Table8[[#This Row],[Column1]] -> -----Når ej 70% | L38: =Table8[[#This Row],[Jobbighetsnivå]] -> 37 | M38: =MATCH(K38, _xlfn.UNIQUE($K$2:$K$218), 0) -> 37 | O38: C28/352052050 | P38: 14
A39: -15 | B39: 7 | C39: ='Bjälklag (10% slagg)'!M39 -> -----Fryser innan täck | D39: ='Bjälklag (20% slagg)'!K39 -> 0 | E39: ='Bjälklag (30% slagg)'!K39 -> 0 | F39: =#REF! -> #REF! | H39: 20 | I39: 0 | K39: ='Bjälklag (10% slagg)'!M2 -> C28/351520-- | L39: =MATCH(K39, _xlfn.UNIQUE($K$39:$K$218), 0) -> 1 | M39: =MATCH(K39, _xlfn.UNIQUE($K$2:$K$218), 0) -> 38 | O39: -----Fryser innan täck | P39: 15
A40: -15 | B40: 12 | C40: ='Bjälklag (10% slagg)'!M40 -> -----Fryser innan täck | D40: ='Bjälklag (20% slagg)'!K40 -> 0 | E40: ='Bjälklag (30% slagg)'!K40 -> 0 | F40: =#REF! -> #REF! | H40: 20 | I40: 2 | K40: ='Bjälklag (10% slagg)'!M3 -> C28/351520-- | L40: =MATCH(K40, _xlfn.UNIQUE($K$39:$K$218), 0) -> 1 | M40: =MATCH(K40, _xlfn.UNIQUE($K$2:$K$218), 0) -> 38 | O40: C32/401552050 | P40: 16
A41: -15 | B41: 20 | C41: ='Bjälklag (10% slagg)'!M41 -> -----Fryser innan täck | D41: ='Bjälklag (20% slagg)'!K41 -> 0 | E41: ='Bjälklag (30% slagg)'!K41 -> 0 | F41: =#REF! -> #REF! | H41: 20 | I41: 7 | K41: ='Bjälklag (10% slagg)'!M4 -> C28/351520-- | L41: =MATCH(K41, _xlfn.UNIQUE($K$39:$K$218), 0) -> 1 | M41: =MATCH(K41, _xlfn.UNIQUE($K$2:$K$218), 0) -> 38 | O41: C35/451552050 | P41: 17
A42: -20 | B42: 0 | C42: ='Bjälklag (10% slagg)'!M42 -> -----Når ej 6 MPa | D42: ='Bjälklag (20% slagg)'!K42 -> 0 | E42: ='Bjälklag (30% slagg)'!K42 -> 0 | F42: =#REF! -> #REF! | H42: 20 | I42: 12 | K42: ='Bjälklag (10% slagg)'!M5 -> C28/351520-- | L42: =MATCH(K42, _xlfn.UNIQUE($K$39:$K$218), 0) -> 1 | M42: =MATCH(K42, _xlfn.UNIQUE($K$2:$K$218), 0) -> 38 | O42: -----Når ej 70% | P42: 18
A43: -20 | B43: 2 | C43: ='Bjälklag (10% slagg)'!M43 -> -----Fryser innan täck | D43: ='Bjälklag (20% slagg)'!K43 -> 0 | E43: ='Bjälklag (30% slagg)'!K43 -> 0 | F43: =#REF! -> #REF! | H43: 20 | I43: 20 | K43: ='Bjälklag (10% slagg)'!M6 -> C28/351520-- | L43: =MATCH(K43, _xlfn.UNIQUE($K$39:$K$218), 0) -> 1 | M43: =MATCH(K43, _xlfn.UNIQUE($K$2:$K$218), 0) -> 38 | O43: C28/351515-- | P43: 19
A44: -20 | B44: 7 | C44: ='Bjälklag (10% slagg)'!M44 -> -----Fryser innan täck | D44: ='Bjälklag (20% slagg)'!K44 -> 0 | E44: ='Bjälklag (30% slagg)'!K44 -> 0 | F44: =#REF! -> #REF! | H44: 15 | I44: 0 | K44: ='Bjälklag (10% slagg)'!M7 -> C30/371515-- | L44: =MATCH(K44, _xlfn.UNIQUE($K$39:$K$218), 0) -> 2 | M44: =MATCH(K44, _xlfn.UNIQUE($K$2:$K$218), 0) -> 39 | O44: C28/3515150- | P44: 20
A45: -20 | B45: 12 | C45: ='Bjälklag (10% slagg)'!M45 -> -----Fryser innan täck | D45: ='Bjälklag (20% slagg)'!K45 -> 0 | E45: ='Bjälklag (30% slagg)'!K45 -> 0 | F45: =#REF! -> #REF! | H45: 15 | I45: 2 | K45: ='Bjälklag (10% slagg)'!M8 -> C30/371515-- | L45: =MATCH(K45, _xlfn.UNIQUE($K$39:$K$218), 0) -> 2 | M45: =MATCH(K45, _xlfn.UNIQUE($K$2:$K$218), 0) -> 39 | O45: C30/3715150Presenning | P45: 21
A46: -20 | B46: 20 | C46: ='Bjälklag (10% slagg)'!M46 -> -----Fryser innan täck | D46: ='Bjälklag (20% slagg)'!K46 -> 0 | E46: ='Bjälklag (30% slagg)'!K46 -> 0 | F46: =#REF! -> #REF! | H46: 15 | I46: 7 | K46: ='Bjälklag (10% slagg)'!M9 -> C30/371515-- | L46: =MATCH(K46, _xlfn.UNIQUE($K$39:$K$218), 0) -> 2 | M46: =MATCH(K46, _xlfn.UNIQUE($K$2:$K$218), 0) -> 39 | O46: C35/451510-- | P46: 22
H47: 15 | I47: 12 | K47: ='Bjälklag (10% slagg)'!M10 -> C30/371515-Presenning | L47: =MATCH(K47, _xlfn.UNIQUE($K$39:$K$218), 0) -> 3 | M47: =MATCH(K47, _xlfn.UNIQUE($K$2:$K$218), 0) -> 40 | O47: C40/5015100Presenning | P47: 23
H48: 15 | I48: 20 | K48: ='Bjälklag (10% slagg)'!M11 -> C30/371515-Presenning | L48: =MATCH(K48, _xlfn.UNIQUE($K$39:$K$218), 0) -> 3 | M48: =MATCH(K48, _xlfn.UNIQUE($K$2:$K$218), 0) -> 40 | O48: C30/372052050 | P48: 24
H49: 10 | I49: 0 | K49: ='Bjälklag (10% slagg)'!M12 -> C35/451510-- | L49: =MATCH(K49, _xlfn.UNIQUE($K$39:$K$218), 0) -> 4 | M49: =MATCH(K49, _xlfn.UNIQUE($K$2:$K$218), 0) -> 41 | O49: C32/402052050 | P49: 25
H50: 10 | I50: 2 | K50: ='Bjälklag (10% slagg)'!M13 -> C40/501510-- | L50: =MATCH(K50, _xlfn.UNIQUE($K$39:$K$218), 0) -> 5 | M50: =MATCH(K50, _xlfn.UNIQUE($K$2:$K$218), 0) -> 42 | O50: C20/2515200Presenning | P50: 26
H51: 10 | I51: 7 | K51: ='Bjälklag (10% slagg)'!M14 -> C40/501510-Presenning | L51: =MATCH(K51, _xlfn.UNIQUE($K$39:$K$218), 0) -> 6 | M51: =MATCH(K51, _xlfn.UNIQUE($K$2:$K$218), 0) -> 43 | O51: C25/301520-- | P51: 27
H52: 10 | I52: 12 | K52: ='Bjälklag (10% slagg)'!M15 -> C40/501510-Presenning | L52: =MATCH(K52, _xlfn.UNIQUE($K$39:$K$218), 0) -> 6 | M52: =MATCH(K52, _xlfn.UNIQUE($K$2:$K$218), 0) -> 43 | O52: C32/4015150Presenning | P52: 28
H53: 10 | I53: 20 | K53: ='Bjälklag (10% slagg)'!M16 -> C40/501510-Presenning | L53: =MATCH(K53, _xlfn.UNIQUE($K$39:$K$218), 0) -> 6 | M53: =MATCH(K53, _xlfn.UNIQUE($K$2:$K$218), 0) -> 43 | O53: C35/451515-- | P53: 29
H54: 5 | I54: 0 | K54: ='Bjälklag (10% slagg)'!M17 -> C25/302054010 | L54: =MATCH(K54, _xlfn.UNIQUE($K$39:$K$218), 0) -> 7 | M54: =MATCH(K54, _xlfn.UNIQUE($K$2:$K$218), 0) -> 44 | O54: C35/4515150Presenning | P54: 30
H55: 5 | I55: 2 | K55: ='Bjälklag (10% slagg)'!M18 -> C20/252054010 | L55: =MATCH(K55, _xlfn.UNIQUE($K$39:$K$218), 0) -> 8 | M55: =MATCH(K55, _xlfn.UNIQUE($K$2:$K$218), 0) -> 45 | O55: C25/302052010 | P55: 31
H56: 5 | I56: 7 | K56: ='Bjälklag (10% slagg)'!M19 -> C28/352054010 | L56: =MATCH(K56, _xlfn.UNIQUE($K$39:$K$218), 0) -> 9 | M56: =MATCH(K56, _xlfn.UNIQUE($K$2:$K$218), 0) -> 46 | O56: C40/502052050 | P56: 32
H57: 5 | I57: 12 | K57: ='Bjälklag (10% slagg)'!M20 -> C28/352054010 | L57: =MATCH(K57, _xlfn.UNIQUE($K$39:$K$218), 0) -> 9 | M57: =MATCH(K57, _xlfn.UNIQUE($K$2:$K$218), 0) -> 46 | O57: C25/3015200Presenning | P57: 33
H58: 5 | I58: 20 | K58: ='Bjälklag (10% slagg)'!M21 -> C28/352054010 | L58: =MATCH(K58, _xlfn.UNIQUE($K$39:$K$218), 0) -> 9 | M58: =MATCH(K58, _xlfn.UNIQUE($K$2:$K$218), 0) -> 46 | O58: C28/351520-- | P58: 34
... H61: 0 | I61: 7 | K61: ='Bjälklag (10% slagg)'!M24 -> C28/352054010 | L61: =MATCH(K61, _xlfn.UNIQUE($K$39:$K$218), 0) -> 9 | M61: =MATCH(K61, _xlfn.UNIQUE($K$2:$K$218), 0) -> 46 | O61: C35/452052050 | P61: 37
H62: 0 | I62: 12 | K62: ='Bjälklag (10% slagg)'!M25 -> C28/352054010 | L62: =MATCH(K62, _xlfn.UNIQUE($K$39:$K$218), 0) -> 9 | M62: =MATCH(K62, _xlfn.UNIQUE($K$2:$K$218), 0) -> 46
H63: 0 | I63: 20 | K63: ='Bjälklag (10% slagg)'!M26 -> C28/352054010 | L63: =MATCH(K63, _xlfn.UNIQUE($K$39:$K$218), 0) -> 9 | M63: =MATCH(K63, _xlfn.UNIQUE($K$2:$K$218), 0) -> 46
H64: -5 | I64: 0 | K64: ='Bjälklag (10% slagg)'!M27 -> C28/352054010 | L64: =MATCH(K64, _xlfn.UNIQUE($K$39:$K$218), 0) -> 9 | M64: =MATCH(K64, _xlfn.UNIQUE($K$2:$K$218), 0) -> 46
H65: -5 | I65: 2 | K65: ='Bjälklag (10% slagg)'!M28 -> C28/352054010 | L65: =MATCH(K65, _xlfn.UNIQUE($K$39:$K$218), 0) -> 9 | M65: =MATCH(K65, _xlfn.UNIQUE($K$2:$K$218), 0) -> 46
H66: -5 | I66: 7 | K66: ='Bjälklag (10% slagg)'!M29 -> C30/372054010 | L66: =MATCH(K66, _xlfn.UNIQUE($K$39:$K$218), 0) -> 10 | M66: =MATCH(K66, _xlfn.UNIQUE($K$2:$K$218), 0) -> 47
H67: -5 | I67: 12 | K67: ='Bjälklag (10% slagg)'!M30 -> C30/372054010 | L67: =MATCH(K67, _xlfn.UNIQUE($K$39:$K$218), 0) -> 10 | M67: =MATCH(K67, _xlfn.UNIQUE($K$2:$K$218), 0) -> 47
H68: -5 | I68: 20 | K68: ='Bjälklag (10% slagg)'!M31 -> -----Fryser innan täck | L68: =MATCH(K68, _xlfn.UNIQUE($K$39:$K$218), 0) -> 11 | M68: =MATCH(K68, _xlfn.UNIQUE($K$2:$K$218), 0) -> 36
H69: -10 | I69: 0 | K69: ='Bjälklag (10% slagg)'!M32 -> C28/352054010 | L69: =MATCH(K69, _xlfn.UNIQUE($K$39:$K$218), 0) -> 9 | M69: =MATCH(K69, _xlfn.UNIQUE($K$2:$K$218), 0) -> 46
H70: -10 | I70: 2 | K70: ='Bjälklag (10% slagg)'!M33 -> C28/352054010 | L70: =MATCH(K70, _xlfn.UNIQUE($K$39:$K$218), 0) -> 9 | M70: =MATCH(K70, _xlfn.UNIQUE($K$2:$K$218), 0) -> 46
H71: -10 | I71: 7 | K71: ='Bjälklag (10% slagg)'!M34 -> C32/402054010 | L71: =MATCH(K71, _xlfn.UNIQUE($K$39:$K$218), 0) -> 12 | M71: =MATCH(K71, _xlfn.UNIQUE($K$2:$K$218), 0) -> 48
H72: -10 | I72: 12 | K72: ='Bjälklag (10% slagg)'!M35 -> -----Fryser innan täck | L72: =MATCH(K72, _xlfn.UNIQUE($K$39:$K$218), 0) -> 11 | M72: =MATCH(K72, _xlfn.UNIQUE($K$2:$K$218), 0) -> 36
H73: -10 | I73: 20 | K73: ='Bjälklag (10% slagg)'!M36 -> -----Fryser innan täck | L73: =MATCH(K73, _xlfn.UNIQUE($K$39:$K$218), 0) -> 11 | M73: =MATCH(K73, _xlfn.UNIQUE($K$2:$K$218), 0) -> 36
... H83: -20 | I83: 20 | K83: ='Bjälklag (10% slagg)'!M46 -> -----Fryser innan täck | L83: =MATCH(K83, _xlfn.UNIQUE($K$39:$K$218), 0) -> 11 | M83: =MATCH(K83, _xlfn.UNIQUE($K$2:$K$218), 0) -> 36
H84: 20 | I84: 0 | K84: ='Bjälklag (20% slagg)'!K2 -> 0 | L84: =MATCH(K84, _xlfn.UNIQUE($K$39:$K$218), 0) -> 16 | M84: =MATCH(K84, _xlfn.UNIQUE($K$2:$K$218), 0) -> 52
H85: 20 | I85: 2 | K85: ='Bjälklag (20% slagg)'!K3 -> 0 | L85: =MATCH(K85, _xlfn.UNIQUE($K$39:$K$218), 0) -> 16 | M85: =MATCH(K85, _xlfn.UNIQUE($K$2:$K$218), 0) -> 52
H86: 20 | I86: 7 | K86: ='Bjälklag (20% slagg)'!K4 -> 0 | L86: =MATCH(K86, _xlfn.UNIQUE($K$39:$K$218), 0) -> 16 | M86: =MATCH(K86, _xlfn.UNIQUE($K$2:$K$218), 0) -> 52
H87: 20 | I87: 12 | K87: ='Bjälklag (20% slagg)'!K5 -> 0 | L87: =MATCH(K87, _xlfn.UNIQUE($K$39:$K$218), 0) -> 16 | M87: =MATCH(K87, _xlfn.UNIQUE($K$2:$K$218), 0) -> 52
H88: 20 | I88: 20 | K88: ='Bjälklag (20% slagg)'!K6 -> 0 | L88: =MATCH(K88, _xlfn.UNIQUE($K$39:$K$218), 0) -> 16 | M88: =MATCH(K88, _xlfn.UNIQUE($K$2:$K$218), 0) -> 52
H89: 15 | I89: 0 | K89: ='Bjälklag (20% slagg)'!K7 -> 0 | L89: =MATCH(K89, _xlfn.UNIQUE($K$39:$K$218), 0) -> 16 | M89: =MATCH(K89, _xlfn.UNIQUE($K$2:$K$218), 0) -> 52
H90: 15 | I90: 2 | K90: ='Bjälklag (20% slagg)'!K8 -> 0 | L90: =MATCH(K90, _xlfn.UNIQUE($K$39:$K$218), 0) -> 16 | M90: =MATCH(K90, _xlfn.UNIQUE($K$2:$K$218), 0) -> 52
H91: 15 | I91: 7 | K91: ='Bjälklag (20% slagg)'!K9 -> 0 | L91: =MATCH(K91, _xlfn.UNIQUE($K$39:$K$218), 0) -> 16 | M91: =MATCH(K91, _xlfn.UNIQUE($K$2:$K$218), 0) -> 52
H92: 15 | I92: 12 | K92: ='Bjälklag (20% slagg)'!K10 -> 0 | L92: =MATCH(K92, _xlfn.UNIQUE($K$39:$K$218), 0) -> 16 | M92: =MATCH(K92, _xlfn.UNIQUE($K$2:$K$218), 0) -> 52
H93: 15 | I93: 20 | K93: ='Bjälklag (20% slagg)'!K11 -> 0 | L93: =MATCH(K93, _xlfn.UNIQUE($K$39:$K$218), 0) -> 16 | M93: =MATCH(K93, _xlfn.UNIQUE($K$2:$K$218), 0) -> 52
H94: 10 | I94: 0 | K94: ='Bjälklag (20% slagg)'!K12 -> 0 | L94: =MATCH(K94, _xlfn.UNIQUE($K$39:$K$218), 0) -> 16 | M94: =MATCH(K94, _xlfn.UNIQUE($K$2:$K$218), 0) -> 52
H95: 10 | I95: 2 | K95: ='Bjälklag (20% slagg)'!K13 -> 0 | L95: =MATCH(K95, _xlfn.UNIQUE($K$39:$K$218), 0) -> 16 | M95: =MATCH(K95, _xlfn.UNIQUE($K$2:$K$218), 0) -> 52
... H128: -20 | I128: 20 | K128: ='Bjälklag (20% slagg)'!K46 -> 0 | L128: =MATCH(K128, _xlfn.UNIQUE($K$39:$K$218), 0) -> 16 | M128: =MATCH(K128, _xlfn.UNIQUE($K$2:$K$218), 0) -> 52
H129: 20 | I129: 0 | K129: ='Bjälklag (30% slagg)'!K2 -> 0 | L129: =MATCH(K129, _xlfn.UNIQUE($K$39:$K$218), 0) -> 16 | M129: =MATCH(K129, _xlfn.UNIQUE($K$2:$K$218), 0) -> 52
H130: 20 | I130: 2 | K130: ='Bjälklag (30% slagg)'!K3 -> 0 | L130: =MATCH(K130, _xlfn.UNIQUE($K$39:$K$218), 0) -> 16 | M130: =MATCH(K130, _xlfn.UNIQUE($K$2:$K$218), 0) -> 52
H131: 20 | I131: 7 | K131: ='Bjälklag (30% slagg)'!K4 -> 0 | L131: =MATCH(K131, _xlfn.UNIQUE($K$39:$K$218), 0) -> 16 | M131: =MATCH(K131, _xlfn.UNIQUE($K$2:$K$218), 0) -> 52
H132: 20 | I132: 12 | K132: ='Bjälklag (30% slagg)'!K5 -> 0 | L132: =MATCH(K132, _xlfn.UNIQUE($K$39:$K$218), 0) -> 16 | M132: =MATCH(K132, _xlfn.UNIQUE($K$2:$K$218), 0) -> 52
H133: 20 | I133: 20 | K133: ='Bjälklag (30% slagg)'!K6 -> 0 | L133: =MATCH(K133, _xlfn.UNIQUE($K$39:$K$218), 0) -> 16 | M133: =MATCH(K133, _xlfn.UNIQUE($K$2:$K$218), 0) -> 52
H134: 15 | I134: 0 | K134: ='Bjälklag (30% slagg)'!K7 -> 0 | L134: =MATCH(K134, _xlfn.UNIQUE($K$39:$K$218), 0) -> 16 | M134: =MATCH(K134, _xlfn.UNIQUE($K$2:$K$218), 0) -> 52
H135: 15 | I135: 2 | K135: ='Bjälklag (30% slagg)'!K8 -> 0 | L135: =MATCH(K135, _xlfn.UNIQUE($K$39:$K$218), 0) -> 16 | M135: =MATCH(K135, _xlfn.UNIQUE($K$2:$K$218), 0) -> 52
H136: 15 | I136: 7 | K136: ='Bjälklag (30% slagg)'!K9 -> 0 | L136: =MATCH(K136, _xlfn.UNIQUE($K$39:$K$218), 0) -> 16 | M136: =MATCH(K136, _xlfn.UNIQUE($K$2:$K$218), 0) -> 52
H137: 15 | I137: 12 | K137: ='Bjälklag (30% slagg)'!K10 -> 0 | L137: =MATCH(K137, _xlfn.UNIQUE($K$39:$K$218), 0) -> 16 | M137: =MATCH(K137, _xlfn.UNIQUE($K$2:$K$218), 0) -> 52
H138: 15 | I138: 20 | K138: ='Bjälklag (30% slagg)'!K11 -> 0 | L138: =MATCH(K138, _xlfn.UNIQUE($K$39:$K$218), 0) -> 16 | M138: =MATCH(K138, _xlfn.UNIQUE($K$2:$K$218), 0) -> 52
H139: 10 | I139: 0 | K139: ='Bjälklag (30% slagg)'!K12 -> 0 | L139: =MATCH(K139, _xlfn.UNIQUE($K$39:$K$218), 0) -> 16 | M139: =MATCH(K139, _xlfn.UNIQUE($K$2:$K$218), 0) -> 52
H140: 10 | I140: 2 | K140: ='Bjälklag (30% slagg)'!K13 -> 0 | L140: =MATCH(K140, _xlfn.UNIQUE($K$39:$K$218), 0) -> 16 | M140: =MATCH(K140, _xlfn.UNIQUE($K$2:$K$218), 0) -> 52
... H173: -20 | I173: 20 | K173: ='Bjälklag (30% slagg)'!K46 -> 0 | L173: =MATCH(K173, _xlfn.UNIQUE($K$39:$K$218), 0) -> 16 | M173: =MATCH(K173, _xlfn.UNIQUE($K$2:$K$218), 0) -> 52
H174: 20 | I174: 0 | K174: ='Bjälklag (40% slagg)'!K2 -> 0 | L174: =MATCH(K174, _xlfn.UNIQUE($K$39:$K$218), 0) -> 16 | M174: =MATCH(K174, _xlfn.UNIQUE($K$2:$K$218), 0) -> 52
H175: 20 | I175: 2 | K175: ='Bjälklag (40% slagg)'!K3 -> 0 | L175: =MATCH(K175, _xlfn.UNIQUE($K$39:$K$218), 0) -> 16 | M175: =MATCH(K175, _xlfn.UNIQUE($K$2:$K$218), 0) -> 52
H176: 20 | I176: 7 | K176: ='Bjälklag (40% slagg)'!K4 -> 0 | L176: =MATCH(K176, _xlfn.UNIQUE($K$39:$K$218), 0) -> 16 | M176: =MATCH(K176, _xlfn.UNIQUE($K$2:$K$218), 0) -> 52
H177: 20 | I177: 12 | K177: ='Bjälklag (40% slagg)'!K5 -> 0 | L177: =MATCH(K177, _xlfn.UNIQUE($K$39:$K$218), 0) -> 16 | M177: =MATCH(K177, _xlfn.UNIQUE($K$2:$K$218), 0) -> 52
H178: 20 | I178: 20 | K178: ='Bjälklag (40% slagg)'!K6 -> 0 | L178: =MATCH(K178, _xlfn.UNIQUE($K$39:$K$218), 0) -> 16 | M178: =MATCH(K178, _xlfn.UNIQUE($K$2:$K$218), 0) -> 52
H179: 15 | I179: 0 | K179: ='Bjälklag (40% slagg)'!K7 -> 0 | L179: =MATCH(K179, _xlfn.UNIQUE($K$39:$K$218), 0) -> 16 | M179: =MATCH(K179, _xlfn.UNIQUE($K$2:$K$218), 0) -> 52
H180: 15 | I180: 2 | K180: ='Bjälklag (40% slagg)'!K8 -> 0 | L180: =MATCH(K180, _xlfn.UNIQUE($K$39:$K$218), 0) -> 16 | M180: =MATCH(K180, _xlfn.UNIQUE($K$2:$K$218), 0) -> 52
H181: 15 | I181: 7 | K181: ='Bjälklag (40% slagg)'!K9 -> 0 | L181: =MATCH(K181, _xlfn.UNIQUE($K$39:$K$218), 0) -> 16 | M181: =MATCH(K181, _xlfn.UNIQUE($K$2:$K$218), 0) -> 52
H182: 15 | I182: 12 | K182: ='Bjälklag (40% slagg)'!K10 -> 0 | L182: =MATCH(K182, _xlfn.UNIQUE($K$39:$K$218), 0) -> 16 | M182: =MATCH(K182, _xlfn.UNIQUE($K$2:$K$218), 0) -> 52
H183: 15 | I183: 20 | K183: ='Bjälklag (40% slagg)'!K11 -> 0 | L183: =MATCH(K183, _xlfn.UNIQUE($K$39:$K$218), 0) -> 16 | M183: =MATCH(K183, _xlfn.UNIQUE($K$2:$K$218), 0) -> 52
H184: 10 | I184: 0 | K184: ='Bjälklag (40% slagg)'!K12 -> 0 | L184: =MATCH(K184, _xlfn.UNIQUE($K$39:$K$218), 0) -> 16 | M184: =MATCH(K184, _xlfn.UNIQUE($K$2:$K$218), 0) -> 52
H185: 10 | I185: 2 | K185: ='Bjälklag (40% slagg)'!K13 -> 0 | L185: =MATCH(K185, _xlfn.UNIQUE($K$39:$K$218), 0) -> 16 | M185: =MATCH(K185, _xlfn.UNIQUE($K$2:$K$218), 0) -> 52
... H218: -20 | I218: 20 | K218: ='Bjälklag (40% slagg)'!K46 -> 0 | L218: =MATCH(K218, _xlfn.UNIQUE($K$39:$K$218), 0) -> 16 | M218: =MATCH(K218, _xlfn.UNIQUE($K$2:$K$218), 0) -> 52
...

Sheet Data till lathund Åtgärder
A1: Paket | B1: Betongkvalitet | C1: Gjuttemperatur (varmbetong) | D1: Temperatur motgjutningsyta | E1: Väderskydd, uppvärmning (ingen vind) | F1: Täckning [mm] | G1: OK under 7 D | H1: Kommentar | I1: Column1 | J1: Jobbighetsnivå
A2: 1 | B2: C20/25 | C2: 15 | D2: 20 | E2: - | F2: - | G2: OK7 | I2: =Table8[[#This Row],[Betongkvalitet]]&Table8[[#This Row],[Gjuttemperatur (varmbetong)]]&Table8[[#This Row],[Temperatur motgjutningsyta]]&Table8[[#This Row],[Väderskydd, uppvärmning (ingen vind)]]&Table8[[#This Row],[Täckning '[mm']]]&Table8[[#This Row],[OK under 7 D]]&Table8[[#This Row],[Kommentar]] -> C20/251520--OK7 | J2: =Table8[[#This Row],[Paket]] -> 1 | L2: C20/251520-- | M2: 1
A3: 2 | B3: C20/25 | C3: 15 | D3: 15 | E3: - | F3: - | G3: OK7 | I3: =Table8[[#This Row],[Betongkvalitet]]&Table8[[#This Row],[Gjuttemperatur (varmbetong)]]&Table8[[#This Row],[Temperatur motgjutningsyta]]&Table8[[#This Row],[Väderskydd, uppvärmning (ingen vind)]]&Table8[[#This Row],[Täckning '[mm']]]&Table8[[#This Row],[OK under 7 D]]&Table8[[#This Row],[Kommentar]] -> C20/251515--OK7 | J3: =Table8[[#This Row],[Paket]] -> 2 | L3: C20/251515-- | M3: 2
A4: 3 | B4: C20/25 | C4: 15 | D4: 15 | E4: 0 | F4: - | G4: OK7 | I4: =Table8[[#This Row],[Betongkvalitet]]&Table8[[#This Row],[Gjuttemperatur (varmbetong)]]&Table8[[#This Row],[Temperatur motgjutningsyta]]&Table8[[#This Row],[Väderskydd, uppvärmning (ingen vind)]]&Table8[[#This Row],[Täckning '[mm']]]&Table8[[#This Row],[OK under 7 D]]&Table8[[#This Row],[Kommentar]] -> C20/2515150-OK7 | J4: =Table8[[#This Row],[Paket]] -> 3 | L4: C20/2515150- | M4: 3
A5: 4 | B5: C20/25 | C5: 15 | D5: 15 | E5: 0 | F5: Presenning | G5: OK7 | I5: =Table8[[#This Row],[Betongkvalitet]]&Table8[[#This Row],[Gjuttemperatur (varmbetong)]]&Table8[[#This Row],[Temperatur motgjutningsyta]]&Table8[[#This Row],[Väderskydd, uppvärmning (ingen vind)]]&Table8[[#This Row],[Täckning '[mm']]]&Table8[[#This Row],[OK under 7 D]]&Table8[[#This Row],[Kommentar]] -> C20/2515150PresenningOK7 | J5: =Table8[[#This Row],[Paket]] -> 4 | L5: C20/2515150Presenning | M5: 4
A6: 5 | B6: C20/25 | C6: 15 | D6: 20 | E6: 0 | F6: Presenning | G6: OK7 | I6: =Table8[[#This Row],[Betongkvalitet]]&Table8[[#This Row],[Gjuttemperatur (varmbetong)]]&Table8[[#This Row],[Temperatur motgjutningsyta]]&Table8[[#This Row],[Väderskydd, uppvärmning (ingen vind)]]&Table8[[#This Row],[Täckning '[mm']]]&Table8[[#This Row],[OK under 7 D]]&Table8[[#This Row],[Kommentar]] -> C20/2515200PresenningOK7 | J6: =Table8[[#This Row],[Paket]] -> 5 | L6: C28/351510-- | M6: 5
A7: 6 | B7: C20/25 | C7: 20 | D7: 5 | E7: 20 | F7: - | G7: OK7 | I7: =Table8[[#This Row],[Betongkvalitet]]&Table8[[#This Row],[Gjuttemperatur (varmbetong)]]&Table8[[#This Row],[Temperatur motgjutningsyta]]&Table8[[#This Row],[Väderskydd, uppvärmning (ingen vind)]]&Table8[[#This Row],[Täckning '[mm']]]&Table8[[#This Row],[OK under 7 D]]&Table8[[#This Row],[Kommentar]] -> C20/2520520-OK7 | J7: =Table8[[#This Row],[Paket]] -> 6 | L7: C30/3715100Presenning | M7: 6
A8: 7 | B8: C20/25 | C8: 20 | D8: 5 | E8: 20 | F8: 10 | G8: OK7 | I8: =Table8[[#This Row],[Betongkvalitet]]&Table8[[#This Row],[Gjuttemperatur (varmbetong)]]&Table8[[#This Row],[Temperatur motgjutningsyta]]&Table8[[#This Row],[Väderskydd, uppvärmning (ingen vind)]]&Table8[[#This Row],[Täckning '[mm']]]&Table8[[#This Row],[OK under 7 D]]&Table8[[#This Row],[Kommentar]] -> C20/252052010OK7 | J8: =Table8[[#This Row],[Paket]] -> 7 | L8: C32/4015100Presenning | M8: 7
A9: 8 | B9: C20/25 | C9: 20 | D9: 5 | E9: 20 | F9: 20 | G9: OK7 | I9: =Table8[[#This Row],[Betongkvalitet]]&Table8[[#This Row],[Gjuttemperatur (varmbetong)]]&Table8[[#This Row],[Temperatur motgjutningsyta]]&Table8[[#This Row],[Väderskydd, uppvärmning (ingen vind)]]&Table8[[#This Row],[Täckning '[mm']]]&Table8[[#This Row],[OK under 7 D]]&Table8[[#This Row],[Kommentar]] -> C20/252052020OK7 | J9: =Table8[[#This Row],[Paket]] -> 8 | L9: C20/2520520- | M9: 8
A10: 9 | B10: C20/25 | C10: 20 | D10: 5 | E10: 20 | F10: 30 | G10: OK7 | I10: =Table8[[#This Row],[Betongkvalitet]]&Table8[[#This Row],[Gjuttemperatur (varmbetong)]]&Table8[[#This Row],[Temperatur motgjutningsyta]]&Table8[[#This Row],[Väderskydd, uppvärmning (ingen vind)]]&Table8[[#This Row],[Täckning '[mm']]]&Table8[[#This Row],[OK under 7 D]]&Table8[[#This Row],[Kommentar]] -> C20/252052030OK7 | J10: =Table8[[#This Row],[Paket]] -> 9 | L10: C20/252052010 | M10: 9
A11: 10 | B11: C20/25 | C11: 20 | D11: 5 | E11: 20 | F11: 50 | G11: OK7 | I11: =Table8[[#This Row],[Betongkvalitet]]&Table8[[#This Row],[Gjuttemperatur (varmbetong)]]&Table8[[#This Row],[Temperatur motgjutningsyta]]&Table8[[#This Row],[Väderskydd, uppvärmning (ingen vind)]]&Table8[[#This Row],[Täckning '[mm']]]&Table8[[#This Row],[OK under 7 D]]&Table8[[#This Row],[Kommentar]] -> C20/252052050OK7 | J11: =Table8[[#This Row],[Paket]] -> 10 | L11: C20/252052020 | M11: 10
A12: 11 | B12: C25/30 | C12: 15 | D12: 20 | E12: - | F12: - | G12: OK7 | I12: =Table8[[#This Row],[Betongkvalitet]]&Table8[[#This Row],[Gjuttemperatur (varmbetong)]]&Table8[[#This Row],[Temperatur motgjutningsyta]]&Table8[[#This Row],[Väderskydd, uppvärmning (ingen vind)]]&Table8[[#This Row],[Täckning '[mm']]]&Table8[[#This Row],[OK under 7 D]]&Table8[[#This Row],[Kommentar]] -> C25/301520--OK7 | J12: =Table8[[#This Row],[Paket]] -> 11 | L12: C20/252052030 | M12: 11
A13: 12 | B13: C25/30 | C13: 15 | D13: 20 | E13: 0 | F13: Presenning | G13: OK7 | I13: =Table8[[#This Row],[Betongkvalitet]]&Table8[[#This Row],[Gjuttemperatur (varmbetong)]]&Table8[[#This Row],[Temperatur motgjutningsyta]]&Table8[[#This Row],[Väderskydd, uppvärmning (ingen vind)]]&Table8[[#This Row],[Täckning '[mm']]]&Table8[[#This Row],[OK under 7 D]]&Table8[[#This Row],[Kommentar]] -> C25/3015200PresenningOK7 | J13: =Table8[[#This Row],[Paket]] -> 12 | L13: C20/252052050 | M13: 12
A14: 13 | B14: C25/30 | C14: 20 | D14: 5 | E14: 20 | F14: 10 | G14: OK7 | I14: =Table8[[#This Row],[Betongkvalitet]]&Table8[[#This Row],[Gjuttemperatur (varmbetong)]]&Table8[[#This Row],[Temperatur motgjutningsyta]]&Table8[[#This Row],[Väderskydd, uppvärmning (ingen vind)]]&Table8[[#This Row],[Täckning '[mm']]]&Table8[[#This Row],[OK under 7 D]]&Table8[[#This Row],[Kommentar]] -> C25/302052010OK7 | J14: =Table8[[#This Row],[Paket]] -> 13 | L14: C25/302052050 | M14: 13
A15: 14 | B15: C25/30 | C15: 20 | D15: 5 | E15: 20 | F15: 50 | G15: OK7 | I15: =Table8[[#This Row],[Betongkvalitet]]&Table8[[#This Row],[Gjuttemperatur (varmbetong)]]&Table8[[#This Row],[Temperatur motgjutningsyta]]&Table8[[#This Row],[Väderskydd, uppvärmning (ingen vind)]]&Table8[[#This Row],[Täckning '[mm']]]&Table8[[#This Row],[OK under 7 D]]&Table8[[#This Row],[Kommentar]] -> C25/302052050OK7 | J15: =Table8[[#This Row],[Paket]] -> 14 | L15: C28/352052050 | M15: 14
A16: 15 | B16: C28/35 | C16: 15 | D16: 10 | E16: - | F16: - | G16: OK7 | I16: =Table8[[#This Row],[Betongkvalitet]]&Table8[[#This Row],[Gjuttemperatur (varmbetong)]]&Table8[[#This Row],[Temperatur motgjutningsyta]]&Table8[[#This Row],[Väderskydd, uppvärmning (ingen vind)]]&Table8[[#This Row],[Täckning '[mm']]]&Table8[[#This Row],[OK under 7 D]]&Table8[[#This Row],[Kommentar]] -> C28/351510--OK7 | J16: =Table8[[#This Row],[Paket]] -> 15 | L16: -----Fryser innan täck | M16: 15
A17: 16 | B17: C28/35 | C17: 15 | D17: 15 | E17: - | F17: - | G17: OK7 | I17: =Table8[[#This Row],[Betongkvalitet]]&Table8[[#This Row],[Gjuttemperatur (varmbetong)]]&Table8[[#This Row],[Temperatur motgjutningsyta]]&Table8[[#This Row],[Väderskydd, uppvärmning (ingen vind)]]&Table8[[#This Row],[Täckning '[mm']]]&Table8[[#This Row],[OK under 7 D]]&Table8[[#This Row],[Kommentar]] -> C28/351515--OK7 | J17: =Table8[[#This Row],[Paket]] -> 16 | L17: C32/401552050 | M17: 16
A18: 17 | B18: C28/35 | C18: 15 | D18: 20 | E18: - | F18: - | G18: OK7 | I18: =Table8[[#This Row],[Betongkvalitet]]&Table8[[#This Row],[Gjuttemperatur (varmbetong)]]&Table8[[#This Row],[Temperatur motgjutningsyta]]&Table8[[#This Row],[Väderskydd, uppvärmning (ingen vind)]]&Table8[[#This Row],[Täckning '[mm']]]&Table8[[#This Row],[OK under 7 D]]&Table8[[#This Row],[Kommentar]] -> C28/351520--OK7 | J18: =Table8[[#This Row],[Paket]] -> 17 | L18: C35/451552050 | M18: 17
A19: 18 | B19: C28/35 | C19: 15 | D19: 15 | E19: 0 | F19: - | G19: OK7 | I19: =Table8[[#This Row],[Betongkvalitet]]&Table8[[#This Row],[Gjuttemperatur (varmbetong)]]&Table8[[#This Row],[Temperatur motgjutningsyta]]&Table8[[#This Row],[Väderskydd, uppvärmning (ingen vind)]]&Table8[[#This Row],[Täckning '[mm']]]&Table8[[#This Row],[OK under 7 D]]&Table8[[#This Row],[Kommentar]] -> C28/3515150-OK7 | J19: =Table8[[#This Row],[Paket]] -> 18 | L19: -----Når ej 70% | M19: 18
A20: 19 | B20: C28/35 | C20: 15 | D20: 20 | E20: 0 | F20: Presenning | G20: OK7 | I20: =Table8[[#This Row],[Betongkvalitet]]&Table8[[#This Row],[Gjuttemperatur (varmbetong)]]&Table8[[#This Row],[Temperatur motgjutningsyta]]&Table8[[#This Row],[Väderskydd, uppvärmning (ingen vind)]]&Table8[[#This Row],[Täckning '[mm']]]&Table8[[#This Row],[OK under 7 D]]&Table8[[#This Row],[Kommentar]] -> C28/3515200PresenningOK7 | J20: =Table8[[#This Row],[Paket]] -> 19 | L20: C28/351515-- | M20: 19
A21: 20 | B21: C28/35 | C21: 20 | D21: 5 | E21: 20 | F21: 50 | G21: OK7 | I21: =Table8[[#This Row],[Betongkvalitet]]&Table8[[#This Row],[Gjuttemperatur (varmbetong)]]&Table8[[#This Row],[Temperatur motgjutningsyta]]&Table8[[#This Row],[Väderskydd, uppvärmning (ingen vind)]]&Table8[[#This Row],[Täckning '[mm']]]&Table8[[#This Row],[OK under 7 D]]&Table8[[#This Row],[Kommentar]] -> C28/352052050OK7 | J21: =Table8[[#This Row],[Paket]] -> 20 | L21: C28/3515150- | M21: 20
A22: 21 | B22: C30/37 | C22: 15 | D22: 10 | E22: 0 | F22: Presenning | G22: OK7 | I22: =Table8[[#This Row],[Betongkvalitet]]&Table8[[#This Row],[Gjuttemperatur (varmbetong)]]&Table8[[#This Row],[Temperatur motgjutningsyta]]&Table8[[#This Row],[Väderskydd, uppvärmning (ingen vind)]]&Table8[[#This Row],[Täckning '[mm']]]&Table8[[#This Row],[OK under 7 D]]&Table8[[#This Row],[Kommentar]] -> C30/3715100PresenningOK7 | J22: =Table8[[#This Row],[Paket]] -> 21 | L22: C30/3715150Presenning | M22: 21
A23: 22 | B23: C30/37 | C23: 15 | D23: 15 | E23: 0 | F23: Presenning | G23: OK7 | I23: =Table8[[#This Row],[Betongkvalitet]]&Table8[[#This Row],[Gjuttemperatur (varmbetong)]]&Table8[[#This Row],[Temperatur motgjutningsyta]]&Table8[[#This Row],[Väderskydd, uppvärmning (ingen vind)]]&Table8[[#This Row],[Täckning '[mm']]]&Table8[[#This Row],[OK under 7 D]]&Table8[[#This Row],[Kommentar]] -> C30/3715150PresenningOK7 | J23: =Table8[[#This Row],[Paket]] -> 22 | L23: C35/451510-- | M23: 22
A24: 23 | B24: C30/37 | C24: 20 | D24: 5 | E24: 20 | F24: 50 | G24: OK7 | I24: =Table8[[#This Row],[Betongkvalitet]]&Table8[[#This Row],[Gjuttemperatur (varmbetong)]]&Table8[[#This Row],[Temperatur motgjutningsyta]]&Table8[[#This Row],[Väderskydd, uppvärmning (ingen vind)]]&Table8[[#This Row],[Täckning '[mm']]]&Table8[[#This Row],[OK under 7 D]]&Table8[[#This Row],[Kommentar]] -> C30/372052050OK7 | J24: =Table8[[#This Row],[Paket]] -> 23 | L24: C40/5015100Presenning | M24: 23
A25: 24 | B25: C32/40 | C25: 15 | D25: 10 | E25: 0 | F25: Presenning | G25: OK7 | I25: =Table8[[#This Row],[Betongkvalitet]]&Table8[[#This Row],[Gjuttemperatur (varmbetong)]]&Table8[[#This Row],[Temperatur motgjutningsyta]]&Table8[[#This Row],[Väderskydd, uppvärmning (ingen vind)]]&Table8[[#This Row],[Täckning '[mm']]]&Table8[[#This Row],[OK under 7 D]]&Table8[[#This Row],[Kommentar]] -> C32/4015100PresenningOK7 | J25: =Table8[[#This Row],[Paket]] -> 24 | L25: C30/372052050 | M25: 24
A26: 25 | B26: C32/40 | C26: 15 | D26: 15 | E26: 0 | F26: Presenning | G26: OK7 | I26: =Table8[[#This Row],[Betongkvalitet]]&Table8[[#This Row],[Gjuttemperatur (varmbetong)]]&Table8[[#This Row],[Temperatur motgjutningsyta]]&Table8[[#This Row],[Väderskydd, uppvärmning (ingen vind)]]&Table8[[#This Row],[Täckning '[mm']]]&Table8[[#This Row],[OK under 7 D]]&Table8[[#This Row],[Kommentar]] -> C32/4015150PresenningOK7 | J26: =Table8[[#This Row],[Paket]] -> 25 | L26: C32/402052050 | M26: 25
A27: 26 | B27: C32/40 | C27: 15 | D27: 5 | E27: 20 | F27: 50 | G27: OK7 | I27: =Table8[[#This Row],[Betongkvalitet]]&Table8[[#This Row],[Gjuttemperatur (varmbetong)]]&Table8[[#This Row],[Temperatur motgjutningsyta]]&Table8[[#This Row],[Väderskydd, uppvärmning (ingen vind)]]&Table8[[#This Row],[Täckning '[mm']]]&Table8[[#This Row],[OK under 7 D]]&Table8[[#This Row],[Kommentar]] -> C32/401552050OK7 | J27: =Table8[[#This Row],[Paket]] -> 26 | L27: C20/2515200Presenning | M27: 26
A28: 27 | B28: C32/40 | C28: 20 | D28: 5 | E28: 20 | F28: 50 | G28: OK7 | I28: =Table8[[#This Row],[Betongkvalitet]]&Table8[[#This Row],[Gjuttemperatur (varmbetong)]]&Table8[[#This Row],[Temperatur motgjutningsyta]]&Table8[[#This Row],[Väderskydd, uppvärmning (ingen vind)]]&Table8[[#This Row],[Täckning '[mm']]]&Table8[[#This Row],[OK under 7 D]]&Table8[[#This Row],[Kommentar]] -> C32/402052050OK7 | J28: =Table8[[#This Row],[Paket]] -> 27 | L28: C25/301520-- | M28: 27
A29: 28 | B29: C35/45 | C29: 15 | D29: 10 | E29: - | F29: - | G29: OK7 | I29: =Table8[[#This Row],[Betongkvalitet]]&Table8[[#This Row],[Gjuttemperatur (varmbetong)]]&Table8[[#This Row],[Temperatur motgjutningsyta]]&Table8[[#This Row],[Väderskydd, uppvärmning (ingen vind)]]&Table8[[#This Row],[Täckning '[mm']]]&Table8[[#This Row],[OK under 7 D]]&Table8[[#This Row],[Kommentar]] -> C35/451510--OK7 | J29: =Table8[[#This Row],[Paket]] -> 28 | L29: C32/4015150Presenning | M29: 28
A30: 29 | B30: C35/45 | C30: 15 | D30: 15 | E30: - | F30: - | G30: OK7 | I30: =Table8[[#This Row],[Betongkvalitet]]&Table8[[#This Row],[Gjuttemperatur (varmbetong)]]&Table8[[#This Row],[Temperatur motgjutningsyta]]&Table8[[#This Row],[Väderskydd, uppvärmning (ingen vind)]]&Table8[[#This Row],[Täckning '[mm']]]&Table8[[#This Row],[OK under 7 D]]&Table8[[#This Row],[Kommentar]] -> C35/451515--OK7 | J30: =Table8[[#This Row],[Paket]] -> 29 | L30: C35/451515-- | M30: 29
A31: 30 | B31: C35/45 | C31: 15 | D31: 15 | E31: 0 | F31: Presenning | G31: OK7 | I31: =Table8[[#This Row],[Betongkvalitet]]&Table8[[#This Row],[Gjuttemperatur (varmbetong)]]&Table8[[#This Row],[Temperatur motgjutningsyta]]&Table8[[#This Row],[Väderskydd, uppvärmning (ingen vind)]]&Table8[[#This Row],[Täckning '[mm']]]&Table8[[#This Row],[OK under 7 D]]&Table8[[#This Row],[Kommentar]] -> C35/4515150PresenningOK7 | J31: =Table8[[#This Row],[Paket]] -> 30 | L31: C35/4515150Presenning | M31: 30
A32: 31 | B32: C35/45 | C32: 15 | D32: 5 | E32: 20 | F32: 50 | G32: OK7 | I32: =Table8[[#This Row],[Betongkvalitet]]&Table8[[#This Row],[Gjuttemperatur (varmbetong)]]&Table8[[#This Row],[Temperatur motgjutningsyta]]&Table8[[#This Row],[Väderskydd, uppvärmning (ingen vind)]]&Table8[[#This Row],[Täckning '[mm']]]&Table8[[#This Row],[OK under 7 D]]&Table8[[#This Row],[Kommentar]] -> C35/451552050OK7 | J32: =Table8[[#This Row],[Paket]] -> 31 | L32: C25/302052010 | M32: 31
A33: 32 | B33: C35/45 | C33: 20 | D33: 5 | E33: 20 | F33: 50 | G33: OK7 | I33: =Table8[[#This Row],[Betongkvalitet]]&Table8[[#This Row],[Gjuttemperatur (varmbetong)]]&Table8[[#This Row],[Temperatur motgjutningsyta]]&Table8[[#This Row],[Väderskydd, uppvärmning (ingen vind)]]&Table8[[#This Row],[Täckning '[mm']]]&Table8[[#This Row],[OK under 7 D]]&Table8[[#This Row],[Kommentar]] -> C35/452052050OK7 | J33: =Table8[[#This Row],[Paket]] -> 32 | L33: C40/502052050 | M33: 32
A34: 33 | B34: C40/50 | C34: 15 | D34: 10 | E34: 0 | F34: Presenning | G34: OK7 | I34: =Table8[[#This Row],[Betongkvalitet]]&Table8[[#This Row],[Gjuttemperatur (varmbetong)]]&Table8[[#This Row],[Temperatur motgjutningsyta]]&Table8[[#This Row],[Väderskydd, uppvärmning (ingen vind)]]&Table8[[#This Row],[Täckning '[mm']]]&Table8[[#This Row],[OK under 7 D]]&Table8[[#This Row],[Kommentar]] -> C40/5015100PresenningOK7 | J34: =Table8[[#This Row],[Paket]] -> 33 | L34: C25/3015200Presenning | M34: 33
A35: 34 | B35: C40/50 | C35: 15 | D35: 15 | E35: 0 | F35: Presenning | G35: OK7 | I35: =Table8[[#This Row],[Betongkvalitet]]&Table8[[#This Row],[Gjuttemperatur (varmbetong)]]&Table8[[#This Row],[Temperatur motgjutningsyta]]&Table8[[#This Row],[Väderskydd, uppvärmning (ingen vind)]]&Table8[[#This Row],[Täckning '[mm']]]&Table8[[#This Row],[OK under 7 D]]&Table8[[#This Row],[Kommentar]] -> C40/5015150PresenningOK7 | J35: =Table8[[#This Row],[Paket]] -> 34 | L35: C28/351520-- | M35: 34
A36: 35 | B36: C40/50 | C36: 20 | D36: 5 | E36: 20 | F36: 50 | G36: OK7 | I36: =Table8[[#This Row],[Betongkvalitet]]&Table8[[#This Row],[Gjuttemperatur (varmbetong)]]&Table8[[#This Row],[Temperatur motgjutningsyta]]&Table8[[#This Row],[Väderskydd, uppvärmning (ingen vind)]]&Table8[[#This Row],[Täckning '[mm']]]&Table8[[#This Row],[OK under 7 D]]&Table8[[#This Row],[Kommentar]] -> C40/502052050OK7 | J36: =Table8[[#This Row],[Paket]] -> 35 | L36: C28/3515200Presenning | M36: 35
A37: 36 | B37: - | C37: - | D37: - | E37: - | F37: - | H37: Fryser innan täck | I37: =Table8[[#This Row],[Betongkvalitet]]&Table8[[#This Row],[Gjuttemperatur (varmbetong)]]&Table8[[#This Row],[Temperatur motgjutningsyta]]&Table8[[#This Row],[Väderskydd, uppvärmning (ingen vind)]]&Table8[[#This Row],[Täckning '[mm']]]&Table8[[#This Row],[OK under 7 D]]&Table8[[#This Row],[Kommentar]] -> -----Fryser innan täck | J37: =Table8[[#This Row],[Paket]] -> 36 | L37: C40/5015150Presenning | M37: 36
A38: 37 | B38: - | C38: - | D38: - | E38: - | F38: - | H38: Når ej 70% | I38: =Table8[[#This Row],[Betongkvalitet]]&Table8[[#This Row],[Gjuttemperatur (varmbetong)]]&Table8[[#This Row],[Temperatur motgjutningsyta]]&Table8[[#This Row],[Väderskydd, uppvärmning (ingen vind)]]&Table8[[#This Row],[Täckning '[mm']]]&Table8[[#This Row],[OK under 7 D]]&Table8[[#This Row],[Kommentar]] -> -----Når ej 70% | J38: =Table8[[#This Row],[Paket]] -> 37 | L38: C35/452052050 | M38: 37
C44: C40/50 | D44: 10 | E44: 5 | F44: 20 | G44: 50
C45: C40/50 | D45: 10 | E45: 5 | F45: 20 | G45: 50

Sheet Lathund
A1: Temperatur [°C] | B1: Vind [m/s] | C1: 10% Slagg | D1: 20% Slagg | E1: 30% Slagg | F1: 40% Slagg
B2: 0 | C2: ='Data till Lathund, Kådgenererin'!M39 -> 38 | D2: ='Data till Lathund, Kådgenererin'!M84 -> 52 | E2: ='Data till Lathund, Kådgenererin'!M129 -> 52 | F2: ='Data till Lathund, Kådgenererin'!M174 -> 52 | I2: 0-20 | J2: 2 | K2: Innan beteongvinter | L2: 0-20 | M2: =AVERAGE(J2,J7,J12) -> 1.3333333
B3: 2 | C3: ='Data till Lathund, Kådgenererin'!M40 -> 38 | D3: ='Data till Lathund, Kådgenererin'!M85 -> 52 | E3: ='Data till Lathund, Kådgenererin'!M130 -> 52 | F3: ='Data till Lathund, Kådgenererin'!M175 -> 52 | I3: 2-20 | J3: 3 | L3: 2-20 | M3: =AVERAGE(J3,J8,J13) -> 2
A4: 20 | B4: 7 | C4: ='Data till Lathund, Kådgenererin'!M41 -> 38 | D4: ='Data till Lathund, Kådgenererin'!M86 -> 52 | E4: ='Data till Lathund, Kådgenererin'!M131 -> 52 | F4: ='Data till Lathund, Kådgenererin'!M176 -> 52 | I4: 7-20 | J4: 4 | L4: 7-20 | M4: =AVERAGE(J4,J9,J14) -> 3.6666667
B5: 12 | C5: ='Data till Lathund, Kådgenererin'!M42 -> 38 | D5: ='Data till Lathund, Kådgenererin'!M87 -> 52 | E5: ='Data till Lathund, Kådgenererin'!M132 -> 52 | F5: ='Data till Lathund, Kådgenererin'!M177 -> 52 | I5: 12-20 | J5: 4 | L5: 12-20 | M5: =AVERAGE(J5,J10,J15) -> 4
B6: 20 | C6: ='Data till Lathund, Kådgenererin'!M43 -> 38 | D6: ='Data till Lathund, Kådgenererin'!M88 -> 52 | E6: ='Data till Lathund, Kådgenererin'!M133 -> 52 | F6: ='Data till Lathund, Kådgenererin'!M178 -> 52
B7: 0 | C7: ='Data till Lathund, Kådgenererin'!M44 -> 39 | D7: ='Data till Lathund, Kådgenererin'!M89 -> 52 | E7: ='Data till Lathund, Kådgenererin'!M134 -> 52 | F7: ='Data till Lathund, Kådgenererin'!M179 -> 52 | I7: 0-20 | J7: 0
B8: 2 | C8: ='Data till Lathund, Kådgenererin'!M45 -> 39 | D8: ='Data till Lathund, Kådgenererin'!M90 -> 52 | E8: ='Data till Lathund, Kådgenererin'!M135 -> 52 | F8: ='Data till Lathund, Kådgenererin'!M180 -> 52 | I8: 2-20 | J8: 1
A9: 15 | B9: 7 | C9: ='Data till Lathund, Kådgenererin'!M46 -> 39 | D9: ='Data till Lathund, Kådgenererin'!M91 -> 52 | E9: ='Data till Lathund, Kådgenererin'!M136 -> 52 | F9: ='Data till Lathund, Kådgenererin'!M181 -> 52 | I9: 7-20 | J9: 3
B10: 12 | C10: ='Data till Lathund, Kådgenererin'!M47 -> 40 | D10: ='Data till Lathund, Kådgenererin'!M92 -> 52 | E10: ='Data till Lathund, Kådgenererin'!M137 -> 52 | F10: ='Data till Lathund, Kådgenererin'!M182 -> 52 | I10: 12-20 | J10: 4
B11: 20 | C11: ='Data till Lathund, Kådgenererin'!M48 -> 40 | D11: ='Data till Lathund, Kådgenererin'!M93 -> 52 | E11: ='Data till Lathund, Kådgenererin'!M138 -> 52 | F11: ='Data till Lathund, Kådgenererin'!M183 -> 52
B12: 0 | C12: ='Data till Lathund, Kådgenererin'!M49 -> 41 | D12: ='Data till Lathund, Kådgenererin'!M94 -> 52 | E12: ='Data till Lathund, Kådgenererin'!M139 -> 52 | F12: ='Data till Lathund, Kådgenererin'!M184 -> 52 | I12: 0-20 | J12: 2
B13: 2 | C13: ='Data till Lathund, Kådgenererin'!M50 -> 42 | D13: ='Data till Lathund, Kådgenererin'!M95 -> 52 | E13: ='Data till Lathund, Kådgenererin'!M140 -> 52 | F13: ='Data till Lathund, Kådgenererin'!M185 -> 52 | I13: 2-20 | J13: 2
A14: 10 | B14: 7 | C14: ='Data till Lathund, Kådgenererin'!M51 -> 43 | D14: ='Data till Lathund, Kådgenererin'!M96 -> 52 | E14: ='Data till Lathund, Kådgenererin'!M141 -> 52 | F14: ='Data till Lathund, Kådgenererin'!M186 -> 52 | I14: 7-20 | J14: 4
B15: 12 | C15: ='Data till Lathund, Kådgenererin'!M52 -> 43 | D15: ='Data till Lathund, Kådgenererin'!M97 -> 52 | E15: ='Data till Lathund, Kådgenererin'!M142 -> 52 | F15: ='Data till Lathund, Kådgenererin'!M187 -> 52 | I15: 12-20 | J15: 4
B16: 20 | C16: ='Data till Lathund, Kådgenererin'!M53 -> 43 | D16: ='Data till Lathund, Kådgenererin'!M98 -> 52 | E16: ='Data till Lathund, Kådgenererin'!M143 -> 52 | F16: ='Data till Lathund, Kådgenererin'!M188 -> 52
B17: 0 | C17: ='Data till Lathund, Kådgenererin'!M54 -> 44 | D17: ='Data till Lathund, Kådgenererin'!M99 -> 52 | E17: ='Data till Lathund, Kådgenererin'!M144 -> 52 | F17: ='Data till Lathund, Kådgenererin'!M189 -> 52 | I17: 0-20 | J17: 0 | K17: Betongvinter innan frys | L17: 0-20 | M17: =AVERAGE(J17,J22,J27) -> 0
B18: 2 | C18: ='Data till Lathund, Kådgenererin'!M55 -> 45 | D18: ='Data till Lathund, Kådgenererin'!M100 -> 52 | E18: ='Data till Lathund, Kådgenererin'!M145 -> 52 | F18: ='Data till Lathund, Kådgenererin'!M190 -> 52 | I18: 2-20 | J18: 1 | L18: 2-20 | M18: =AVERAGE(J18,J23,J28) -> 0.66666667
A19: 5 | B19: 7 | C19: ='Data till Lathund, Kådgenererin'!M56 -> 46 | D19: ='Data till Lathund, Kådgenererin'!M101 -> 52 | E19: ='Data till Lathund, Kådgenererin'!M146 -> 52 | F19: ='Data till Lathund, Kådgenererin'!M191 -> 52 | I19: 7-20 | J19: 3 | L19: 7-20 | M19: =AVERAGE(J19,J24,J29) -> 3 | N19: =M19/4 -> 0.75
B20: 12 | C20: ='Data till Lathund, Kådgenererin'!M57 -> 46 | D20: ='Data till Lathund, Kådgenererin'!M102 -> 52 | E20: ='Data till Lathund, Kådgenererin'!M147 -> 52 | F20: ='Data till Lathund, Kådgenererin'!M192 -> 52 | I20: 12-20 | J20: 4 | L20: 12-20 | M20: =AVERAGE(J20,J25,J30) -> 3.3333333
B21: 20 | C21: ='Data till Lathund, Kådgenererin'!M58 -> 46 | D21: ='Data till Lathund, Kådgenererin'!M103 -> 52 | E21: ='Data till Lathund, Kådgenererin'!M148 -> 52 | F21: ='Data till Lathund, Kådgenererin'!M193 -> 52
B22: 0 | C22: ='Data till Lathund, Kådgenererin'!M59 -> 44 | D22: ='Data till Lathund, Kådgenererin'!M104 -> 52 | E22: ='Data till Lathund, Kådgenererin'!M149 -> 52 | F22: ='Data till Lathund, Kådgenererin'!M194 -> 52 | I22: 0-20 | J22: 0
B23: 2 | C23: ='Data till Lathund, Kådgenererin'!M60 -> 46 | D23: ='Data till Lathund, Kådgenererin'!M105 -> 52 | E23: ='Data till Lathund, Kådgenererin'!M150 -> 52 | F23: ='Data till Lathund, Kådgenererin'!M195 -> 52 | I23: 2-20 | J23: 1
A24: 0 | B24: 7 | C24: ='Data till Lathund, Kådgenererin'!M61 -> 46 | D24: ='Data till Lathund, Kådgenererin'!M106 -> 52 | E24: ='Data till Lathund, Kådgenererin'!M151 -> 52 | F24: ='Data till Lathund, Kådgenererin'!M196 -> 52 | I24: 7-20 | J24: 3
B25: 12 | C25: ='Data till Lathund, Kådgenererin'!M62 -> 46 | D25: ='Data till Lathund, Kådgenererin'!M107 -> 52 | E25: ='Data till Lathund, Kådgenererin'!M152 -> 52 | F25: ='Data till Lathund, Kådgenererin'!M197 -> 52 | I25: 12-20 | J25: 3
B26: 20 | C26: ='Data till Lathund, Kådgenererin'!M63 -> 46 | D26: ='Data till Lathund, Kådgenererin'!M108 -> 52 | E26: ='Data till Lathund, Kådgenererin'!M153 -> 52 | F26: ='Data till Lathund, Kådgenererin'!M198 -> 52
B27: 0 | C27: ='Data till Lathund, Kådgenererin'!M64 -> 46 | D27: ='Data till Lathund, Kådgenererin'!M109 -> 52 | E27: ='Data till Lathund, Kådgenererin'!M154 -> 52 | F27: ='Data till Lathund, Kådgenererin'!M199 -> 52 | I27: 0-20 | J27: 0
B28: 2 | C28: ='Data till Lathund, Kådgenererin'!M65 -> 46 | D28: ='Data till Lathund, Kådgenererin'!M110 -> 52 | E28: ='Data till Lathund, Kådgenererin'!M155 -> 52 | F28: ='Data till Lathund, Kådgenererin'!M200 -> 52 | I28: 2-20 | J28: 0
A29: -5 | B29: 7 | C29: ='Data till Lathund, Kådgenererin'!M66 -> 47 | D29: ='Data till Lathund, Kådgenererin'!M111 -> 52 | E29: ='Data till Lathund, Kådgenererin'!M156 -> 52 | F29: ='Data till Lathund, Kådgenererin'!M201 -> 52 | I29: 7-20 | J29: 3
B30: 12 | C30: ='Data till Lathund, Kådgenererin'!M67 -> 47 | D30: ='Data till Lathund, Kådgenererin'!M112 -> 52 | E30: ='Data till Lathund, Kådgenererin'!M157 -> 52 | F30: ='Data till Lathund, Kådgenererin'!M202 -> 52 | I30: 12-20 | J30: 3
B31: 20 | C31: ='Data till Lathund, Kådgenererin'!M68 -> 36 | D31: ='Data till Lathund, Kådgenererin'!M113 -> 52 | E31: ='Data till Lathund, Kådgenererin'!M158 -> 52 | F31: ='Data till Lathund, Kådgenererin'!M203 -> 52
B32: 0 | C32: ='Data till Lathund, Kådgenererin'!M69 -> 46 | D32: ='Data till Lathund, Kådgenererin'!M114 -> 52 | E32: ='Data till Lathund, Kådgenererin'!M159 -> 52 | F32: ='Data till Lathund, Kådgenererin'!M204 -> 52 | I32: 0-20 | J32: 0 | K32: När de börjar frysa | L32: 0-20 | M32: =AVERAGE(J32,J37,J42) -> 0.33333333
B33: 2 | C33: ='Data till Lathund, Kådgenererin'!M70 -> 46 | D33: ='Data till Lathund, Kådgenererin'!M115 -> 52 | E33: ='Data till Lathund, Kådgenererin'!M160 -> 52 | F33: ='Data till Lathund, Kådgenererin'!M205 -> 52 | I33: 2-20 | J33: 0 | L33: 2-20 | M33: =AVERAGE(J33,J38,J43) -> 0.33333333
A34: -10 | B34: 7 | C34: ='Data till Lathund, Kådgenererin'!M71 -> 48 | D34: ='Data till Lathund, Kådgenererin'!M116 -> 52 | E34: ='Data till Lathund, Kådgenererin'!M161 -> 52 | F34: ='Data till Lathund, Kådgenererin'!M206 -> 52 | I34: 7-20 | J34: 0 | L34: 7-20 | M34: =AVERAGE(J34,J39,J44) -> 2.6666667
B35: 12 | C35: ='Data till Lathund, Kådgenererin'!M72 -> 36 | D35: ='Data till Lathund, Kådgenererin'!M117 -> 52 | E35: ='Data till Lathund, Kådgenererin'!M162 -> 52 | F35: ='Data till Lathund, Kådgenererin'!M207 -> 52 | I35: 12-20 | J35: 4 | L35: 12-20 | M35: =AVERAGE(J35,J40,J45) -> 4
B36: 20 | C36: ='Data till Lathund, Kådgenererin'!M73 -> 36 | D36: ='Data till Lathund, Kådgenererin'!M118 -> 52 | E36: ='Data till Lathund, Kådgenererin'!M163 -> 52 | F36: ='Data till Lathund, Kådgenererin'!M208 -> 52
B37: 0 | C37: ='Data till Lathund, Kådgenererin'!M74 -> 49 | D37: ='Data till Lathund, Kådgenererin'!M119 -> 52 | E37: ='Data till Lathund, Kådgenererin'!M164 -> 52 | F37: ='Data till Lathund, Kådgenererin'!M209 -> 52 | I37: 0-20 | J37: 0
B38: 2 | C38: ='Data till Lathund, Kådgenererin'!M75 -> 50 | D38: ='Data till Lathund, Kådgenererin'!M120 -> 52 | E38: ='Data till Lathund, Kådgenererin'!M165 -> 52 | F38: ='Data till Lathund, Kådgenererin'!M210 -> 52 | I38: 2-20 | J38: 0
A39: -15 | B39: 7 | C39: ='Data till Lathund, Kådgenererin'!M76 -> 36 | D39: ='Data till Lathund, Kådgenererin'!M121 -> 52 | E39: ='Data till Lathund, Kådgenererin'!M166 -> 52 | F39: ='Data till Lathund, Kådgenererin'!M211 -> 52 | I39: 7-20 | J39: 4
B40: 12 | C40: ='Data till Lathund, Kådgenererin'!M77 -> 36 | D40: ='Data till Lathund, Kådgenererin'!M122 -> 52 | E40: ='Data till Lathund, Kådgenererin'!M167 -> 52 | F40: ='Data till Lathund, Kådgenererin'!M212 -> 52 | I40: 12-20 | J40: 4
B41: 20 | C41: ='Data till Lathund, Kådgenererin'!M78 -> 36 | D41: ='Data till Lathund, Kådgenererin'!M123 -> 52 | E41: ='Data till Lathund, Kådgenererin'!M168 -> 52 | F41: ='Data till Lathund, Kådgenererin'!M213 -> 52
B42: 0 | C42: ='Data till Lathund, Kådgenererin'!M79 -> 51 | D42: ='Data till Lathund, Kådgenererin'!M124 -> 52 | E42: ='Data till Lathund, Kådgenererin'!M169 -> 52 | F42: ='Data till Lathund, Kådgenererin'!M214 -> 52 | I42: 0-20 | J42: 1
B43: 2 | C43: ='Data till Lathund, Kådgenererin'!M80 -> 36 | D43: ='Data till Lathund, Kådgenererin'!M125 -> 52 | E43: ='Data till Lathund, Kådgenererin'!M170 -> 52 | F43: ='Data till Lathund, Kådgenererin'!M215 -> 52 | I43: 2-20 | J43: 1
A44: -20 | B44: 7 | C44: ='Data till Lathund, Kådgenererin'!M81 -> 36 | D44: ='Data till Lathund, Kådgenererin'!M126 -> 52 | E44: ='Data till Lathund, Kådgenererin'!M171 -> 52 | F44: ='Data till Lathund, Kådgenererin'!M216 -> 52 | I44: 7-20 | J44: 4
B45: 12 | C45: ='Data till Lathund, Kådgenererin'!M82 -> 36 | D45: ='Data till Lathund, Kådgenererin'!M127 -> 52 | E45: ='Data till Lathund, Kådgenererin'!M172 -> 52 | F45: ='Data till Lathund, Kådgenererin'!M217 -> 52 | I45: 12-20 | J45: 4
B46: 20 | C46: ='Data till Lathund, Kådgenererin'!M83 -> 36 | D46: ='Data till Lathund, Kådgenererin'!M128 -> 52 | E46: ='Data till Lathund, Kådgenererin'!M173 -> 52 | F46: ='Data till Lathund, Kådgenererin'!M218 -> 52
H50: Paket | I50: Betongkvalitet | J50: Gjuttemperatur | K50: Temperatur motgjutningsyta | L50: Väderskydd med uppvärmning | M50: Täckning [mm] | N50: OK<7D | O50: Kommentar
H51: ='Data till lathund Åtgärder'!J2 -> 1 | I51: ='Data till lathund Åtgärder'!B2 -> C20/25 | J51: ='Data till lathund Åtgärder'!C2 -> 15 | K51: ='Data till lathund Åtgärder'!D2 -> 20 | L51: ='Data till lathund Åtgärder'!E2 -> - | M51: ='Data till lathund Åtgärder'!F2 -> - | N51: ='Data till lathund Åtgärder'!G2 -> OK7 | O51: ='Data till lathund Åtgärder'!H2 -> 0
H52: ='Data till lathund Åtgärder'!J3 -> 2 | I52: ='Data till lathund Åtgärder'!B3 -> C20/25 | J52: ='Data till lathund Åtgärder'!C3 -> 15 | K52: ='Data till lathund Åtgärder'!D3 -> 15 | L52: ='Data till lathund Åtgärder'!E3 -> - | M52: ='Data till lathund Åtgärder'!F3 -> - | N52: ='Data till lathund Åtgärder'!G3 -> OK7 | O52: ='Data till lathund Åtgärder'!H3 -> 0
H53: ='Data till lathund Åtgärder'!J4 -> 3 | I53: ='Data till lathund Åtgärder'!B4 -> C20/25 | J53: ='Data till lathund Åtgärder'!C4 -> 15 | K53: ='Data till lathund Åtgärder'!D4 -> 15 | L53: ='Data till lathund Åtgärder'!E4 -> 0 | M53: ='Data till lathund Åtgärder'!F4 -> - | N53: ='Data till lathund Åtgärder'!G4 -> OK7 | O53: ='Data till lathund Åtgärder'!H4 -> 0
H54: ='Data till lathund Åtgärder'!J5 -> 4 | I54: ='Data till lathund Åtgärder'!B5 -> C20/25 | J54: ='Data till lathund Åtgärder'!C5 -> 15 | K54: ='Data till lathund Åtgärder'!D5 -> 15 | L54: ='Data till lathund Åtgärder'!E5 -> 0 | M54: ='Data till lathund Åtgärder'!F5 -> Presenning | N54: ='Data till lathund Åtgärder'!G5 -> OK7 | O54: ='Data till lathund Åtgärder'!H5 -> 0
H55: ='Data till lathund Åtgärder'!J6 -> 5 | I55: ='Data till lathund Åtgärder'!B6 -> C20/25 | J55: ='Data till lathund Åtgärder'!C6 -> 15 | K55: ='Data till lathund Åtgärder'!D6 -> 20 | L55: ='Data till lathund Åtgärder'!E6 -> 0 | M55: ='Data till lathund Åtgärder'!F6 -> Presenning | N55: ='Data till lathund Åtgärder'!G6 -> OK7 | O55: ='Data till lathund Åtgärder'!H6 -> 0
H56: ='Data till lathund Åtgärder'!J7 -> 6 | I56: ='Data till lathund Åtgärder'!B7 -> C20/25 | J56: ='Data till lathund Åtgärder'!C7 -> 20 | K56: ='Data till lathund Åtgärder'!D7 -> 5 | L56: ='Data till lathund Åtgärder'!E7 -> 20 | M56: ='Data till lathund Åtgärder'!F7 -> - | N56: ='Data till lathund Åtgärder'!G7 -> OK7 | O56: ='Data till lathund Åtgärder'!H7 -> 0
H57: ='Data till lathund Åtgärder'!J8 -> 7 | I57: ='Data till lathund Åtgärder'!B8 -> C20/25 | J57: ='Data till lathund Åtgärder'!C8 -> 20 | K57: ='Data till lathund Åtgärder'!D8 -> 5 | L57: ='Data till lathund Åtgärder'!E8 -> 20 | M57: ='Data till lathund Åtgärder'!F8 -> 10 | N57: ='Data till lathund Åtgärder'!G8 -> OK7 | O57: ='Data till lathund Åtgärder'!H8 -> 0
H58: ='Data till lathund Åtgärder'!J9 -> 8 | I58: ='Data till lathund Åtgärder'!B9 -> C20/25 | J58: ='Data till lathund Åtgärder'!C9 -> 20 | K58: ='Data till lathund Åtgärder'!D9 -> 5 | L58: ='Data till lathund Åtgärder'!E9 -> 20 | M58: ='Data till lathund Åtgärder'!F9 -> 20 | N58: ='Data till lathund Åtgärder'!G9 -> OK7 | O58: ='Data till lathund Åtgärder'!H9 -> 0
H59: ='Data till lathund Åtgärder'!J10 -> 9 | I59: ='Data till lathund Åtgärder'!B10 -> C20/25 | J59: ='Data till lathund Åtgärder'!C10 -> 20 | K59: ='Data till lathund Åtgärder'!D10 -> 5 | L59: ='Data till lathund Åtgärder'!E10 -> 20 | M59: ='Data till lathund Åtgärder'!F10 -> 30 | N59: ='Data till lathund Åtgärder'!G10 -> OK7 | O59: ='Data till lathund Åtgärder'!H10 -> 0
H60: ='Data till lathund Åtgärder'!J11 -> 10 | I60: ='Data till lathund Åtgärder'!B11 -> C20/25 | J60: ='Data till lathund Åtgärder'!C11 -> 20 | K60: ='Data till lathund Åtgärder'!D11 -> 5 | L60: ='Data till lathund Åtgärder'!E11 -> 20 | M60: ='Data till lathund Åtgärder'!F11 -> 50 | N60: ='Data till lathund Åtgärder'!G11 -> OK7 | O60: ='Data till lathund Åtgärder'!H11 -> 0
H61: ='Data till lathund Åtgärder'!J12 -> 11 | I61: ='Data till lathund Åtgärder'!B12 -> C25/30 | J61: ='Data till lathund Åtgärder'!C12 -> 15 | K61: ='Data till lathund Åtgärder'!D12 -> 20 | L61: ='Data till lathund Åtgärder'!E12 -> - | M61: ='Data till lathund Åtgärder'!F12 -> - | N61: ='Data till lathund Åtgärder'!G12 -> OK7 | O61: ='Data till lathund Åtgärder'!H12 -> 0
H62: ='Data till lathund Åtgärder'!J13 -> 12 | I62: ='Data till lathund Åtgärder'!B13 -> C25/30 | J62: ='Data till lathund Åtgärder'!C13 -> 15 | K62: ='Data till lathund Åtgärder'!D13 -> 20 | L62: ='Data till lathund Åtgärder'!E13 -> 0 | M62: ='Data till lathund Åtgärder'!F13 -> Presenning | N62: ='Data till lathund Åtgärder'!G13 -> OK7 | O62: ='Data till lathund Åtgärder'!H13 -> 0
... H87: ='Data till lathund Åtgärder'!J38 -> 37 | I87: ='Data till lathund Åtgärder'!B38 -> - | J87: ='Data till lathund Åtgärder'!C38 -> - | K87: ='Data till lathund Åtgärder'!D38 -> - | L87: ='Data till lathund Åtgärder'!E38 -> - | M87: ='Data till lathund Åtgärder'!F38 -> - | N87: ='Data till lathund Åtgärder'!G38 -> 0 | O87: ='Data till lathund Åtgärder'!H38 -> Når ej 70%
H91: Utomhustemperatur | I91: Väderskydd | J91: Riktig temp under | K91: Temperatur motgjutiningsyta | L91: Gjuttemperatur
H92: 20 | I92: 0 | J92: =I92+H92 -> 20 | K92: 20 | L92: 15
H93: 15 | I93: 0 | J93: =I93+H93 -> 15 | K93: 15 | L93: 15
H94: 10 | I94: 20 | J94: =I94+H94 -> 30 | K94: 10 | L94: 15
H95: 5 | I95: 20 | J95: =I95+H95 -> 25 | K95: 5 | L95: 20
H96: 0 | I96: 20 | J96: =I96+H96 -> 20 | K96: 5 | L96: 20
H97: -5 | I97: 20 | J97: =I97+H97 -> 15 | K97: 5 | L97: 20
H98: -10 | I98: 20 | J98: =I98+H98 -> 10 | K98: 5 | L98: 20
H99: -15 | I99: 20 | J99: =I99+H99 -> 5 | K99: 5 | L99: 15
H100: -20 | I100: 20 | J100: =I100+H100 -> 0 | K100: 5 | L100: 10

Sheet Förutsättningar
A1: Betongkvalitet | B1: Gjuttemperatur | C1: Temperatur motgjutningsyta | D1: Värmekabel | E1: Antal värmekablar | F1: Täckning [mm] | G1: Formisolering [mm] | H1: Komentar | I1: OK under 17
A2: - | B2: - | C2: 5 | D2: 40 | E2: 1 | F2: - | G2: Plywood 15, oisolerat | H2: Fryser innan täck | I2: OK17
A3: C20/25 | B3: 10 | C3: 10 | D3: - | E3: 2 | F3: Presenning | G3: Plywood 15 cellplast 30 | H3: Når ej 6 MPa | J3: Utgångspunkt | K3: Värden
A4: C25/30 | B4: 15 | C4: 15 | E4: 3 | F4: 10 | G4: Plywood 12-19 cellplast 50 | J4: Tjocklek Vägg | K4: 200 mm
A5: C28/35 | B5: 20 | C5: 20 | E5: - | F5: 20 | G5: Plywood 12-19 cellplast 70 | J5: Tjocklek motgjutningsyta | K5: 240 mm
A6: C30/37 | B6: 25 | C6: - | F6: 30 | G6: Plywood 12-19 cellplast 100 | J6: 6 Mpa | K6: 17 Timmar
A7: C32/40 | F7: 50 | G7: Plywood 12-19 cellplast 120 | J7: Avstånd i x-led | K7: 0.1
A8: C35/45 | G8: - | J8: Avstånd i y-led | K8: 0.05
A9: C40/50 | J9: Täckning | K9: Påläggning efter 1 timme
J10: Vägghöjd | K10: 2400 mm
J17: Utomhustemperatur | K17: Väderskydd | L17: Riktig temp under | M17: Temperatur motgjutiningsyta | N17: Gjuttemperatur
J18: 20 | K18: 0 | L18: =K18+J18 -> 20 | M18: 20 | N18: 15
J19: 15 | K19: 5 | L19: =K19+J19 -> 20 | M19: 15 | N19: 15
J20: 10 | K20: 10 | L20: =K20+J20 -> 20 | M20: 10 | N20: 15
J21: 5 | K21: 15 | L21: =K21+J21 -> 20 | M21: 5 | N21: 20
J22: 0 | K22: 20 | L22: =K22+J22 -> 20 | M22: 5 | N22: 20
J23: -5 | K23: 20 | L23: =K23+J23 -> 15 | M23: 5 | N23: 20
J24: -10 | K24: 20 | L24: =K24+J24 -> 10 | M24: 5 | N24: 20
J25: -15 | K25: 20 | L25: =K25+J25 -> 5 | M25: 5 | N25: 15
J26: -20 | K26: 20 | L26: =K26+J26 -> 0 | M26: 5 | N26: 10
J29: Värmekablar | K29: 1 St | L29: 2 St | M29: 3 St
J30: Startpunkt x: | K30: 0.1 | L30: 0.025 | M30: -0.05
J31: Startpunkt y: | K31: -0.05 | L31: -0.05 | M31: -0.05
J32: Avstånd i x led | K32: 0.15 | L32: 0.15 | M32: 0.15
J33: Avstånd i x led | K33: 0.05 | L33: 0.05 | M33: 0.05
J34: Tidpunkt påslagning | K34: Direkt
